"Group","ID","Item","Guidance","Done","Notes"
"OPENSHIFT CONTAINER PLATFORM SECURITY AND COMPLIANCE > SECURITY OVERVIEW","1.1.1","Container security","A good starting point to understanding OpenShift Container Platform security is to review the concepts in Understanding container security . This and subsequent sections provide a high-level walkthrough of the container security measures available in OpenShift Container Platform, including solutions for the host layer, the container and orchestration layer, and the build and application layer. These sections also include information on the following topics: ¶ Why container security is important and how it compares with existing security standards. Which container security measures are provided by the host (RHCOS and RHEL) layer and which are provided by OpenShift Container Platform. How to evaluate your container content and sources for vulnerabilities. How to design your build and deployment process to proactively check container content. How to control access to containers through authentication and authorization. How networking and attached storage are secured in OpenShift Container Platform. Containerized solutions for API management and SSO.","",""
"OPENSHIFT CONTAINER PLATFORM SECURITY AND COMPLIANCE > SECURITY OVERVIEW","1.1.2","Auditing","OpenShift Container Platform auditing provides a security-relevant chronological set of records documenting the sequence of activities that have affected the system by individual users, administrators, or other components of the system. Administrators can configure the audit log policy and view audit logs .","",""
"OPENSHIFT CONTAINER PLATFORM SECURITY AND COMPLIANCE > SECURITY OVERVIEW","1.1.3","Certificates","Certificates are used by various components to validate access to the cluster. Administrators can replace the default ingress certificate, add API server certificates, or add a service certificate . You can also review more details about the types of certificates used by the cluster: ¶ User-provided certificates for the API server Proxy certificates Service CA certificates Node certificates Bootstrap certificates ¶ etcd certificates OLM certificates Aggregated API client certificates Machine Config Operator certificates User-provided certificates for default ingress Ingress certificates Monitoring and cluster logging Operator component certificates Control plane certificates","",""
"OPENSHIFT CONTAINER PLATFORM SECURITY AND COMPLIANCE > SECURITY OVERVIEW","1.1.4","Encrypting data","You can enable etcd encryption for your cluster to provide an additional layer of data security. For example, it can help protect the loss of sensitive data if an etcd backup is exposed to the incorrect parties.","",""
"OPENSHIFT CONTAINER PLATFORM SECURITY AND COMPLIANCE > SECURITY OVERVIEW","1.1.5","Vulnerability scanning","Administrators can use the Red Hat Quay Container Security Operator to run vulnerability scans and review information about detected vulnerabilities.","",""
"OPENSHIFT CONTAINER PLATFORM SECURITY AND COMPLIANCE > COMPLIANCE OVERVIEW","1.2.1","Compliance checking","Administrators can use the Compliance Operator to run compliance scans and recommend remediations for any issues found. The oc-compliance plugin is an OpenShift CLI (oc) plugin that provides a set of utilities to easily interact with the Compliance Operator.","",""
"OPENSHIFT CONTAINER PLATFORM SECURITY AND COMPLIANCE > COMPLIANCE OVERVIEW","1.2.2","File integrity checking","Administrators can use the File Integrity Operator to continually run file integrity checks on cluster nodes and provide a log of files that have been modified.","",""
"OPENSHIFT CONTAINER PLATFORM SECURITY AND COMPLIANCE","1.3","ADDITIONAL RESOURCES","Understanding authentication Configuring the internal OAuth server Understanding identity provider configuration Using RBAC to define and apply permissions ¶ Managing security context constraints","",""
"CONTAINER SECURITY > UNDERSTANDING CONTAINER SECURITY","2.1.1","What are containers?","Containers package an application and all its dependencies into a single image that can be promoted from development, to test, to production, without change. A container might be part of a larger application that works closely with other containers. ¶ Containers provide consistency across environments and multiple deployment targets: physical servers, virtual machines (VMs), and private or public cloud. ¶ Some of the benefits of using containers include: ¶ Infrastructure Applications Sandboxed application processes on a shared Linux Package my application and all of its dependencies operating system kernel Simpler, lighter, and denser than virtual machines Deploy to any environment in seconds and enable CI/CD Portable across different environments Easily access and share containerized components ¶ See Understanding Linux containers from the Red Hat Customer Portal to find out more about Linux containers. To learn about RHEL container tools, see Building, running, and managing containers in the RHEL product documentation.","",""
"CONTAINER SECURITY > UNDERSTANDING CONTAINER SECURITY","2.1.2","What is OpenShift Container Platform?","Automating how containerized applications are deployed, run, and managed is the job of a platform such as OpenShift Container Platform. At its core, OpenShift Container Platform relies on the Kubernetes project to provide the engine for orchestrating containers across many nodes in scalable data centers. ¶ Kubernetes is a project, which can run using different operating systems and add-on components that offer no guarantees of supportability from the project. As a result, the security of different Kubernetes platforms can vary. ¶ OpenShift Container Platform is designed to lock down Kubernetes security and integrate the platform with a variety of extended components. To do this, OpenShift Container Platform draws on the extensive Red Hat ecosystem of open source technologies that include the operating systems, authentication, storage, networking, development tools, base container images, and many other components. ¶ OpenShift Container Platform can leverage Red Hat's experience in uncovering and rapidly deploying fixes for vulnerabilities in the platform itself as well as the containerized applications running on the platform. Red Hat's experience also extends to efficiently integrating new components with OpenShift Container Platform as they become available and adapting technologies to individual customer needs. ¶ OpenShift Container Platform architecture ¶ OpenShift Security Guide","",""
"CONTAINER SECURITY > UNDERSTANDING HOST AND VM SECURITY","2.2.1","Securing containers on Red Hat Enterprise Linux CoreOS (RHCOS)","Containers simplify the act of deploying many applications to run on the same host, using the same kernel and container runtime to spin up each container. The applications can be owned by many users and, because they are kept separate, can run different, and even incompatible, versions of those applications at the same time without issue. ¶ In Linux, containers are just a special type of process, so securing containers is similar in many ways to securing any other running process. An environment for running containers starts with an operating system that can secure the host kernel from containers and other processes running on the host, as well as secure containers from each other. ¶ Because OpenShift Container Platform 4.19 runs on RHCOS hosts, with the option of using Red Hat Enterprise Linux (RHEL) as worker nodes, the following concepts apply by default to any deployed OpenShift Container Platform cluster. These RHEL security features are at the core of what makes running containers in OpenShift Container Platform more secure: ¶ Linux namespaces enable creating an abstraction of a particular global system resource to make it appear as a separate instance to processes within a namespace. Consequently, several containers can use the same computing resource simultaneously without creating a conflict. Container namespaces that are separate from the host by default include mount table, process table, network interface, user, control group, UTS, and IPC namespaces. Those containers that need direct access to host namespaces need to have elevated permissions to request that access. See Building, running, and managing containers from the RHEL 9 container documentation for details on the types of namespaces. ¶ SELinux provides an additional layer of security to keep containers isolated from each other and from the host. SELinux allows administrators to enforce mandatory access controls (MAC) for every user, application, process, and file. ¶ Disabling SELinux on RHCOS is not supported. ¶ CGroups (control groups) limit, account for, and isolate the resource usage (CPU, memory, disk I/O, network, etc.) of a collection of processes. CGroups are used to ensure that containers on the same host are not impacted by each other. ¶ Secure computing mode (seccomp) profiles can be associated with a container to restrict available system calls. See page 94 of the Red Hat OpenShift security guide for details about seccomp. ¶ Deploying containers using RHCOS reduces the attack surface by minimizing the host environment and tuning it for containers. The CRI-O container engine further reduces that attack surface by implementing only those features required by Kubernetes and OpenShift Container Platform to run and manage containers, as opposed to other container engines that implement desktop-oriented standalone features. ¶ RHCOS is a version of Red Hat Enterprise Linux (RHEL) that is specially configured to work as control plane (master) and worker nodes on OpenShift Container Platform clusters. So RHCOS is tuned to efficiently run container workloads, along with Kubernetes and OpenShift Container Platform services. ¶ To further protect RHCOS systems in OpenShift Container Platform clusters, most containers, except those managing or monitoring the host system itself, should run as a non-root user. Dropping the privilege level or creating containers with the least amount of privileges possible is recommended best practice for protecting your own OpenShift Container Platform clusters. ¶ How nodes enforce resource constraints ¶ Managing security context constraints ¶ Supported platforms for OpenShift clusters ¶ Choosing how to configure RHCOS ¶ Ignition ¶ Kernel arguments ¶ Kernel modules ¶ Disk encryption ¶ Chrony time service ¶ About the OpenShift Update Service ¶ FIPS cryptography","",""
"CONTAINER SECURITY > UNDERSTANDING HOST AND VM SECURITY","2.2.2","Comparing virtualization and containers","Traditional virtualization provides another way to keep application environments separate on the same physical host. However, virtual machines work in a different way than containers. Virtualization relies on a hypervisor spinning up guest virtual machines (VMs), each of which has its own operating system (OS), represented by a running kernel, as well as the running application and its dependencies. ¶ With VMs, the hypervisor isolates the guests from each other and from the host kernel. Fewer individuals and processes have access to the hypervisor, reducing the attack surface on the physical server. That said, security must still be monitored: one guest VM might be able to use hypervisor bugs to gain access to another VM or the host kernel. And, when the OS needs to be patched, it must be patched on all guest VMs using that OS. ¶ Containers can be run inside guest VMs, and there might be use cases where this is desirable. For ¶ Containers can be run inside guest VMs, and there might be use cases where this is desirable. For example, you might be deploying a traditional application in a container, perhaps to lift-and-shift an application to the cloud. ¶ Container separation on a single host, however, provides a more lightweight, flexible, and easier-to- scale deployment solution. This deployment model is particularly appropriate for cloud-native applications. Containers are generally much smaller than VMs and consume less memory and CPU. ¶ See Linux Containers Compared to KVM Virtualization in the RHEL 7 container documentation to learn about the differences between container and VMs.","",""
"CONTAINER SECURITY > UNDERSTANDING HOST AND VM SECURITY","2.2.3","Securing OpenShift Container Platform","When you deploy OpenShift Container Platform, you have the choice of an installer-provisioned infrastructure (there are several available platforms) or your own user-provisioned infrastructure. Some low-level security-related configuration, such as enabling FIPS mode or adding kernel modules required at first boot, might benefit from a user-provisioned infrastructure. Likewise, user-provisioned infrastructure is appropriate for disconnected OpenShift Container Platform deployments. ¶ Keep in mind that, when it comes to making security enhancements and other configuration changes to OpenShift Container Platform, the goals should include: ¶ Keeping the underlying nodes as generic as possible. You want to be able to easily throw away and spin up similar nodes quickly and in prescriptive ways. ¶ Managing modifications to nodes through OpenShift Container Platform as much as possible, rather than making direct, one-off changes to the nodes. ¶ In pursuit of those goals, most node changes should be done during installation through Ignition or later using MachineConfigs that are applied to sets of nodes by the Machine Config Operator. Examples of security-related configuration changes you can do in this way include: ¶ Adding kernel arguments ¶ Adding kernel modules ¶ Enabling support for FIPS cryptography ¶ Configuring disk encryption ¶ Configuring the chrony time service ¶ Besides the Machine Config Operator, there are several other Operators available to configure OpenShift Container Platform infrastructure that are managed by the Cluster Version Operator (CVO). The CVO is able to automate many aspects of OpenShift Container Platform cluster updates. ¶ FIPS cryptography","",""
"CONTAINER SECURITY > HARDENING RHCOS","2.3.1","Choosing what to harden in RHCOS","For information on how to approach security for any RHEL system, see the RHEL 9 Security Hardening guide. ¶ Use this guide to learn how to approach cryptography, evaluate vulnerabilities, and assess threats to various services. Likewise, you can learn how to scan for compliance standards, check file integrity, perform auditing, and encrypt storage devices. ¶ With the knowledge of what features you want to harden, you can then decide how to harden them in RHCOS.","",""
"CONTAINER SECURITY > HARDENING RHCOS","2.3.2","Choosing how to harden RHCOS","Direct modification of RHCOS systems in OpenShift Container Platform is discouraged. Instead, you should think of modifying systems in pools of nodes, such as worker nodes and control plane nodes. When a new node is needed, in non-bare metal installs, you can request a new node of the type you want and it will be created from an RHCOS image plus the modifications you created earlier. ¶ There are opportunities for modifying RHCOS before installation, during installation, and after the cluster is up and running. ¶ 2.3.2.1. Hardening before installation For bare metal installations, you can add hardening features to RHCOS before beginning the OpenShift Container Platform installation. For example, you can add kernel options when you boot the RHCOS installer to turn security features on or off, such as various SELinux booleans or low-level settings, such as symmetric multithreading. ¶ Disabling SELinux on RHCOS nodes is not supported. ¶ Although bare metal RHCOS installations are more difficult, they offer the opportunity of getting operating system changes in place before starting the OpenShift Container Platform installation. This can be important when you need to ensure that certain features, such as disk encryption or special networking settings, be set up at the earliest possible moment. ¶ 2.3.2.2. Hardening during installation You can interrupt the OpenShift Container Platform installation process and change Ignition configs. Through Ignition configs, you can add your own files and systemd services to the RHCOS nodes. You can also make some basic security-related changes to the install-config.yaml file used for installation. Contents added in this way are available at each node's first boot. ¶ 2.3.2.3. Hardening after the cluster is running After the OpenShift Container Platform cluster is up and running, there are several ways to apply hardening features to RHCOS: ¶ Daemon set: If you need a service to run on every node, you can add that service with a Kubernetes DaemonSet object. ¶ Machine config: MachineConfig objects contain a subset of Ignition configs in the same format. By applying machine configs to all worker or control plane nodes, you can ensure that the next node of the same type that is added to the cluster has the same changes applied. All of the features noted here are described in the OpenShift Container Platform product documentation. ¶ OpenShift Security Guide Choosing how to configure RHCOS Modifying Nodes Manually creating the installation configuration file Creating the Kubernetes manifest and Ignition config files Installing RHCOS by using an ISO image Customizing nodes Adding kernel arguments to nodes Optional configuration parameters Support for FIPS cryptography RHEL core crypto components","",""
"CONTAINER SECURITY > CONTAINER IMAGE SIGNATURES","2.4.1","Enabling signature verification for Red Hat Container Registries","Enabling container signature validation for Red Hat Container Registries requires writing a signature verification policy file specifying the keys to verify images from these registries. For RHEL8 nodes, the registries are already defined in /etc/containers/registries.d by default. ¶ 1. Create a Butane config file, 51-worker-rh-registry-trust.bu, containing the necessary configuration for the worker nodes. ¶ The Butane version you specify in the config file should match the OpenShift Container Platform version and always ends in 0. For example, 4.19.0. See ""Creating machine configs with Butane"" for information about Butane. ¶ variant: openshift version: 4.19.0 ¶ name: 51-worker-rh-registry-trust ¶ machineconfiguration.openshift.io/role: worker storage: ¶ files: path: /etc/containers/policy.json ¶ mode: 0644 overwrite: true contents: ¶ inline: | ""default"": [ ""type"": ""insecureAcceptAnything"" ""transports"": { ""docker"": { ""registry.access.redhat.com"": [ ""type"": ""signedBy"", ""keyType"": ""GPGKeys"", ""keyPath"": ""/etc/pki/rpm-gpg/RPM-GPG-KEY-redhat-release"" ""registry.redhat.io"": [ ¶ ""type"": ""signedBy"", ""keyType"": ""GPGKeys"", ""keyPath"": ""/etc/pki/rpm-gpg/RPM-GPG-KEY-redhat-release"" ""docker-daemon"": { """": [ ""type"": ""insecureAcceptAnything"" ¶ 2. Use Butane to generate a machine config YAML file, 51-worker-rh-registry-trust.yaml, containing the file to be written to disk on the worker nodes: ¶ $ butane 51-worker-rh-registry-trust.bu -o 51-worker-rh-registry-trust.yaml ¶ 3. Apply the created machine config: $ oc apply -f 51-worker-rh-registry-trust.yaml ¶ 4. Check that the worker machine config pool has rolled out with the new machine config: a. Check that the new machine config was created: $ oc get mc ¶ Sample output ¶ NAME GENERATEDBYCONTROLLER ¶ IGNITIONVERSION AGE ¶ 00-master a2178ad522c49ee330b0033bb5cb5ea132060b0a ¶ 3.5.0 25m ¶ 00-worker a2178ad522c49ee330b0033bb5cb5ea132060b0a ¶ 3.5.0 25m ¶ 01-master-container-runtime ¶ a2178ad522c49ee330b0033bb5cb5ea132060b0a 3.5.0 25m ¶ 01-master-kubelet a2178ad522c49ee330b0033bb5cb5ea132060b0a ¶ 3.5.0 25m ¶ 01-worker-container-runtime ¶ a2178ad522c49ee330b0033bb5cb5ea132060b0a 3.5.0 25m ¶ 01-worker-kubelet a2178ad522c49ee330b0033bb5cb5ea132060b0a ¶ 3.5.0 25m ¶ 51-master-rh-registry-trust 3.5.0 13s ¶ 51-worker-rh-registry-trust 3.5.0 53s 1 ¶ 99-master-generated-crio-seccomp-use-default 3.5.0 ¶ 25m ¶ 99-master-generated-registries ¶ a2178ad522c49ee330b0033bb5cb5ea132060b0a 3.5.0 25m ¶ 99-master-ssh 3.2.0 28m ¶ OpenShift Container Platform 4.19 Security and compliance 25m 3.5.0 3.2.0 28m 99-worker-generated-crio-seccomp-use-default 8s 25m 24m 99-worker-generated-registries 24m a2178ad522c49ee330b0033bb5cb5ea132060b0a 3.5.0 99-worker-ssh 48s 2 rendered-master-af1e7ff78da0a9c851bab4be2777773b a2178ad522c49ee330b0033bb5cb5ea132060b0a 3.5.0 rendered-master-cd51fd0c47e91812bfef2765c52ec7e6 a2178ad522c49ee330b0033bb5cb5ea132060b0a 3.5.0 rendered-worker-2b52f75684fbc711bd1652dd86fd0b82 a2178ad522c49ee330b0033bb5cb5ea132060b0a 3.5.0 rendered-worker-be3b3bce4f4aa52a62902304bac9da3c a2178ad522c49ee330b0033bb5cb5ea132060b0a 3.5.0 ¶ 1 New machine config ¶ 2 New rendered machine config ¶ b. Check that the worker machine config pool is updating with the new machine config: $ oc get mcp ¶ Sample output ¶ NAME CONFIG UPDATED UPDATING DEGRADED ¶ MACHINECOUNT READYMACHINECOUNT UPDATEDMACHINECOUNT ¶ DEGRADEDMACHINECOUNT AGE ¶ master rendered-master-af1e7ff78da0a9c851bab4be2777773b True False ¶ False 3 3 3 0 30m ¶ worker rendered-worker-be3b3bce4f4aa52a62902304bac9da3c False True ¶ False 3 0 0 0 30m 1 ¶ 1 When the UPDATING field is True, the machine config pool is updating with the new machine config. When the field becomes False, the worker machine config pool has ¶ rolled out to the new machine config. ¶ 5. If your cluster uses any RHEL7 worker nodes, when the worker machine config pool is updated, create YAML files on those nodes in the /etc/containers/registries.d directory, which specify the location of the detached signatures for a given registry server. The following example works only for images hosted in registry.access.redhat.com and registry.redhat.io. a. Start a debug session to each RHEL7 worker node: ¶ $ oc debug node/<node_name> ¶ b. Change your root directory to /host: ¶ sh-4.2# chroot /host ¶ c. Create a /etc/containers/registries.d/registry.redhat.io.yaml file that contains the following: ¶ docker: registry.redhat.io: sigstore: https://registry.redhat.io/containers/sigstore ¶ d. Create a /etc/containers/registries.d/registry.access.redhat.com.yaml file that contains the following: ¶ docker: registry.access.redhat.com: sigstore: https://access.redhat.com/webassets/docker/content/sigstore ¶ e. Exit the debug session.","",""
"CONTAINER SECURITY > CONTAINER IMAGE SIGNATURES","2.4.2","Verifying the signature verification configuration","After you apply the machine configs to the cluster, the Machine Config Controller detects the new MachineConfig object and generates a new rendered-worker-<hash> version. ¶ You enabled signature verification by using a machine config file. ¶ 1. On the command line, run the following command to display information about a desired worker: $ oc describe machineconfigpool/worker ¶ Example output of initial worker monitoring ¶ Name: worker ¶ Namespace: ¶ Labels: machineconfiguration.openshift.io/mco-built-in= ¶ Annotations: <none> ¶ API Version: machineconfiguration.openshift.io/v1 ¶ Kind: MachineConfigPool ¶ Metadata: ¶ Creation Timestamp: 2019-12-19T02:02:12Z ¶ Generation: 3 ¶ Resource Version: 16229 ¶ Self Link: /apis/machineconfiguration.openshift.io/v1/machineconfigpools/worker ¶ UID: 92697796-2203-11ea-b48c-fa163e3940e5 ¶ Configuration: ¶ Name: rendered-worker-f6819366eb455a401c42f8d96ab25c02 ¶ Source: ¶ API Version: machineconfiguration.openshift.io/v1 ¶ Kind: MachineConfig ¶ Name: 00-worker ¶ API Version: machineconfiguration.openshift.io/v1 ¶ Kind: MachineConfig ¶ Name: 01-worker-container-runtime ¶ API Version: machineconfiguration.openshift.io/v1 ¶ Kind: MachineConfig ¶ Name: 01-worker-kubelet ¶ API Version: machineconfiguration.openshift.io/v1 ¶ Kind: MachineConfig ¶ Name: 51-worker-rh-registry-trust ¶ API Version: machineconfiguration.openshift.io/v1 ¶ Kind: MachineConfig ¶ Name: 99-worker-92697796-2203-11ea-b48c-fa163e3940e5-registries ¶ API Version: machineconfiguration.openshift.io/v1 ¶ Kind: MachineConfig ¶ Name: 99-worker-ssh ¶ Machine Config Selector: ¶ Match Labels: ¶ machineconfiguration.openshift.io/role: worker ¶ Node Selector: ¶ Match Labels: ¶ node-role.kubernetes.io/worker: ¶ Paused: false ¶ Status: ¶ Conditions: ¶ Last Transition Time: 2019-12-19T02:03:27Z ¶ Message: ¶ Reason: ¶ Status: False ¶ Type: RenderDegraded ¶ Last Transition Time: 2019-12-19T02:03:43Z ¶ Message: ¶ Reason: ¶ Status: False ¶ Type: NodeDegraded ¶ Last Transition Time: 2019-12-19T02:03:43Z ¶ Message: ¶ Reason: ¶ Status: False ¶ Type: Degraded ¶ Last Transition Time: 2019-12-19T02:28:23Z ¶ Message: ¶ Reason: ¶ Status: False ¶ Type: Updated ¶ Last Transition Time: 2019-12-19T02:28:23Z ¶ Message: All nodes are updating to rendered-worker- ¶ f6819366eb455a401c42f8d96ab25c02 ¶ Reason: ¶ Status: True ¶ Type: Updating ¶ Configuration: ¶ Name: rendered-worker-d9b3f4ffcfd65c30dcf591a0e8cf9b2e ¶ Source: ¶ API Version: machineconfiguration.openshift.io/v1 ¶ Kind: MachineConfig ¶ Name: 00-worker ¶ API Version: machineconfiguration.openshift.io/v1 ¶ Kind: MachineConfig ¶ Name: 01-worker-container-runtime ¶ API Version: machineconfiguration.openshift.io/v1 ¶ Kind: MachineConfig ¶ Name: 01-worker-kubelet ¶ Name: 99-worker-92697796-2203-11ea-b48c-fa163e3940e5-registries ¶ Name: 99-worker-ssh ¶ Degraded Machine Count: 0 ¶ Machine Count: 1 ¶ Observed Generation: 3 ¶ Ready Machine Count: 0 ¶ Unavailable Machine Count: 1 ¶ Updated Machine Count: 0 ¶ Events: <none> ¶ 2. Run the oc describe command again: $ oc describe machineconfigpool/worker ¶ Example output after the worker is updated ¶ Last Transition Time: 2019-12-19T04:53:09Z ¶ Message: All nodes are updated with rendered-worker- ¶ f6819366eb455a401c42f8d96ab25c02 ¶ Reason: ¶ Status: True ¶ Type: Updated ¶ Last Transition Time: 2019-12-19T04:53:09Z ¶ Message: ¶ Reason: ¶ Status: False ¶ Type: Updating ¶ Configuration: ¶ Name: rendered-worker-f6819366eb455a401c42f8d96ab25c02 ¶ Source: ¶ Name: 00-worker ¶ Name: 01-worker-container-runtime ¶ Name: 01-worker-kubelet ¶ Name: 51-worker-rh-registry-trust ¶ Name: 99-worker-92697796-2203-11ea-b48c-fa163e3940e5-registries ¶ Name: 99-worker-ssh ¶ Degraded Machine Count: 0 ¶ Machine Count: 3 ¶ Observed Generation: 4 ¶ Ready Machine Count: 3 ¶ Unavailable Machine Count: 0 ¶ Updated Machine Count: 3 ¶ The Observed Generation parameter shows an increased count based on the generation of the controller-produced configuration. This controller updates this value even if it fails to process the specification and generate a revision. The Configuration Source value points to the 51-worker-rh-registry-trust configuration. ¶ 3. Confirm that the policy.json file exists with the following command: ¶ $ oc debug node/<node> -- chroot /host cat /etc/containers/policy.json ¶ Starting pod/<node>-debug ... To use host binaries, run `chroot /host` ¶ ""default"": [ ""type"": ""insecureAcceptAnything"" ¶ ""transports"": { ¶ ""docker"": { ""registry.access.redhat.com"": [ ""type"": ""signedBy"", ""keyType"": ""GPGKeys"", ""keyPath"": ""/etc/pki/rpm-gpg/RPM-GPG-KEY-redhat-release"" ""registry.redhat.io"": [ ""type"": ""signedBy"", ""keyType"": ""GPGKeys"", ""keyPath"": ""/etc/pki/rpm-gpg/RPM-GPG-KEY-redhat-release"" ¶ ""docker-daemon"": { ¶ """": [ ""type"": ""insecureAcceptAnything"" ¶ 4. Confirm that the registry.redhat.io.yaml file exists with the following command: ¶ $ oc debug node/<node> -- chroot /host cat /etc/containers/registries.d/registry.redhat.io.yaml ¶ Starting pod/<node>-debug ... To use host binaries, run `chroot /host` docker: ¶ registry.redhat.io: sigstore: https://registry.redhat.io/containers/sigstore ¶ 5. Confirm that the registry.access.redhat.com.yaml file exists with the following command: ¶ $ oc debug node/<node> -- chroot /host cat /etc/containers/registries.d/registry.access.redhat.com.yaml ¶ Starting pod/<node>-debug ... To use host binaries, run `chroot /host` docker: ¶ registry.access.redhat.com: sigstore: https://access.redhat.com/webassets/docker/content/sigstore ¶ 2.4.3. Understanding the verification of container images lacking verifiable signatures ¶ Each OpenShift Container Platform release image is immutable and signed with a Red Hat production key. During an OpenShift Container Platform update or installation, a release image might deploy container images that do not have verifiable signatures. Each signed release image digest is immutable. Each reference in the release image is to the immutable digest of another image, so the contents can be trusted transitively. In other words, the signature on the release image validates all release contents. ¶ For example, the image references lacking a verifiable signature are contained in the signed OpenShift Container Platform release image: ¶ Example release info output ¶ $ oc adm release info quay.io/openshift-release-dev/ocp- release@sha256:2309578b68c5666dad62aed696f1f9d778ae1a089ee461060ba7b9514b7ca417 -o pullspec 1 quay.io/openshift-release-dev/ocp-v4.0-art- dev@sha256:9aafb914d5d7d0dec4edd800d02f811d7383a7d49e500af548eab5d00c1bffdb 2 ¶ 1 Signed release image SHA. ¶ 2 Container image lacking a verifiable signature included in the release. ¶ 2.4.3.1. Automated verification during updates Verification of signatures is automatic. The OpenShift Cluster Version Operator (CVO) verifies signatures on the release images during an OpenShift Container Platform update. This is an internal process. An OpenShift Container Platform installation or update fails if the automated verification fails. Verification of signatures can also be done manually using the skopeo command-line utility. ¶ Introduction to OpenShift Updates ¶ 2.4.3.2. Using skopeo to verify signatures of Red Hat container images You can verify the signatures for container images included in an OpenShift Container Platform release image by pulling those signatures from OCP release mirror site . Because the signatures on the mirror site are not in a format readily understood by Podman or CRI-O, you can use the skopeo standalone- verify command to verify that the your release images are signed by Red Hat. ¶ You have installed the skopeo command-line utility. ¶ 1. Get the full SHA for your release by running the following command: ¶ $ oc adm release info <release_version> \ 1 ¶ 1 Substitute <release_version> with your release number, for example, 4.14.3. ¶ Example output snippet Pull From: quay.io/openshift-release-dev/ocp- release@sha256:e73ab4b33a9c3ff00c9f800a38d69853ca0c4dfa5a88e3df331f66df8f18ec55 ¶ 2. Pull down the Red Hat release key by running the following command: $ curl -o pub.key https://access.redhat.com/security/data/fd431d51.txt ¶ 3. Get the signature file for the specific release that you want to verify by running the following $ curl -o signature-1 https://mirror.openshift.com/pub/openshift-v4/signatures/openshift- release-dev/ocp-release/sha256=<sha_from_version>/signature-1 \ 1 ¶ 1 Replace <sha_from_version> with SHA value from the full link to the mirror site that matches the SHA of your release. For example, the link to the signature for the 4.12.23 ¶ 4. Get the manifest for the release image by running the following command: $ skopeo inspect --raw docker://<quay_link_to_release> > manifest.json \ 1 ¶ 1 Replace <quay_link_to_release> with the output of the oc adm release info command. For example, quay.io/openshift-release-dev/ocp- release@sha256:e73ab4b33a9c3ff00c9f800a38d69853ca0c4dfa5a88e3df331f66df8f18 ec55. ¶ 5. Use skopeo to verify the signature: $ skopeo standalone-verify manifest.json quay.io/openshift-release-dev/ocp-release: <release_number>-<arch> any signature-1 --public-key-file pub.key ¶ <release_number> ¶ Specifies the release number, for example 4.14.3. <arch> ¶ Specifies the architecture, for example x86_64. ¶ Signature verified using fingerprint 567E347AD0044ADE55BA8A5F199E2F91FD431D51, digest sha256:e73ab4b33a9c3ff00c9f800a38d69853ca0c4dfa5a88e3df331f66df8f18ec55","",""
"CONTAINER SECURITY > CONTAINER IMAGE SIGNATURES","2.4.4","Additional resources","Machine Config Overview","",""
"CONTAINER SECURITY > UNDERSTANDING COMPLIANCE","2.5.1","Understanding compliance and risk management","FIPS compliance is one of the most critical components required in highly secure environments, to ensure that only supported cryptographic technologies are allowed on nodes. ¶ To enable FIPS mode for your cluster, you must run the installation program from a Red Hat Enterprise Linux (RHEL) computer configured to operate in FIPS mode. For more information about configuring FIPS mode on RHEL, see Switching RHEL to FIPS mode. ¶ When running Red Hat Enterprise Linux (RHEL) or Red Hat Enterprise Linux CoreOS (RHCOS) booted in FIPS mode, OpenShift Container Platform core components use the RHEL cryptographic libraries that have been submitted to NIST for FIPS 140-2/140-3 Validation on only the x86_64, ppc64le, and s390x architectures. ¶ To understand Red Hat's view of OpenShift Container Platform compliance frameworks, refer to the Risk Management and Regulatory Readiness chapter of the OpenShift Security Guide Book . ¶ Installing a cluster in FIPS mode","",""
"CONTAINER SECURITY > SECURING CONTAINER CONTENT","2.6.1","Securing inside the container","Applications and infrastructures are composed of readily available components, many of which are open source packages such as, the Linux operating system, JBoss Web Server, PostgreSQL, and Node.js. ¶ Containerized versions of these packages are also available. However, you need to know where the packages originally came from, what versions are used, who built them, and whether there is any malicious code inside them. ¶ Some questions to answer include: ¶ Will what is inside the containers compromise your infrastructure? ¶ Are there known vulnerabilities in the application layer? ¶ Are the runtime and operating system layers current? ¶ By building your containers from Red Hat Universal Base Images (UBI) you are assured of a foundation for your container images that consists of the same RPM-packaged software that is included in Red Hat Enterprise Linux. No subscriptions are required to either use or redistribute UBI images. ¶ To assure ongoing security of the containers themselves, security scanning features, used directly from RHEL or added to OpenShift Container Platform, can alert you when an image you are using has vulnerabilities. OpenSCAP image scanning is available in RHEL and the Red Hat Quay Container Security Operator can be added to check container images used in OpenShift Container Platform.","",""
"CONTAINER SECURITY > SECURING CONTAINER CONTENT","2.6.2","Creating redistributable images with UBI","To create containerized applications, you typically start with a trusted base image that offers the ¶ To create containerized applications, you typically start with a trusted base image that offers the components that are usually provided by the operating system. These include the libraries, utilities, and other features the application expects to see in the operating system's file system. ¶ Red Hat Universal Base Images (UBI) were created to encourage anyone building their own containers to start with one that is made entirely from Red Hat Enterprise Linux rpm packages and other content. These UBI images are updated regularly to keep up with security patches and free to use and redistribute with container images built to include your own software. ¶ Search the Red Hat Ecosystem Catalog to both find and check the health of different UBI images. As someone creating secure container images, you might be interested in these two general types of UBI images: ¶ UBI: There are standard UBI images for RHEL 7, 8, and 9 ( ubi7/ubi, ubi8/ubi, and ubi9/ubi), as well as minimal images based on those systems (ubi7/ubi-minimal, ubi8/ubi-mimimal, and ubi9/ubi-minimal). All of these images are preconfigured to point to free repositories of RHEL software that you can add to the container images you build, using standard yum and dnf commands. ¶ Red Hat encourages people to use these images on other distributions, such as Fedora and Ubuntu. ¶ Red Hat Software Collections: Search the Red Hat Ecosystem Catalog for rhscl/ to find images created to use as base images for specific types of applications. For example, there are Apache httpd (rhscl/httpd-*), Python (rhscl/python-*), Ruby (rhscl/ruby-*), Node.js (rhscl/nodejs-*) and Perl (rhscl/perl-*) rhscl images. ¶ Keep in mind that while UBI images are freely available and redistributable, Red Hat support for these images is only available through Red Hat product subscriptions. ¶ See Using Red Hat Universal Base Images in the Red Hat Enterprise Linux documentation for information on how to use and build on standard, minimal and init UBI images.","",""
"CONTAINER SECURITY > SECURING CONTAINER CONTENT > Security scanning in RHEL","2.6.3.1","Scanning OpenShift images","For the container images that are running in OpenShift Container Platform and are pulled from Red Hat Quay registries, you can use an Operator to list the vulnerabilities of those images. The Red Hat Quay Container Security Operator can be added to OpenShift Container Platform to provide vulnerability reporting for images added to selected namespaces. ¶ Container image scanning for Red Hat Quay is performed by the Clair. In Red Hat Quay, Clair can search ¶ Container image scanning for Red Hat Quay is performed by the Clair. In Red Hat Quay, Clair can search for and report vulnerabilities in images built from RHEL, CentOS, Oracle, Alpine, Debian, and Ubuntu operating system software.","",""
"CONTAINER SECURITY > SECURING CONTAINER CONTENT > Integrating external scanning > Image metadata","2.6.4.1.1","Example annotation keys","quality.images.openshift.io/vulnerability.blackduck: {} quality.images.openshift.io/vulnerability.jfrog: {} quality.images.openshift.io/license.blackduck: {} quality.images.openshift.io/vulnerability.openscap: {} ¶ The value of the image quality annotation is structured data that must adhere to the following format: ¶ Field Required? Description Type ¶ name Yes Provider display name String ¶ timestamp Yes Scan timestamp String ¶ Field Required? Description Type description No reference Yes Short description String ¶ URL of information String source or more details. Required so user may validate the data. ¶ scannerVersion No Scanner version String ¶ compliant No Compliance pass or fail Boolean ¶ summary No Summary of issues List (see table below) found ¶ The summary field must adhere to the following format: ¶ Field Description Type ¶ label Display label for component (for String example, ""critical,"" ""important,"" ""moderate,"" ""low,"" or ""health"") ¶ data Data for this component (for String example, count of vulnerabilities found or score) ¶ severityIndex Component index allowing for Integer ordering and assigning graphical representation. The value is range 0..3 where 0 = low. ¶ reference URL of information source or String more details. Optional.","",""
"CONTAINER SECURITY > SECURING CONTAINER CONTENT > Integrating external scanning > Image metadata","2.6.4.1.2","Example annotation values","This example shows an OpenSCAP annotation for an image with vulnerability summary data and a compliance boolean: ¶ OpenSCAP annotation ¶ ""name"": ""OpenSCAP"", ""description"": ""OpenSCAP vulnerability score"", ""timestamp"": ""2016-09-08T05:04:46Z"", ""reference"": ""https://www.open-scap.org/930492"", ¶ ""compliant"": true, ""scannerVersion"": ""1.2"", ""summary"": [ ¶ { ""label"": ""critical"", ""data"": ""4"", ""severityIndex"": 3, ""reference"": null }, { ""label"": ""important"", ""data"": ""12"", ""severityIndex"": 2, ""reference"": null }, { ""label"": ""moderate"", ""data"": ""8"", ""severityIndex"": 1, ""reference"": null }, { ""label"": ""low"", ""data"": ""26"", ""severityIndex"": 0, ""reference"": null } ¶ This example shows the Container images section of the Red Hat Ecosystem Catalog annotation for an image with health index data with an external URL for additional details: ¶ Red Hat Ecosystem Catalog annotation ¶ ""name"": ""Red Hat Ecosystem Catalog"", ""description"": ""Container health index"", ""timestamp"": ""2016-09-08T05:04:46Z"", ""reference"": ""https://access.redhat.com/errata/RHBA-2016:1566"", ""compliant"": null, ""scannerVersion"": ""1.2"", ""summary"": [ { ""label"": ""Health index"", ""data"": ""B"", ""severityIndex"": 1, ""reference"": null }","",""
"CONTAINER SECURITY > SECURING CONTAINER CONTENT > Integrating external scanning > Annotating image objects","2.6.4.2.1","Example annotate CLI command","Replace <image> with an image digest, for example sha256:401e359e0f45bfdcf004e258b72e253fd07fba8cc5c6f2ed4f4608fb119ecc2: ¶ $ oc annotate image <image> \ quality.images.openshift.io/vulnerability.redhatcatalog='{ \ ""name"": ""Red Hat Ecosystem Catalog"", \ ""description"": ""Container health index"", \ ""timestamp"": ""2020-06-01T05:04:46Z"", \ ""compliant"": null, \ ""scannerVersion"": ""1.2"", \ ""reference"": ""https://access.redhat.com/errata/RHBA-2020:2347"", \ ""summary"": ""[ \ { ""label"": ""Health index"", ""data"": ""B"", ""severityIndex"": 1, ""reference"": null } ]"" }'","",""
"CONTAINER SECURITY > SECURING CONTAINER CONTENT > Integrating external scanning > Controlling pod execution","2.6.4.3.1","Example annotation","images.openshift.io/deny-execution: true","",""
"CONTAINER SECURITY > SECURING CONTAINER CONTENT > Integrating external scanning > Integration reference","2.6.4.4.1","Example REST API call","The following example call using curl overrides the value of the annotation. Be sure to replace the values for <token>, <openshift_server>, <image_id>, and <image_annotation>. ¶ Patch API call ¶ $ curl -X PATCH \ H ""Authorization: Bearer <token>"" \ H ""Content-Type: application/merge-patch+json"" \ https://<openshift_server>:6443/apis/image.openshift.io/v1/images/<image_id> \ -data '{ <image_annotation> }' ¶ The following is an example of PATCH payload data: ¶ Patch call data ¶ ""metadata"": { ¶ ""annotations"": { ""quality.images.openshift.io/vulnerability.redhatcatalog"": ""{ 'name': 'Red Hat Ecosystem Catalog', 'description': 'Container health index', 'timestamp': '2020- ¶ 06-01T05:04:46Z', 'compliant': null, 'reference': 'https://access.redhat.com/errata/RHBA-2020:2347', 'summary': [{'label': 'Health index', 'data': '4', 'severityIndex': 1, 'reference': null}] }"" ¶ Image stream objects","",""
"CONTAINER SECURITY > USING CONTAINER REGISTRIES SECURELY","2.7.1","Knowing where containers come from?","There are tools you can use to scan and track the contents of your downloaded and deployed container images. However, there are many public sources of container images. When using public container registries, you can add a layer of protection by using trusted sources.","",""
"CONTAINER SECURITY > USING CONTAINER REGISTRIES SECURELY","2.7.2","Immutable and certified containers","Consuming security updates is particularly important when managing immutable containers. Immutable containers are containers that will never be changed while running. When you deploy immutable containers, you do not step into the running container to replace one or more binaries. From an operational standpoint, you rebuild and redeploy an updated container image to replace a container instead of changing it. ¶ Red Hat certified images are: ¶ Free of known vulnerabilities in the platform components or layers ¶ Compatible across the RHEL platforms, from bare metal to cloud ¶ Supported by Red Hat ¶ The list of known vulnerabilities is constantly evolving, so you must track the contents of your deployed container images, as well as newly downloaded images, over time. You can use Red Hat Security Advisories (RHSAs) to alert you to any newly discovered issues in Red Hat certified container images, and direct you to the updated image. Alternatively, you can go to the Red Hat Ecosystem Catalog to look up that and other security-related issues for each Red Hat image.","",""
"CONTAINER SECURITY > USING CONTAINER REGISTRIES SECURELY","2.7.3","Getting containers from Red Hat Registry and Ecosystem Catalog","Red Hat lists certified container images for Red Hat products and partner offerings from the Container Images section of the Red Hat Ecosystem Catalog. From that catalog, you can see details of each image, including CVE, software packages listings, and health scores. ¶ Red Hat images are actually stored in what is referred to as the Red Hat Registry , which is represented by a public container registry (registry.access.redhat.com) and an authenticated registry (registry.redhat.io). Both include basically the same set of container images, with registry.redhat.io including some additional images that require authentication with Red Hat subscription credentials. ¶ Container content is monitored for vulnerabilities by Red Hat and updated regularly. When Red Hat releases security updates, such as fixes to glibc, DROWN, or Dirty Cow, any affected container images are also rebuilt and pushed to the Red Hat Registry. ¶ Red Hat uses a health index to reflect the security risk for each container provided through the Red ¶ Red Hat uses a health index to reflect the security risk for each container provided through the Red Hat Ecosystem Catalog. Because containers consume software provided by Red Hat and the errata process, old, stale containers are insecure whereas new, fresh containers are more secure. ¶ To illustrate the age of containers, the Red Hat Ecosystem Catalog uses a grading system. A freshness grade is a measure of the oldest and most severe security errata available for an image. ""A"" is more up to date than ""F"". See Container Health Index grades as used inside the Red Hat Ecosystem Catalog for more details on this grading system. ¶ See the Red Hat Product Security Center for details on security updates and vulnerabilities related to Red Hat software. Check out Red Hat Security Advisories to search for specific advisories and CVEs.","",""
"CONTAINER SECURITY > USING CONTAINER REGISTRIES SECURELY","2.7.4","OpenShift Container Registry","OpenShift Container Platform includes the OpenShift Container Registry , a private registry running as an integrated component of the platform that you can use to manage your container images. The OpenShift Container Registry provides role-based access controls that allow you to manage who can pull and push which container images. ¶ OpenShift Container Platform also supports integration with other private registries that you might already be using, such as Red Hat Quay. ¶ Integrated OpenShift image registry","",""
"CONTAINER SECURITY > USING CONTAINER REGISTRIES SECURELY","2.7.5","Storing containers using Red Hat Quay","Red Hat Quay is an enterprise-quality container registry product from Red Hat. Development for Red Hat Quay is done through the upstream Project Quay. Red Hat Quay is available to deploy on- premise or through the hosted version of Red Hat Quay at Quay.io. ¶ Security-related features of Red Hat Quay include: ¶ Time machine: Allows images with older tags to expire after a set period of time or based on a user-selected expiration time. ¶ Repository mirroring: Lets you mirror other registries for security reasons, such hosting a public repository on Red Hat Quay behind a company firewall, or for performance reasons, to keep registries closer to where they are used. ¶ Action log storage: Save Red Hat Quay logging output to Elasticsearch storage or Splunk to allow for later search and analysis. ¶ Clair: Scan images against a variety of Linux vulnerability databases, based on the origins of each container image. ¶ Internal authentication: Use the default local database to handle RBAC authentication to Red Hat Quay or choose from LDAP, Keystone (OpenStack), JWT Custom Authentication, or External Application Token authentication. ¶ External authorization (OAuth): Allow authorization to Red Hat Quay from GitHub, GitHub Enterprise, or Google Authentication. ¶ Access settings: Generate tokens to allow access to Red Hat Quay from docker, rkt, ¶ Access settings: Generate tokens to allow access to Red Hat Quay from docker, rkt, anonymous access, user-created accounts, encrypted client passwords, or prefix username autocompletion. ¶ Ongoing integration of Red Hat Quay with OpenShift Container Platform continues, with several OpenShift Container Platform Operators of particular interest. The Quay Bridge Operator lets you replace the internal OpenShift image registry with Red Hat Quay. The Red Hat Quay Container Security Operator lets you check vulnerabilities of images running in OpenShift Container Platform that were pulled from Red Hat Quay registries.","",""
"CONTAINER SECURITY > SECURING THE BUILD PROCESS","2.8.1","Building once, deploying everywhere","Using OpenShift Container Platform as the standard platform for container builds enables you to guarantee the security of the build environment. Adhering to a ""build once, deploy everywhere"" philosophy ensures that the product of the build process is exactly what is deployed in production. It is also important to maintain the immutability of your containers. You should not patch running containers, but rebuild and redeploy them. As your software moves through the stages of building, testing, and production, it is important that the tools making up your software supply chain be trusted. The following figure illustrates the process and tools that could be incorporated into a trusted software supply chain for containerized software: ¶ OpenShift Container Platform can be integrated with trusted code repositories (such as GitHub) and development platforms (such as Che) for creating and managing secure code. Unit testing could rely on Cucumber and JUnit. You can inspect your containers for vulnerabilities and configuration issues at build, deploy, or runtime with Red Hat Advanced Cluster Security for Kubernetes . For images stored in Quay, you can use the Clair scanner to inspect images at rest. In addition, there are certified vulnerability scanners available in the Red Hat ecosystem catalog. ¶ Tools such as Sysdig can provide ongoing monitoring of your containerized applications.","",""
"CONTAINER SECURITY > SECURING THE BUILD PROCESS","2.8.2","Managing builds","You can use Source-to-Image (S2I) to combine source code and base images. Builder images make use of S2I to enable your development and operations teams to collaborate on a reproducible build environment. With Red Hat S2I images available as Universal Base Image (UBI) images, you can now freely redistribute your software with base images built from real RHEL RPM packages. Red Hat has removed subscription restrictions to allow this. When developers commit code with Git for an application using build images, OpenShift Container Platform can perform the following functions: ¶ Trigger, either by using webhooks on the code repository or other automated continuous integration (CI) process, to automatically assemble a new image from available artifacts, the S2I builder image, and the newly committed code. Automatically deploy the newly built image for testing. Promote the tested image to production where it can be automatically deployed using a CI process. ¶ You can use the integrated OpenShift Container Registry to manage access to final images. Both S2I and native build images are automatically pushed to your OpenShift Container Registry. In addition to the included Jenkins for CI, you can also integrate your own build and CI environment with OpenShift Container Platform using RESTful APIs, as well as use any API-compliant image registry.","",""
"CONTAINER SECURITY > SECURING THE BUILD PROCESS","2.8.3","Securing inputs during builds","In some scenarios, build operations require credentials to access dependent resources, but it is ¶ In some scenarios, build operations require credentials to access dependent resources, but it is undesirable for those credentials to be available in the final application image produced by the build. You can define input secrets for this purpose. For example, when building a Node.js application, you can set up your private mirror for Node.js modules. To download modules from that private mirror, you must supply a custom .npmrc file for the build that contains a URL, user name, and password. For security reasons, you do not want to expose your credentials in the application image. Using this example scenario, you can add an input secret to a new BuildConfig object. ¶ 1. Create the secret, if it does not exist: $ oc create secret generic secret-npmrc --from-file=.npmrc=~/.npmrc This creates a new secret named secret-npmrc, which contains the base64 encoded content of the ~/.npmrc file. ¶ 2. Add the secret to the source section in the existing BuildConfig object: source: git: uri: https://github.com/sclorg/nodejs-ex.git secrets: destinationDir: . secret: name: secret-npmrc ¶ 3. To include the secret in a new BuildConfig object, run the following command: $ oc new-build \ openshift/nodejs-010-centos7~https://github.com/sclorg/nodejs-ex.git \ -build-secret secret-npmrc","",""
"CONTAINER SECURITY > SECURING THE BUILD PROCESS","2.8.4","Designing your build process","You can design your container image management and build process to use container layers so that you can separate control. ¶ For example, an operations team manages base images, while architects manage middleware, runtimes, databases, and other solutions. Developers can then focus on application layers and focus on writing code. Because new vulnerabilities are identified daily, you need to proactively check container content over time. To do this, you should integrate automated security testing into your build or CI process. For example: ¶ SAST / DAST - Static and Dynamic security testing tools. Scanners for real-time checking against known vulnerabilities. Tools like these catalog the open source packages in your container, notify you of any known vulnerabilities, and update you when new vulnerabilities are discovered in previously scanned packages. Your CI process should include policies that flag builds with issues discovered by security scans so that your team can take appropriate action to address those issues. You should sign your custom built containers to ensure that nothing is tampered with between build and deployment. Using GitOps methodology, you can use the same CI/CD mechanisms to manage not only your application configurations, but also your OpenShift Container Platform infrastructure.","",""
"CONTAINER SECURITY > SECURING THE BUILD PROCESS","2.8.5","Building Knative serverless applications","Relying on Kubernetes and Kourier, you can build, deploy, and manage serverless applications by using OpenShift Serverless in OpenShift Container Platform. As with other builds, you can use S2I images to build your containers, then serve them using Knative services. View Knative application builds through the Topology view of the OpenShift Container Platform web console.","",""
"CONTAINER SECURITY > SECURING THE BUILD PROCESS","2.8.6","Additional resources","Understanding image builds Triggering and modifying builds Creating build inputs ¶ Input secrets and config maps OpenShift Serverless overview Viewing application composition using the Topology view","",""
"CONTAINER SECURITY > DEPLOYING CONTAINERS","2.9.1","Controlling container deployments with triggers","If something happens during the build process, or if a vulnerability is discovered after an image has been deployed, you can use tooling for automated, policy-based deployment to remediate. You can use triggers to rebuild and replace images, ensuring the immutable containers process, instead of patching running containers, which is not recommended. ¶ For example, you build an application using three container image layers: core, middleware, and applications. An issue is discovered in the core image and that image is rebuilt. After the build is complete, the image is pushed to your OpenShift Container Registry. OpenShift Container Platform detects that the image has changed and automatically rebuilds and deploys the application image, based on the defined triggers. This change incorporates the fixed libraries and ensures that the production code is identical to the most current image. ¶ You can use the oc set triggers command to set a deployment trigger. For example, to set a trigger for a deployment called deployment-example: ¶ $ oc set triggers deploy/deployment-example \ -from-image=example:latest \ -containers=web","",""
"CONTAINER SECURITY > DEPLOYING CONTAINERS","2.9.2","Controlling what image sources can be deployed","It is important that the intended images are actually being deployed, that the images including the contained content are from trusted sources, and they have not been altered. Cryptographic signing provides this assurance. OpenShift Container Platform enables cluster administrators to apply security policy that is broad or narrow, reflecting deployment environment and security requirements. Two parameters define this policy: ¶ one or more registries, with optional project namespace ¶ trust type, such as accept, reject, or require public key(s) ¶ You can use these policy parameters to allow, deny, or require a trust relationship for entire registries, parts of registries, or individual images. Using trusted public keys, you can ensure that the source is cryptographically verified. The policy rules apply to nodes. Policy may be applied uniformly across all nodes or targeted for different node workloads (for example, build, zone, or environment). ¶ Example image signature policy file ¶ ""default"": [{""type"": ""reject""}], ""transports"": { ""docker"": { ""access.redhat.com"": [ ""type"": ""signedBy"", ""keyType"": ""GPGKeys"", ""keyPath"": ""/etc/pki/rpm-gpg/RPM-GPG-KEY-redhat-release"" ""atomic"": { ""172.30.1.1:5000/openshift"": [ ""type"": ""signedBy"", ""keyType"": ""GPGKeys"", ""keyPath"": ""/etc/pki/rpm-gpg/RPM-GPG-KEY-redhat-release"" ""172.30.1.1:5000/production"": [ ¶ ""type"": ""signedBy"", ""keyType"": ""GPGKeys"", ""keyPath"": ""/etc/pki/example.com/pubkey"" ""172.30.1.1:5000"": [{""type"": ""reject""}] ¶ The policy can be saved onto a node as /etc/containers/policy.json. Saving this file to a node is best accomplished using a new MachineConfig object. This example enforces the following rules: ¶ Require images from the Red Hat Registry (registry.access.redhat.com) to be signed by the Red Hat public key. ¶ Require images from your OpenShift Container Registry in the openshift namespace to be signed by the Red Hat public key. ¶ Require images from your OpenShift Container Registry in the production namespace to be signed by the public key for example.com. ¶ Reject all other registries not specified by the global default definition.","",""
"CONTAINER SECURITY > DEPLOYING CONTAINERS","2.9.3","Using signature transports","A signature transport is a way to store and retrieve the binary signature blob. There are two types of signature transports. ¶ atomic: Managed by the OpenShift Container Platform API. ¶ docker: Served as a local file or by a web server. ¶ The OpenShift Container Platform API manages signatures that use the atomic transport type. You must store the images that use this signature type in your OpenShift Container Registry. Because the docker/distribution extensions API auto-discovers the image signature endpoint, no additional configuration is required. ¶ Signatures that use the docker transport type are served by local file or web server. These signatures are more flexible; you can serve images from any container image registry and use an independent server to deliver binary signatures. ¶ However, the docker transport type requires additional configuration. You must configure the nodes with the URI of the signature server by placing arbitrarily-named YAML files into a directory on the host system, /etc/containers/registries.d by default. The YAML configuration files contain a registry URI and a signature server URI, or sigstore: ¶ Example registries.d file ¶ docker: access.redhat.com: sigstore: https://access.redhat.com/webassets/docker/content/sigstore ¶ In this example, the Red Hat Registry, access.redhat.com, is the signature server that provides signatures for the docker transport type. Its URI is defined in the sigstore parameter. You might name ¶ this file /etc/containers/registries.d/redhat.com.yaml and use the Machine Config Operator to automatically place the file on each node in your cluster. No service restart is required since policy and registries.d files are dynamically loaded by the container runtime.","",""
"CONTAINER SECURITY > DEPLOYING CONTAINERS","2.9.4","Creating secrets and config maps","The Secret object type provides a mechanism to hold sensitive information such as passwords, OpenShift Container Platform client configuration files, dockercfg files, and private source repository credentials. Secrets decouple sensitive content from pods. You can mount secrets into containers using a volume plugin or the system can use secrets to perform actions on behalf of a pod. ¶ For example, to add a secret to your deployment configuration so that it can access a private image repository, do the following: ¶ 2. Create a new project. ¶ 3. Navigate to Resources Secrets and create a new secret. Set Secret Type to Image Secret ¶ and Authentication Type to Image Registry Credentials to enter credentials for accessing a private image repository. ¶ 4. When creating a deployment configuration (for example, from the Add to Project Deploy Image page), set the Pull Secret to your new secret. ¶ Config maps are similar to secrets, but are designed to support working with strings that do not contain sensitive information. The ConfigMap object holds key-value pairs of configuration data that can be consumed in pods or used to store configuration data for system components such as controllers.","",""
"CONTAINER SECURITY > DEPLOYING CONTAINERS","2.9.5","Automating continuous deployment","You can integrate your own continuous deployment (CD) tooling with OpenShift Container Platform. ¶ By leveraging CI/CD and OpenShift Container Platform, you can automate the process of rebuilding the application to incorporate the latest fixes, testing, and ensuring that it is deployed everywhere within the environment. ¶ Input secrets and config maps","",""
"CONTAINER SECURITY > SECURING THE CONTAINER PLATFORM","2.10.1","Isolating containers with multitenancy","Multitenancy allows applications on an OpenShift Container Platform cluster that are owned by multiple users, and run across multiple hosts and namespaces, to remain isolated from each other and from outside attacks. You obtain multitenancy by applying role-based access control (RBAC) to Kubernetes namespaces. ¶ In Kubernetes, namespaces are areas where applications can run in ways that are separate from other applications. OpenShift Container Platform uses and extends namespaces by adding extra annotations, including MCS labeling in SELinux, and identifying these extended namespaces as projects. Within the scope of a project, users can maintain their own cluster resources, including service accounts, policies, constraints, and various other objects. ¶ RBAC objects are assigned to projects to authorize selected users to have access to those projects. That authorization takes the form of rules, roles, and bindings: ¶ Rules define what a user can create or access in a project. ¶ Roles are collections of rules that you can bind to selected users or groups. ¶ Bindings define the association between users or groups and roles. ¶ Local RBAC roles and bindings attach a user or group to a particular project. Cluster RBAC can attach cluster-wide roles and bindings to all projects in a cluster. There are default cluster roles that can be assigned to provide admin, basic-user, cluster-admin, and cluster-status access.","",""
"CONTAINER SECURITY > SECURING THE CONTAINER PLATFORM > Protecting control plane with admission plugins","2.10.2.1","Security context constraints (SCCs)","You can use security context constraints (SCCs) to define a set of conditions that a pod must run with ¶ You can use security context constraints (SCCs) to define a set of conditions that a pod must run with to be accepted into the system. Some aspects that can be managed by SCCs include: ¶ Running of privileged containers Capabilities a container can request to be added Use of host directories as volumes SELinux context of the container Container user ID If you have the required permissions, you can adjust the default SCC policies to be more permissive, if required. ¶ 2.10.2.2. Granting roles to service accounts You can assign roles to service accounts, in the same way that users are assigned role-based access. There are three default service accounts created for each project. A service account: ¶ is limited in scope to a particular project derives its name from its project is automatically assigned an API token and credentials to access the OpenShift Container Registry Service accounts associated with platform components automatically have their keys rotated.","",""
"CONTAINER SECURITY > SECURING THE CONTAINER PLATFORM","2.10.3","Authentication and authorization","2.10.3.1. Controlling access using OAuth You can use API access control via authentication and authorization for securing your container platform. The OpenShift Container Platform master includes a built-in OAuth server. Users can obtain OAuth access tokens to authenticate themselves to the API. As an administrator, you can configure OAuth to authenticate using an identity provider, such as LDAP, GitHub, or Google. The identity provider is used by default for new OpenShift Container Platform deployments, but you can configure this at initial installation time or postinstallation. ¶ 2.10.3.2. API access control and management Applications can have multiple, independent API services which have different endpoints that require management. OpenShift Container Platform includes a containerized version of the 3scale API gateway so that you can manage your APIs and control access. 3scale gives you a variety of standard options for API authentication and security, which can be used alone or in combination to issue credentials and control access: standard API keys, application ID and key pair, and OAuth 2.0. ¶ You can restrict access to specific endpoints, methods, and services and apply access policy for groups ¶ You can restrict access to specific endpoints, methods, and services and apply access policy for groups of users. Application plans allow you to set rate limits for API usage and control traffic flow for groups of developers. ¶ For a tutorial on using APIcast v2, the containerized 3scale API Gateway, see Running APIcast on Red Hat OpenShift in the 3scale documentation. ¶ 2.10.3.3. Red Hat Single Sign-On The Red Hat Single Sign-On server enables you to secure your applications by providing web single sign- on capabilities based on standards, including SAML 2.0, OpenID Connect, and OAuth 2.0. The server can act as a SAML or OpenID Connect-based identity provider (IdP), mediating with your enterprise user directory or third-party identity provider for identity information and your applications using standards-based tokens. You can integrate Red Hat Single Sign-On with LDAP-based directory services including Microsoft Active Directory and Red Hat Enterprise Linux Identity Management. ¶ 2.10.3.4. Secure self-service web console OpenShift Container Platform provides a self-service web console to ensure that teams do not access other environments without authorization. OpenShift Container Platform ensures a secure multitenant master by providing the following: ¶ Access to the master uses Transport Layer Security (TLS) ¶ Access to the API Server uses X.509 certificates or OAuth access tokens ¶ Project quota limits the damage that a rogue token could do ¶ The etcd service is not exposed directly to the cluster","",""
"CONTAINER SECURITY > SECURING THE CONTAINER PLATFORM","2.10.4","Managing certificates for the platform","OpenShift Container Platform has multiple components within its framework that use REST-based HTTPS communication leveraging encryption via TLS certificates. OpenShift Container Platform's installer configures these certificates during installation. There are some primary components that generate this traffic: ¶ masters (API server and controllers) ¶ etcd ¶ nodes ¶ registry ¶ router ¶ 2.10.4.1. Configuring custom certificates You can configure custom serving certificates for the public hostnames of the API server and web console during initial installation or when redeploying certificates. You can also use a custom CA. ¶ Introduction to OpenShift Container Platform ¶ Using RBAC to define and apply permissions About admission plugins Managing security context constraints SCC reference commands Examples of granting roles to service accounts Configuring the internal OAuth server Understanding identity provider configuration Certificate types and descriptions Proxy certificates","",""
"CONTAINER SECURITY > SECURING NETWORKS","2.11.1","Using network namespaces","OpenShift Container Platform uses software-defined networking (SDN) to provide a unified cluster network that enables communication between containers across the cluster. Network policy mode, by default, makes all pods in a project accessible from other pods and network endpoints. To isolate one or more pods in a project, you can create NetworkPolicy objects in that project to indicate the allowed incoming connections. Using multitenant mode, you can provide project- level isolation for pods and services.","",""
"CONTAINER SECURITY > SECURING NETWORKS","2.11.2","Isolating pods with network policies","Using network policies, you can isolate pods from each other in the same project. Network policies can deny all network access to a pod, only allow connections for the Ingress Controller, reject connections from pods in other projects, or set similar rules for how networks behave. ¶ About network policy","",""
"CONTAINER SECURITY > SECURING NETWORKS","2.11.3","Using multiple pod networks","Each running container has only one network interface by default. The Multus CNI plugin lets you create multiple CNI networks, and then attach any of those networks to your pods. In that way, you can do things like separate private data onto a more restricted network and have multiple network interfaces on each node. ¶ Using multiple networks","",""
"CONTAINER SECURITY > SECURING NETWORKS","2.11.4","Isolating applications","OpenShift Container Platform enables you to segment network traffic on a single cluster to make multitenant clusters that isolate users, teams, applications, and environments from non-global resources.","",""
"CONTAINER SECURITY > SECURING NETWORKS","2.11.5","Securing ingress traffic","There are many security implications related to how you configure access to your Kubernetes services from outside of your OpenShift Container Platform cluster. Besides exposing HTTP and HTTPS routes, ingress routing allows you to set up NodePort or LoadBalancer ingress types. NodePort exposes an application's service API object from each cluster worker. LoadBalancer lets you assign an external load balancer to an associated service API object in your OpenShift Container Platform cluster. ¶ Configuring ingress cluster traffic","",""
"CONTAINER SECURITY > SECURING NETWORKS","2.11.6","Securing egress traffic","OpenShift Container Platform provides the ability to control egress traffic using either a router or firewall method. For example, you can use the IP allow list to control database access. A cluster administrator can assign one or more egress IP addresses to a project by configuring an egress IP address. Likewise, a cluster administrator can prevent egress traffic from going outside of an OpenShift Container Platform cluster using an egress firewall. ¶ By assigning a fixed egress IP address, you can have all outgoing traffic assigned to that IP address for a particular project. With the egress firewall, you can prevent a pod from connecting to an external network, prevent a pod from connecting to an internal network, or limit a pod's access to specific internal subnets. ¶ Configuring an egress firewall for a project ¶ Configuring IPsec encryption","",""
"CONTAINER SECURITY > SECURING ATTACHED STORAGE","2.12.1","Persistent volume plugins","Containers are useful for both stateless and stateful applications. Protecting attached storage is a key element of securing stateful services. Using the Container Storage Interface (CSI), OpenShift Container Platform can incorporate storage from any storage back end that supports the CSI interface. ¶ OpenShift Container Platform provides plugins for multiple types of storage, including: ¶ Red Hat OpenShift Data Foundation * ¶ AWS Elastic Block Stores (EBS) * ¶ AWS Elastic File System (EFS) * Azure Disk * Azure File * OpenStack Cinder * GCE Persistent Disks * VMware vSphere * Network File System (NFS) FlexVolume Fibre Channel iSCSI Plugins for those storage types with dynamic provisioning are marked with an asterisk (*). Data in transit is encrypted via HTTPS for all OpenShift Container Platform components communicating with each other. You can mount a persistent volume (PV) on a host in any way supported by your storage type. Different types of storage have different capabilities and each PV's access modes are set to the specific modes supported by that particular volume. For example, NFS can support multiple read/write clients, but a specific NFS PV might be exported on the server as read-only. Each PV has its own set of access modes describing that specific PV's capabilities, such as ReadWriteOnce, ReadOnlyMany, and ReadWriteMany.","",""
"CONTAINER SECURITY > SECURING ATTACHED STORAGE","2.12.2","Shared storage","For shared storage providers like NFS, the PV registers its group ID (GID) as an annotation on the PV resource. Then, when the PV is claimed by the pod, the annotated GID is added to the supplemental groups of the pod, giving that pod access to the contents of the shared storage.","",""
"CONTAINER SECURITY > SECURING ATTACHED STORAGE","2.12.3","Block storage","For block storage providers like AWS Elastic Block Store (EBS), GCE Persistent Disks, and iSCSI, OpenShift Container Platform uses SELinux capabilities to secure the root of the mounted volume for non-privileged pods, making the mounted volume owned by and only visible to the container with which it is associated. ¶ Understanding persistent storage Configuring CSI volumes Dynamic provisioning Persistent storage using NFS Persistent storage using AWS Elastic Block Store ¶ Persistent storage using GCE Persistent Disk","",""
"CONTAINER SECURITY > MONITORING CLUSTER EVENTS AND LOGS","2.13.1","Watching cluster events","Cluster administrators are encouraged to familiarize themselves with the Event resource type and review the list of system events to determine which events are of interest. Events are associated with a namespace, either the namespace of the resource they are related to or, for cluster events, the default namespace. The default namespace holds relevant events for monitoring or auditing a cluster, such as node events and resource events related to infrastructure components. ¶ The master API and oc command do not provide parameters to scope a listing of events to only those related to nodes. A simple approach would be to use grep: ¶ $ oc get event -n default | grep Node ¶ Example output origin-node-1.example.local Node Normal NodeHasDiskPressure ... 1h 20h 3 ¶ A more flexible approach is to output the events in a form that other tools can process. For example, the following example uses the jq tool against JSON output to extract only NodeHasDiskPressure events: ¶ $ oc get events -n default -o json \ | jq '.items[] | select(.involvedObject.kind == ""Node"" and .reason == ""NodeHasDiskPressure"")' ¶ ""apiVersion"": ""v1"", ""count"": 3, ""involvedObject"": { ""kind"": ""Node"", ""name"": ""origin-node-1.example.local"", ""uid"": ""origin-node-1.example.local"" ""kind"": ""Event"", ""reason"": ""NodeHasDiskPressure"", ¶ Events related to resource creation, modification, or deletion can also be good candidates for detecting misuse of the cluster. The following query, for example, can be used to look for excessive pulling of images: ¶ $ oc get events --all-namespaces -o json \ ¶ | jq '[.items[] | select(.involvedObject.kind == ""Pod"" and .reason == ""Pulling"")] | length' ¶ When a namespace is deleted, its events are deleted as well. Events can also expire and are deleted to prevent filling up etcd storage. Events are not stored as a permanent record and frequent polling is necessary to capture statistics over time.","",""
"CONTAINER SECURITY > MONITORING CLUSTER EVENTS AND LOGS","2.13.2","Logging","Using the oc log command, you can view container logs, build configs and deployments in real time. Different can users have access different access to logs: ¶ Users who have access to a project are able to see the logs for that project by default. Users with admin roles can access all container logs. To save your logs for further audit and analysis, you can enable the cluster-logging add-on feature to collect, manage, and view system, container, and audit logs. You can deploy, manage, and upgrade OpenShift Logging through the OpenShift Elasticsearch Operator and Red Hat OpenShift Logging","",""
"CONTAINER SECURITY > MONITORING CLUSTER EVENTS AND LOGS","2.13.3","Audit logs","With audit logs, you can follow a sequence of activities associated with how a user, administrator, or other OpenShift Container Platform component is behaving. API audit logging is done on each server. ¶ List of system events Viewing audit logs","",""
"CONTAINER SECURITY > REPLACING THE DEFAULT INGRESS CERTIFICATE","3.1.1","Understanding the default ingress certificate","By default, OpenShift Container Platform uses the Ingress Operator to create an internal CA and issue a wildcard certificate that is valid for applications under the .apps sub-domain. Both the web console and CLI use this certificate as well. ¶ The internal infrastructure CA certificates are self-signed. While this process might be perceived as bad practice by some security or PKI teams, any risk here is minimal. The only clients that implicitly trust these certificates are other components within the cluster. Replacing the default wildcard certificate with one that is issued by a public CA already included in the CA bundle as provided by the container userspace allows external clients to connect securely to applications running under the .apps sub- domain.","",""
"CONTAINER SECURITY > REPLACING THE DEFAULT INGRESS CERTIFICATE","3.1.2","Replacing the default ingress certificate","You can replace the default ingress certificate for all applications under the .apps subdomain. After you replace the certificate, all applications, including the web console and CLI, have encryption provided by the specified certificate. ¶ Before using the procedure, ensure you understand the following Ingress Controller behaviors: ¶ When certificates are renewed or rotated by using external certificate management tools, only the contents of the secret, such as the certificate and key, are updated. The secret name remains unchanged. Kubelet automatically propagates these updates to the mounted volume, allowing the router to detect the file changes and hot-reload the new certificate and key. As a result, no rolling update of the router deployment is triggered or required. ¶ For secret renewal or rotation, the cert-manager Operator changes the secret content, such as a cert/key pair, but does not change the secret name. This happens because kubelet automatically propagates changes to the secret in the volume mount. The router pod detects the file change and then hot reloads the new cert/key pair. Updating the secret content does not trigger rolling update. ¶ You must have a wildcard certificate for the fully qualified .apps subdomain and its corresponding private key. Each should be in a separate PEM format file. ¶ The private key must be unencrypted. If your key is encrypted, decrypt it before importing it into OpenShift Container Platform. ¶ The certificate must include the subjectAltName extension showing *.apps.<clustername>. <domain>. ¶ The certificate file can contain one or more certificates in a chain. The file must list the wildcard ¶ The certificate file can contain one or more certificates in a chain. The file must list the wildcard certificate as the first certificate, followed by other intermediate certificates, and then ending with the root CA certificate. ¶ Copy the root CA certificate into an additional PEM format file. ¶ Verify that all certificates which include -----END CERTIFICATE----- also end with one carriage return after that line. ¶ 1. Create a config map that includes only the root CA certificate that is used to sign the wildcard certificate: ¶ $ oc create configmap custom-ca \ -from-file=ca-bundle.crt=</path/to/example-ca.crt> \ n openshift-config ¶ where ¶ </path/to/example-ca.crt> The path to the root CA certificate file on your local file system. For example, /etc/pki/ca- trust/source/anchors. ¶ 2. Update the cluster-wide proxy configuration with the newly created config map: ¶ $ oc patch proxy/cluster \ -type=merge \ -patch='{""spec"":{""trustedCA"":{""name"":""custom-ca""}}}' ¶ If you update only the trusted CA for your cluster, the MCO updates the /etc/pki/ca-trust/source/anchors/openshift-config-user-ca-bundle.crt file and the Machine Config Controller (MCC) applies the trusted CA update to each node so that a node reboot is not required. However, with these changes, the Machine Config Daemon (MCD) restarts critical services on each node, such as kubelet and CRI-O. These service restarts cause each node to briefly enter the NotReady state until the service is fully restarted. ¶ If you change any other parameter in the openshift-config-user-ca-bundle.crt file, such as noproxy, the MCO reboots each node in your cluster. ¶ 3. Create a secret that contains the wildcard certificate chain and key: ¶ $ oc create secret tls <secret> \ -cert=</path/to/cert.crt> \ -key=</path/to/cert.key> \ n openshift-ingress ¶ <secret> ¶ Specifies the name of the secret that will contain the certificate chain and private key. </path/to/cert.crt> ¶ Specifies the path to the certificate chain on your local file system. </path/to/cert.key> ¶ Specifies the path to the private key associated with this certificate. ¶ 4. Update the Ingress Controller configuration with the newly created secret: ¶ $ oc patch ingresscontroller.operator default \ -type=merge -p \ '{""spec"":{""defaultCertificate"": {""name"": ""<secret>""}}}' \ n openshift-ingress-operator ¶ <secret>:: Specifies the name used for the secret. Replace <secret> with the name used for the secret.","",""
"CONTAINER SECURITY > REPLACING THE DEFAULT INGRESS CERTIFICATE","3.1.3","Additional resources","Replacing the CA Bundle certificate ¶ Proxy certificate customization","",""
"CONTAINER SECURITY > ADDING API SERVER CERTIFICATES","3.2.1","Adding an API server named certificate for the first time","The default API server certificate is issued by an internal OpenShift Container Platform cluster Certificate Authority (CA). You can add alternative certificates that the API server will return based on the fully qualified domain name (FQDN) requested by the client, for example when a reverse proxy or load balancer is used. ¶ Adding a custom API server named certificate for the first time triggers the kube- apiserver-operator to roll out a new revision of the API server pods. Node reboots are not required. ¶ You must have a certificate for the FQDN and its corresponding private key. Each should be in a separate PEM format file. ¶ The private key must be unencrypted. The certificate must include the subjectAltName extension showing the FQDN. The certificate file can contain one or more certificates in a chain. The certificate for the API server FQDN must be the first certificate in the file, followed by intermediate certificates, and ending with the root CA certificate. ¶ Do not provide a named certificate for the internal load balancer (host name api- int.<cluster_name>.<base_domain>). Doing so will leave your cluster in a degraded state. ¶ 1. Log in to the CLI as the kubeadmin user: ¶ $ oc login -u kubeadmin -p <password> https://<fqdn>:6443 ¶ <password> ¶ Specifies your cluster administrative password. <fqdn> ¶ Specifies the fully qualified domain name of the internal cluster API endpoint. ¶ 2. Create a secret that contains the certificate chain and private key in the openshift-config ¶ namespace: ¶ $ oc create secret tls <secret_name> \ -cert=<path_to_certificate_file> \ -key=<path_to_private_key_file> \ n openshift-config ¶ Specifies the name of the new secret resource that will contain the cryptographic key pair. <path_to_certificate_file> ¶ Specifies the absolute local path to your custom certificate chain file. <path_to_private_key_file> ¶ Specifies the absolute local path to the unencrypted private key file associated with the certificate. ¶ 3. Update the API server to reference the created secret resource: ¶ $ oc patch apiserver cluster --type=merge -p ' ¶ ""spec"": { ""servingCerts"": { ""namedCertificates"": [ ""names"": [""<fqdn>""], ""servingCertificate"": { ""name"": ""<secret_name>"" ¶ }' ¶ <fqdn> Specifies the fully qualified domain name for which the API server serves this custom certificate. Do not include a port number. ¶ Specifies the name of the secret you created in the previous step. ¶ 4. Verify that a new revision of the Kubernetes API server rolls out by checking the operator status: ¶ $ oc get clusteroperators kube-apiserver ¶ The PROGRESSING status column will change to True while the API server operator deploys the new pod revision configured with your custom certificate. Do not interrupt the process or apply additional configuration updates while the rollout is underway. Continue only after the status returns to False and AVAILABLE reads True.","",""
"CONTAINER SECURITY > ADDING API SERVER CERTIFICATES","3.2.2","Updating or renewing an existing API server named certificate","Update or renew an expired or expiring named certificate that has already been configured in your cluster to avoid API availability issues. The API server pods dynamically detect and reload the updated certificate asset without disruption. ¶ When an existing API server named certificate is renewed by updating its corresponding secret, a new revision of the Kubernetes API server pods does not roll out. Node reboots are not required.","",""
"CONFIGURING CERTIFICATES > SECURING SERVICE TRAFFIC USING SERVICE SERVING","3.3.1","Understanding service serving certificates","Service serving certificates are intended to support complex middleware applications that require encryption. These certificates are issued as TLS web server certificates. ¶ The service-ca controller uses the x509.SHA256WithRSA signature algorithm to generate service certificates. ¶ The generated certificate and key are in PEM format, stored in tls.crt and tls.key respectively, within a created secret. The certificate and key are automatically replaced when they get close to expiration. ¶ The service CA certificate, which issues the service certificates, is valid for 26 months and is automatically rotated when there is less than 13 months validity left. After rotation, the previous service CA configuration is still trusted until its expiration. This allows a grace period for all affected services to refresh their key material before the expiration. If you do not upgrade your cluster during this grace period, which restarts services and refreshes their key material, you might need to manually restart services to avoid failures after the previous service CA expires. ¶ You can use the following command to manually restart all pods in the cluster. Be aware that running this command causes a service interruption, because it deletes every running pod in every namespace. These pods will automatically restart after they are deleted. ¶ $ for I in $(oc get ns -o jsonpath='{range .items[*]} {.metadata.name}{""\n""} {end}'); \ do oc delete pods --all -n $I; \ sleep 1; \ done","",""
"CONFIGURING CERTIFICATES > SECURING SERVICE TRAFFIC USING SERVICE SERVING","3.3.2","Add a service certificate","To secure communication to your service, generate a signed serving certificate and key pair into a secret in the same namespace as the service. ¶ The generated certificate is only valid for the internal service DNS name <service.name>. <service.namespace>.svc, and is only valid for internal communications. If your service is a headless service (no clusterIP value set), the generated certificate also contains a wildcard subject in the format of *.<service.name>.<service.namespace>.svc. ¶ Because the generated certificates contain wildcard subjects for headless services, you must not use the service CA if your client must differentiate between individual pods. In this case: ¶ Generate individual TLS certificates by using a different CA. ¶ Do not accept the service CA as a trusted CA for connections that are directed to individual pods and must not be impersonated by other pods. These connections must be configured to trust the CA that was used to generate the individual TLS certificates. ¶ You must have a service defined. ¶ 1. Annotate the service with service.beta.openshift.io/serving-cert-secret-name: ¶ $ oc annotate service <service_name> \ 1 service.beta.openshift.io/serving-cert-secret-name=<secret_name> 2 ¶ 1 Replace <service_name> with the name of the service to secure. 2 <secret_name> will be the name of the generated secret containing the certificate and ¶ key pair. ¶ For convenience, it is recommended that this value be the same as <service_name>. ¶ For example, use the following command to annotate the service test1: ¶ $ oc annotate service test1 service.beta.openshift.io/serving-cert-secret-name=test1 ¶ 2. Examine the service to confirm that the annotations are present: $ oc describe service <service_name> ¶ Annotations: service.beta.openshift.io/serving-cert-secret-name: <service_name> ¶ service.beta.openshift.io/serving-cert-signed-by: openshift-service-serving- ¶ signer@1556850837 ¶ 3. After the cluster generates a secret for your service, your Pod spec can mount it, and the pod will run after it becomes available. ¶ Creating a re-encrypt route with a custom certificate","",""
"CONFIGURING CERTIFICATES > SECURING SERVICE TRAFFIC USING SERVICE SERVING","3.3.3","Add the service CA bundle to a config map","A pod can access the service Certificate Authority (CA) certificate by mounting a ConfigMap object that has the service.beta.openshift.io/inject-cabundle=true annotation. After annotating the config map, the cluster automatically injects the service CA certificate into the service-ca.crt key on the config map. Access to this CA certificate allows TLS clients to verify connections to services by using service serving certificates. ¶ After adding this annotation to a config map, the OpenShift Service CA Operator deletes all the data in the config map. Consider using a separate config map to contain the service-ca.crt, instead of using the same config map that stores your pod configuration. ¶ 1. Annotate the config map with the service.beta.openshift.io/inject-cabundle=true annotation by entering the following command: ¶ $ oc annotate configmap <config_map_name> \ 1 service.beta.openshift.io/inject-cabundle=true ¶ 1 Replace <config_map_name> with the name of the config map to annotate. ¶ Explicitly referencing the service-ca.crt key in a volume mount prevents a pod from starting until the config map has been injected with the CA bundle. You can override this behavior by setting the optional parameter to true in the serving certificate configuration of the volume. ¶ 2. View the config map to ensure that the service CA bundle has been injected: ¶ $ oc get configmap <config_map_name> -o yaml ¶ The CA bundle is displayed as the value of the service-ca.crt key in the YAML output: ¶ data: ¶ service-ca.crt: | ----BEGIN CERTIFICATE----- ¶ 3. Mount the config map as a volume to each container that exists in a pod by configuring your Deployment object. ¶ Example Deployment object that defines the volume for the mounted config map ¶ apiVersion: apps/v1 kind: Deployment ¶ name: my-example-custom-ca-deployment namespace: my-example-custom-ca-ns ¶ name: my-container-that-needs-custom-ca volumeMounts: name: trusted-ca mountPath: /etc/pki/ca-trust/extracted/pem readOnly: true name: trusted-ca configMap: name: <config_map_name> 1 items: key: ca-bundle.crt 2 path: tls-ca-bundle.pem 3 ¶ 1 Specify the name of the config map that you annotated in an earlier step of the procedure. ¶ 2 ca-bundle.crt is required as the ConfigMap key. ¶ 3 tls-ca-bundle.pem is required as the ConfigMap path.","",""
"CONFIGURING CERTIFICATES > SECURING SERVICE TRAFFIC USING SERVICE SERVING","3.3.4","Add the service CA bundle to an API service","You can annotate an APIService object with service.beta.openshift.io/inject-cabundle=true to have its spec.caBundle field populated with the service CA bundle. This allows the Kubernetes API server to validate the service CA certificate used to secure the targeted endpoint. ¶ 1. Annotate the API service with service.beta.openshift.io/inject-cabundle=true: ¶ $ oc annotate apiservice <api_service_name> \ 1 service.beta.openshift.io/inject-cabundle=true ¶ 1 Replace <api_service_name> with the name of the API service to annotate. ¶ For example, use the following command to annotate the API service test1: ¶ $ oc annotate apiservice test1 service.beta.openshift.io/inject-cabundle=true ¶ 2. View the API service to ensure that the service CA bundle has been injected: ¶ $ oc get apiservice <api_service_name> -o yaml ¶ The CA bundle is displayed in the spec.caBundle field in the YAML output: ¶ apiVersion: apiregistration.k8s.io/v1 ""true"" kind: APIService ¶ service.beta.openshift.io/inject-cabundle: ¶ caBundle: <CA_BUNDLE>","",""
"CONFIGURING CERTIFICATES > SECURING SERVICE TRAFFIC USING SERVICE SERVING","3.3.5","Add the service CA bundle to a custom resource definition","You can annotate a CustomResourceDefinition (CRD) object with service.beta.openshift.io/inject- cabundle=true to have its spec.conversion.webhook.clientConfig.caBundle field populated with the service CA bundle. This allows the Kubernetes API server to validate the service CA certificate used to secure the targeted endpoint. ¶ The service CA bundle will only be injected into the CRD if the CRD is configured to use a webhook for conversion. It is only useful to inject the service CA bundle if a CRD's webhook is secured with a service CA certificate. ¶ 1. Annotate the CRD with service.beta.openshift.io/inject-cabundle=true: ¶ $ oc annotate crd <crd_name> \ 1 service.beta.openshift.io/inject-cabundle=true ¶ 1 Replace <crd_name> with the name of the CRD to annotate. ¶ For example, use the following command to annotate the CRD test1: ¶ $ oc annotate crd test1 service.beta.openshift.io/inject-cabundle=true ¶ 2. View the CRD to ensure that the service CA bundle has been injected: ¶ $ oc get crd <crd_name> -o yaml ¶ The CA bundle is displayed in the spec.conversion.webhook.clientConfig.caBundle field in the YAML output: ¶ apiVersion: apiextensions.k8s.io/v1 kind: CustomResourceDefinition ¶ service.beta.openshift.io/inject-cabundle: ""true"" ¶ conversion: strategy: Webhook webhook: clientConfig: caBundle: <CA_BUNDLE>","",""
"CONFIGURING CERTIFICATES > SECURING SERVICE TRAFFIC USING SERVICE SERVING","3.3.6","Add the service CA bundle to a mutating webhook configuration","You can annotate a MutatingWebhookConfiguration object with service.beta.openshift.io/inject- cabundle=true to have the clientConfig.caBundle field of each webhook populated with the service CA bundle. This allows the Kubernetes API server to validate the service CA certificate used to secure the targeted endpoint. ¶ Do not set this annotation for admission webhook configurations that need to specify different CA bundles for different webhooks. If you do, then the service CA bundle will be injected for all webhooks. ¶ 1. Annotate the mutating webhook configuration with service.beta.openshift.io/inject- cabundle=true: ¶ $ oc annotate mutatingwebhookconfigurations <mutating_webhook_name> \ 1 service.beta.openshift.io/inject-cabundle=true ¶ 1 Replace <mutating_webhook_name> with the name of the mutating webhook configuration to annotate. ¶ For example, use the following command to annotate the mutating webhook configuration test1: ¶ $ oc annotate mutatingwebhookconfigurations test1 service.beta.openshift.io/inject- cabundle=true ¶ 2. View the mutating webhook configuration to ensure that the service CA bundle has been injected: ¶ $ oc get mutatingwebhookconfigurations <mutating_webhook_name> -o yaml ¶ The CA bundle is displayed in the clientConfig.caBundle field of all webhooks in the YAML output: ¶ apiVersion: admissionregistration.k8s.io/v1 kind: MutatingWebhookConfiguration ¶ service.beta.openshift.io/inject-cabundle: ""true"" ¶ webhooks: myWebhook: ¶ v1beta1 clientConfig: ¶ caBundle: <CA_BUNDLE>","",""
"CONFIGURING CERTIFICATES > SECURING SERVICE TRAFFIC USING SERVICE SERVING","3.3.7","Add the service CA bundle to a validating webhook configuration","You can annotate a ValidatingWebhookConfiguration object with service.beta.openshift.io/inject- cabundle=true to have the clientConfig.caBundle field of each webhook populated with the service CA bundle. This allows the Kubernetes API server to validate the service CA certificate used to secure the targeted endpoint. ¶ Do not set this annotation for admission webhook configurations that need to specify different CA bundles for different webhooks. If you do, then the service CA bundle will be injected for all webhooks. ¶ 1. Annotate the validating webhook configuration with service.beta.openshift.io/inject- cabundle=true: ¶ $ oc annotate validatingwebhookconfigurations <validating_webhook_name> \ 1 service.beta.openshift.io/inject-cabundle=true ¶ 1 Replace <validating_webhook_name> with the name of the validating webhook configuration to annotate. ¶ For example, use the following command to annotate the validating webhook configuration test1: ¶ $ oc annotate validatingwebhookconfigurations test1 service.beta.openshift.io/inject- cabundle=true ¶ 2. View the validating webhook configuration to ensure that the service CA bundle has been injected: ¶ $ oc get validatingwebhookconfigurations <validating_webhook_name> -o yaml ¶ The CA bundle is displayed in the clientConfig.caBundle field of all webhooks in the YAML output: ¶ apiVersion: admissionregistration.k8s.io/v1 kind: ValidatingWebhookConfiguration ¶ service.beta.openshift.io/inject-cabundle: ""true"" ¶ webhooks: ¶ myWebhook: v1beta1 clientConfig: caBundle: <CA_BUNDLE>","",""
"CONFIGURING CERTIFICATES > SECURING SERVICE TRAFFIC USING SERVICE SERVING","3.3.8","Manually rotate the generated service certificate","You can rotate the service certificate by deleting the associated secret. Deleting the secret results in a new one being automatically created, resulting in a new certificate. ¶ A secret containing the certificate and key pair must have been generated for the service. ¶ 1. Examine the service to determine the secret containing the certificate. This is found in the serving-cert-secret-name annotation, as seen below. ¶ $ oc describe service <service_name> ¶ service.beta.openshift.io/serving-cert-secret-name: <secret> ¶ 2. Delete the generated secret for the service. This process will automatically recreate the secret. ¶ $ oc delete secret <secret> 1 ¶ 1 Replace <secret> with the name of the secret from the previous step. ¶ 3. Confirm that the certificate has been recreated by obtaining the new secret and examining the AGE. ¶ $ oc get secret <service_name> ¶ NAME TYPE DATA AGE ¶ <service.name> kubernetes.io/tls 2 1s","",""
"CONFIGURING CERTIFICATES > SECURING SERVICE TRAFFIC USING SERVICE SERVING","3.3.9","Manually rotate the service CA certificate","The service CA is valid for 26 months and is automatically refreshed when there is less than 13 months validity left. ¶ If necessary, you can manually refresh the service CA by using the following procedure. ¶ A manually-rotated service CA does not maintain trust with the previous service CA. You might experience a temporary service disruption until the pods in the cluster are restarted, which ensures that pods are using service serving certificates issued by the new service CA. ¶ You must be logged in as a cluster admin. ¶ 1. View the expiration date of the current service CA certificate by using the following command. $ oc get secrets/signing-key -n openshift-service-ca \ o template='{{index .data ""tls.crt""}}' \ | base64 --decode \ | openssl x509 -noout -enddate ¶ 2. Manually rotate the service CA. This process generates a new service CA which will be used to sign the new service certificates. $ oc delete secret/signing-key -n openshift-service-ca ¶ 3. To apply the new certificates to all services, restart all the pods in your cluster. This command ensures that all services use the updated certificates. $ for I in $(oc get ns -o jsonpath='{range .items[*]} {.metadata.name}{""\n""} {end}'); \ do oc delete pods --all -n $I; \ sleep 1; \ done ¶ This command will cause a service interruption, as it goes through and deletes every running pod in every namespace. These pods will automatically restart after they are deleted.","",""
"CONFIGURING CERTIFICATES > UPDATING THE CA BUNDLE","3.4.1","Understanding the CA Bundle certificate","Proxy certificates allow users to specify one or more custom certificate authority (CA) used by platform ¶ Proxy certificates allow users to specify one or more custom certificate authority (CA) used by platform components when making egress connections. ¶ The trustedCA field of the Proxy object is a reference to a config map that contains a user-provided trusted certificate authority (CA) bundle. This bundle is merged with the Red Hat Enterprise Linux CoreOS (RHCOS) trust bundle and injected into the trust store of platform components that make egress HTTPS calls. For example, image-registry-operator calls an external image registry to download images. If trustedCA is not specified, only the RHCOS trust bundle is used for proxied HTTPS connections. Provide custom CA certificates to the RHCOS trust bundle if you want to use your own certificate infrastructure. ¶ The trustedCA field should only be consumed by a proxy validator. The validator is responsible for reading the certificate bundle from required key ca-bundle.crt and copying it to a config map named trusted-ca-bundle in the openshift-config-managed namespace. The namespace for the config map referenced by trustedCA is openshift-config: ¶ kind: ConfigMap ¶ name: user-ca-bundle namespace: openshift-config data: ca-bundle.crt: | ¶ ----BEGIN CERTIFICATE----- Custom CA certificate bundle. ----END CERTIFICATE-----","",""
"CONFIGURING CERTIFICATES > UPDATING THE CA BUNDLE","3.4.2","Replacing the CA Bundle certificate","1. Create a config map that includes the root CA certificate used to sign the wildcard certificate: ¶ $ oc create configmap custom-ca \ -from-file=ca-bundle.crt=</path/to/example-ca.crt> \ 1 n openshift-config ¶ 1 </path/to/example-ca.crt> is the path to the CA certificate bundle on your local file system. ¶ 2. Update the cluster-wide proxy configuration with the newly created config map: ¶ $ oc patch proxy/cluster \ -type=merge \ -patch='{""spec"":{""trustedCA"":{""name"":""custom-ca""}}}'","",""
"CONFIGURING CERTIFICATES > UPDATING THE CA BUNDLE","3.4.3","Additional resources","Replacing the default ingress certificate ¶ Enabling the cluster-wide proxy ¶ Proxy certificate customization","",""
"CERTIFICATE TYPES AND DESCRIPTIONS > USER-PROVIDED CERTIFICATES FOR THE API SERVER","4.1.1","Purpose","The API server is accessible by clients external to the cluster at api.<cluster_name>.<base_domain>. You might want clients to access the API server at a different hostname or without the need to distribute the cluster-managed certificate authority (CA) certificates to the clients. The administrator must set a custom default certificate to be used by the API server when serving content.","",""
"CERTIFICATE TYPES AND DESCRIPTIONS > USER-PROVIDED CERTIFICATES FOR THE API SERVER","4.1.2","Location","The user-provided certificates must be provided in a kubernetes.io/tls type Secret in the openshift- config namespace. Update the API server cluster configuration, the apiserver/cluster resource, to enable the use of the user-provided certificate.","",""
"CERTIFICATE TYPES AND DESCRIPTIONS > USER-PROVIDED CERTIFICATES FOR THE API SERVER","4.1.3","Management","User-provided certificates are managed by the user.","",""
"CERTIFICATE TYPES AND DESCRIPTIONS > USER-PROVIDED CERTIFICATES FOR THE API SERVER","4.1.4","Expiration","API server client certificate expiration is less than five minutes. User-provided certificates are managed by the user.","",""
"CERTIFICATE TYPES AND DESCRIPTIONS > USER-PROVIDED CERTIFICATES FOR THE API SERVER","4.1.5","Customization","Update the secret containing the user-managed certificate as needed.","",""
"CERTIFICATE TYPES AND DESCRIPTIONS > USER-PROVIDED CERTIFICATES FOR THE API SERVER","4.1.6","Additional resources","Adding API server certificates","",""
"CERTIFICATE TYPES AND DESCRIPTIONS > PROXY CERTIFICATES > Purpose","4.2.1.1","Additional resources","Configuring the cluster-wide proxy","",""
"CERTIFICATE TYPES AND DESCRIPTIONS > PROXY CERTIFICATES","4.2.2","Managing proxy certificates during installation","The additionalTrustBundle value of the installer configuration is used to specify any proxy-trusted CA certificates during installation. For example: ¶ $ cat install-config.yaml ¶ proxy: ¶ httpProxy: http://<username:password@proxy.example.com:123/> httpsProxy: http://<username:password@proxy.example.com:123/> noProxy: <123.example.com,10.88.0.0/16> additionalTrustBundle: | ¶ ----BEGIN CERTIFICATE----- <MY_HTTPS_PROXY_TRUSTED_CA_CERT> ----END CERTIFICATE-----","",""
"CERTIFICATE TYPES AND DESCRIPTIONS > PROXY CERTIFICATES","4.2.3","Location","The user-provided trust bundle is represented as a config map. The config map is mounted into the file system of platform components that make egress HTTPS calls. Typically, Operators mount the config map to /etc/pki/ca-trust/extracted/pem/tls-ca-bundle.pem, but this is not required by the proxy. A proxy can modify or inspect the HTTPS connection. In either case, the proxy must generate and sign a new certificate for the connection. ¶ Complete proxy support means connecting to the specified proxy and trusting any signatures it has generated. Therefore, it is necessary to let the user specify a trusted root, such that any certificate chain connected to that trusted root is also trusted. ¶ If you use the RHCOS trust bundle, place CA certificates in /etc/pki/ca-trust/source/anchors. For more ¶ If you use the RHCOS trust bundle, place CA certificates in /etc/pki/ca-trust/source/anchors. For more information, see Using shared system certificates in the Red Hat Enterprise Linux (RHEL) Securing networks document.","",""
"CERTIFICATE TYPES AND DESCRIPTIONS > PROXY CERTIFICATES","4.2.4","Expiration","The user sets the expiration term of the user-provided trust bundle. ¶ The default expiration term is defined by the CA certificate itself. It is up to the CA administrator to configure this for the certificate before it can be used by OpenShift Container Platform or RHCOS. ¶ Red Hat does not monitor for when CAs expire. However, due to the long life of CAs, this is generally not an issue. However, you might need to periodically update the trust bundle.","",""
"CERTIFICATE TYPES AND DESCRIPTIONS > PROXY CERTIFICATES","4.2.5","Services","By default, all platform components that make egress HTTPS calls will use the RHCOS trust bundle. If trustedCA is defined, it will also be used. ¶ Any service that is running on the RHCOS node is able to use the trust bundle of the node.","",""
"CERTIFICATE TYPES AND DESCRIPTIONS > PROXY CERTIFICATES","4.2.6","Management","These certificates are managed by the system and not the user.","",""
"CERTIFICATE TYPES AND DESCRIPTIONS > PROXY CERTIFICATES","4.2.7","Customization","Updating the user-provided trust bundle consists of either: ¶ updating the PEM-encoded certificates in the config map referenced by trustedCA, or ¶ creating a config map in the namespace openshift-config that contains the new trust bundle and updating trustedCA to reference the name of the new config map. ¶ The mechanism for writing CA certificates to the RHCOS trust bundle is exactly the same as writing any other file to RHCOS, which is done through the use of machine configs. When the Machine Config Operator (MCO) applies the new machine config that contains the new CA certificates, it runs the program update-ca-trust afterwards and restarts the CRI-O service on the RHCOS nodes. This update does not require a node reboot. Restarting the CRI-O service automatically updates the trust bundle with the new CA certificates. For example: ¶ kind: MachineConfig ¶ machineconfiguration.openshift.io/role: worker ¶ name: 50-examplecorp-ca-cert ¶ ignition: version: 3.1.0 storage: ¶ files: contents: ¶ source: data:text/plain;charset=utf- 8;base64,LS0tLS1CRUdJTiBDRVJUSUZJQ0FURS0tLS0tCk1JSUVORENDQXh5Z0F3SUJBZ0lKQU5 1bkkwRDY2MmNuTUEwR0NTcUdTSWIzRFFFQkN3VUFNSUdsTVFzd0NRWUQKV1FRR0V3SlZVek VYTUJVR0ExVUVDQXdPVG05eWRHZ2dRMkZ5YjJ4cGJtRXhFREFPQmdOVkJBY01CMUpoYkdWcA pBMmd4RmpBVUJnTlZCQW9NRFZKbFpDQklZWFFzSUVsdVl5NHhFekFSQmdOVkJBc01DbEpsWk NCSVlYUWdTVlF4Ckh6QVpCZ05WQkFNTUVsSmxaQ0JJWVhRZ1NWUWdVbTl2ZENCRFFURWhN QjhHQ1NxR1NJYjNEUUVKQVJZU2FXNW0KWGpDQnBURUxNQWtHQTFVRUJoTUNWVk14RnpBV kJnTlZCQWdNRGs1dmNuUm9JRU5oY205c2FXNWhNUkF3RGdZRApXUVFIREFkU1lXeGxhV2RvTV JZd0ZBWURWUVFLREExU1pXUWdTR0YwTENCSmJtTXVNUk13RVFZRFZRUUxEQXBTCkFXUWd TR0YwSUVsVU1Sc3dHUVlEVlFRRERCSlNaV1FnU0dGMElFbFVJRkp2YjNRZ1EwRXhJVEFmQmdrc WhraUcKMHcwQkNRRVdFbWx1Wm05elpXTkFjbVZrYUdGMExtTnZiVENDQVNJd0RRWUpLb1pJaH ZjTkFRRUJCUUFEZ2dFUApCRENDQVFvQ2dnRUJBTFF0OU9KUWg2R0M1TFQxZzgwcU5oMHU1 MEJRNHNaL3laOGFFVHh0KzVsblBWWDZNSEt6CmQvaTdsRHFUZlRjZkxMMm55VUJkMmZRRGsx QjBmeHJza2hHSUlaM2lmUDFQczRsdFRrdjhoUlNvYjNWdE5xU28KSHhrS2Z2RDJQS2pUUHhEUFdZ eXJ1eTlpckxaaW9NZmZpM2kvZ0N1dDBaV3RBeU8zTVZINXFXRi9lbkt3Z1BFUwpZOXBvK1RkQ3ZS Qi9SVU9iQmFNNzYxRWNyTFNNMUdxSE51ZVNmcW5obzNBakxRNmRCblBXbG82MzhabTFWZWJ LCkNFTHloa0xXTVNGa0t3RG1uZTBqUTAyWTRnMDc1dkNLdkNzQ0F3RUFBYU5qTUdFd0hRWUR WUjBPQkJZRUZIN1IKNXlDK1VlaElJUGV1TDhacXczUHpiZ2NaTUI4R0ExVWRJd1FZTUJhQUZIN1I0 eUMrVWVoSUlQZXVMOFpxdzNQegpjZ2NaTUE4R0ExVWRFd0VCL3dRRk1BTUJBZjh3RGdZRFZS MFBBUUgvQkFRREFnR0dNQTBHQ1NxR1NJYjNEUUVCCkR3VUFBNElCQVFCRE52RDJWbTlzQT VBOUFsT0pSOCtlbjVYejloWGN4SkI1cGh4Y1pROGpGb0cwNFZzaHZkMGUKTUVuVXJNY2ZGZ0laN G5qTUtUUUNNNFpGVVBBaWV5THg0ZjUySHVEb3BwM2U1SnlJTWZXK0tGY05JcEt3Q3NhawpwU2 9LdElVT3NVSks3cUJWWnhjckl5ZVFWMnFjWU9lWmh0UzV3QnFJd09BaEZ3bENFVDdaZTU4UUhtUz Q4c2xqCjVlVGtSaml2QWxFeHJGektjbGpDNGF4S1Fsbk92VkF6eitHbTMyVTB4UEJGNEJ5ZVBWeEN KVUh3MVRzeVRtZWwKU3hORXA3eUhvWGN3bitmWG5hK3Q1SldoMWd4VVp0eTMKLS0tLS1FTkQ gQ0VSVElGSUNBVEUtLS0tLQo= ¶ mode: 0644 overwrite: true path: /etc/pki/ca-trust/source/anchors/examplecorp-ca.crt ¶ The trust store of machines must also support updating the trust store of nodes.","",""
"CERTIFICATE TYPES AND DESCRIPTIONS > PROXY CERTIFICATES","4.2.8","Renewal","There are no Operators that can auto-renew certificates on the RHCOS nodes. ¶ Red Hat does not monitor for when CAs expire. However, due to the long life of CAs, this is generally not an issue. However, you might need to periodically update the trust bundle.","",""
"CERTIFICATE TYPES AND DESCRIPTIONS > SERVICE CA CERTIFICATES","4.3.1","Purpose","service-ca is an Operator that creates a self-signed CA when an OpenShift Container Platform cluster is deployed.","",""
"CERTIFICATE TYPES AND DESCRIPTIONS > SERVICE CA CERTIFICATES","4.3.2","Expiration","A custom expiration term is not supported. The self-signed CA is stored in a secret with qualified name ¶ A custom expiration term is not supported. The self-signed CA is stored in a secret with qualified name service-ca/signing-key in fields tls.crt (certificate(s)), tls.key (private key), and ca-bundle.crt (CA bundle). ¶ Other services can request a service serving certificate by annotating a service resource with service.beta.openshift.io/serving-cert-secret-name: <secret name>. In response, the Operator generates a new certificate, as tls.crt, and private key, as tls.key to the named secret. The certificate is valid for two years. ¶ Other services can request that the CA bundle for the service CA be injected into API service or config map resources by annotating with service.beta.openshift.io/inject-cabundle: true to support validating certificates generated from the service CA. In response, the Operator writes its current CA bundle to the CABundle field of an API service or as service-ca.crt to a config map. ¶ As of OpenShift Container Platform 4.3.5, automated rotation is supported and is backported to some 4.2.z and 4.3.z releases. For any release supporting automated rotation, the service CA is valid for 26 months and is automatically refreshed when there is less than 13 months validity left. If necessary, you can manually refresh the service CA. ¶ The service CA expiration of 26 months is longer than the expected upgrade interval for a supported OpenShift Container Platform cluster, such that non-control plane consumers of service CA certificates will be refreshed after CA rotation and prior to the expiration of the pre-rotation CA. ¶ A manually-rotated service CA does not maintain trust with the previous service CA. You might experience a temporary service disruption until the pods in the cluster are restarted, which ensures that pods are using service serving certificates issued by the new service CA.","",""
"CERTIFICATE TYPES AND DESCRIPTIONS > SERVICE CA CERTIFICATES","4.3.3","Management","These certificates are managed by the system and not the user.","",""
"CERTIFICATE TYPES AND DESCRIPTIONS > SERVICE CA CERTIFICATES","4.3.4","Services","Services that use service CA certificates include: ¶ cluster-autoscaler-operator ¶ cluster-monitoring-operator ¶ cluster-authentication-operator ¶ cluster-image-registry-operator ¶ cluster-ingress-operator ¶ cluster-kube-apiserver-operator ¶ cluster-kube-controller-manager-operator ¶ cluster-kube-scheduler-operator cluster-networking-operator cluster-openshift-apiserver-operator cluster-openshift-controller-manager-operator cluster-samples-operator cluster-storage-operator machine-config-operator console-operator insights-operator machine-api-operator operator-lifecycle-manager CSI driver operators This is not a comprehensive list.","",""
"CERTIFICATE TYPES AND DESCRIPTIONS > SERVICE CA CERTIFICATES","4.3.5","Additional resources","Manually rotate service serving certificates Securing service traffic using service serving certificate secrets","",""
"CERTIFICATE TYPES AND DESCRIPTIONS > NODE CERTIFICATES","4.4.1","Purpose","Node certificates are signed by the cluster and allow the kubelet to communicate with the Kubernetes API server. They come from the kubelet CA certificate, which is generated by the bootstrap process.","",""
"CERTIFICATE TYPES AND DESCRIPTIONS > NODE CERTIFICATES","4.4.2","Location","The kubelet CA certificate is located in the kube-apiserver-to-kubelet-signer secret in the openshift- kube-apiserver-operator namespace.","",""
"CERTIFICATE TYPES AND DESCRIPTIONS > NODE CERTIFICATES","4.4.3","Management","These certificates are managed by the system and not the user.","",""
"CERTIFICATE TYPES AND DESCRIPTIONS > NODE CERTIFICATES","4.4.4","Expiration","Node certificates are automatically rotated after 30 days.","",""
"CERTIFICATE TYPES AND DESCRIPTIONS > NODE CERTIFICATES","4.4.5","Renewal","The Kubernetes API Server Operator automatically generates a new kube-apiserver-to-kubelet-signer ¶ The Kubernetes API Server Operator automatically generates a new kube-apiserver-to-kubelet-signer CA certificate at 292 days. The old CA certificate is removed after 365 days. Nodes are not rebooted when a kubelet CA certificate is renewed or removed. Cluster administrators can manually renew the kubelet CA certificate by running the following ¶ $ oc annotate -n openshift-kube-apiserver-operator secret kube-apiserver-to-kubelet-signer auth.openshift.io/certificate-not-after-","",""
"CERTIFICATE TYPES AND DESCRIPTIONS > NODE CERTIFICATES","4.4.6","Additional resources","Working with nodes","",""
"CERTIFICATE TYPES AND DESCRIPTIONS > BOOTSTRAP CERTIFICATES","4.5.1","Purpose","The kubelet, in OpenShift Container Platform 4 and later, uses the bootstrap certificate located in /etc/kubernetes/kubeconfig to initially bootstrap. This is followed by the bootstrap initialization process and authorization of the kubelet to create a CSR . In that process, the kubelet generates a CSR while communicating over the bootstrap channel. The controller manager signs the CSR, resulting in a certificate that the kubelet manages.","",""
"CERTIFICATE TYPES AND DESCRIPTIONS > BOOTSTRAP CERTIFICATES","4.5.2","Management","These certificates are managed by the system and not the user.","",""
"CERTIFICATE TYPES AND DESCRIPTIONS > BOOTSTRAP CERTIFICATES","4.5.3","Expiration","This bootstrap certificate is valid for 10 years. The kubelet-managed certificate is valid for one year and rotates automatically at around the 80 percent mark of that one year. ¶ OpenShift Lifecycle Manager (OLM) does not update the bootstrap certificate.","",""
"CERTIFICATE TYPES AND DESCRIPTIONS > BOOTSTRAP CERTIFICATES","4.5.4","Customization","You cannot customize the bootstrap certificates.","",""
"CERTIFICATE TYPES AND DESCRIPTIONS > ETCD CERTIFICATES","4.6.1","Purpose","etcd certificates are signed by the etcd-signer; they come from a certificate authority (CA) that is generated by the bootstrap process.","",""
"CERTIFICATE TYPES AND DESCRIPTIONS > ETCD CERTIFICATES","4.6.2","Expiration","The CA certificates are valid for 10 years. The peer, client, and server certificates are valid for three years.","",""
"CERTIFICATE TYPES AND DESCRIPTIONS > ETCD CERTIFICATES","4.6.3","Rotating the etcd certificate","The etcd certificate automatically rotates using the etcd cluster Operator. However, if a certificate must be rotated before it is automatically rotated, you can manually rotate it. ¶ 1. Make a backup copy of the current signer certificate by running the following command: $ oc get secret -n openshift-etcd etcd-signer -oyaml > signer_backup_secret.yaml ¶ 2. Delete the existing signer certificate by running the following command: $ oc delete secret -n openshift-etcd etcd-signer ¶ 3. Wait for the static pod roll out by running the following command. The static pod roll out can take a few minutes to complete. $ oc wait --for=condition=Progressing=False --timeout=15m clusteroperator/etcd","",""
"CERTIFICATE TYPES AND DESCRIPTIONS > ETCD CERTIFICATES","4.6.4","Removing an unused certificate authority from the bundle","A manual rotation does not immediately update the trust bundle to remove the public key of a previous signer certificate. The public key of the signer certificate is removed at the expiration date, however if the public key must be removed before it expires, you can delete it. ¶ 1. Delete the key by running the following command: $ oc delete configmap -n openshift-etcd etcd-ca-bundle ¶ 2. Wait for the static pod rollout by running the following command. The bundle regenerates with the current signer certificate and all unknown or unused keys are deleted. $ oc adm wait-for-stable-cluster --minimum-stable-period 2m ¶ 4.6.5. etcd certificate rotation alerts and metrics signer certificates ¶ Two alerts inform users about pending etcd certificate expiration: etcdSignerCAExpirationWarning ¶ Occurs 730 days until the signer expires. etcdSignerCAExpirationCritical ¶ Occurs 365 days until the signer expires. These alerts track the expiration date of the signer certificate authorities in the openshift-etcd namespace. You can rotate the certificate for the following reasons: ¶ You receive an expiration alert. The private key is leaked. ¶ When a private key is leaked, you must rotate all of the certificates. ¶ There is an etcd signer for the OpenShift Container Platform metrics system. Substitute the following metrics parameters in Rotating the etcd certificate . ¶ etcd-metric-signer instead of etcd-signer etcd-metrics-ca-bundle instead of etcd-ca-bundle","",""
"CERTIFICATE TYPES AND DESCRIPTIONS > ETCD CERTIFICATES","4.6.6","Management","These certificates are only managed by the system and are automatically rotated.","",""
"CERTIFICATE TYPES AND DESCRIPTIONS > ETCD CERTIFICATES","4.6.7","Services","etcd certificates are used for encrypted communication between etcd member peers and encrypted client traffic. The following certificates are generated and used by etcd and other processes that communicate with etcd: ¶ Peer certificates: Used for communication between etcd members. Client certificates: Used for encrypted server-client communication. Client certificates are currently used by the API server only, and no other service should connect to etcd directly except for the proxy. Client secrets (etcd-client, etcd-metric-client, etcd-metric-signer, and etcd-signer) are added to the openshift-config, openshift-etcd, openshift-etcd-operator, and openshift-kube-apiserver namespaces. Server certificates: Used by the etcd server for authenticating client requests. Metric certificates: All metric consumers connect to proxy with metric-client certificates.","",""
"CERTIFICATE TYPES AND DESCRIPTIONS > ETCD CERTIFICATES","4.6.8","Additional resources","Restoring to a previous cluster state","",""
"CERTIFICATE TYPES AND DESCRIPTIONS > OLM CERTIFICATES","4.7.1","Management","All certificates for Operator Lifecycle Manager (OLM) components (olm-operator, catalog-operator, ¶ All certificates for Operator Lifecycle Manager (OLM) components (olm-operator, catalog-operator, packageserver, and marketplace-operator) are managed by the system. When installing Operators that include webhooks or API services in their ClusterServiceVersion (CSV) object, OLM creates and rotates the certificates for these resources. Certificates for resources in the openshift-operator-lifecycle-manager namespace are managed by OLM. OLM does not update the certificates of Operators that it manages in proxy environments. These certificates must be managed by the user using the subscription config. ¶ Next steps Configuring proxy support in Operator Lifecycle Manager","",""
"CERTIFICATE TYPES AND DESCRIPTIONS > OLM CERTIFICATES","4.7.2","Additional resources","Proxy certificates Replacing the default ingress certificate Updating the CA bundle","",""
"CERTIFICATE TYPES AND DESCRIPTIONS > AGGREGATED API CLIENT CERTIFICATES","4.8.1","Purpose","Aggregated API client certificates are used to authenticate the KubeAPIServer when connecting to the Aggregated API Servers.","",""
"CERTIFICATE TYPES AND DESCRIPTIONS > AGGREGATED API CLIENT CERTIFICATES","4.8.2","Management","These certificates are managed by the system and not the user.","",""
"CERTIFICATE TYPES AND DESCRIPTIONS > AGGREGATED API CLIENT CERTIFICATES","4.8.3","Expiration","This CA is valid for 30 days. The managed client certificates are valid for 30 days. CA and client certificates are rotated automatically through the use of controllers.","",""
"CERTIFICATE TYPES AND DESCRIPTIONS > AGGREGATED API CLIENT CERTIFICATES","4.8.4","Customization","You cannot customize the aggregated API server certificates.","",""
"CERTIFICATE TYPES AND DESCRIPTIONS > MACHINE CONFIG OPERATOR CERTIFICATES","4.9.1","Purpose","This certificate authority is used to secure connections from nodes to Machine Config Server (MCS) during initial provisioning. There are two certificates: ¶ 1. A self-signed CA, the machine-config-server-ca config map (MCS CA) ¶ 2. A derived certificate, the machine-config-server-tls secret (MCS cert) ¶ 4.9.1.1. Provisioning details OpenShift Container Platform installations that use Red Hat Enterprise Linux CoreOS (RHCOS) are installed by using Ignition. This process is split into two parts: ¶ 1. An Ignition config is created that references a URL for the full configuration served by the MCS. ¶ 2. For user-provisioned infrastucture installation methods, the Ignition config manifests as a worker.ign file created by the openshift-install command. For installer-provisioned infrastructure installation methods that use the Machine API Operator, this configuration appears as the worker-user-data secret. ¶ Currently, there is no supported way to block or restrict the machine config server endpoint. The machine config server must be exposed to the network so that newly- provisioned machines, which have no existing configuration or state, are able to fetch their configuration. In this model, the root of trust is the certificate signing requests (CSR) endpoint, which is where the kubelet sends its certificate signing request for approval to join the cluster. Because of this, machine configs should not be used to distribute sensitive information, such as secrets and certificates. ¶ To ensure that the machine config server endpoints, ports 22623 and 22624, are secured in bare metal scenarios, customers must configure proper network policies. ¶ Machine Config Operator ¶ About the OVN-Kubernetes network plugin ¶ 4.9.1.2. Provisioning chain of trust The MCS CA is injected into the Ignition configuration under the security.tls.certificateAuthorities configuration field. The MCS then provides the complete configuration using the MCS cert presented by the web server. ¶ The client validates that the MCS cert presented by the server has a chain of trust to an authority it recognizes. In this case, the MCS CA is that authority, and it signs the MCS cert. This ensures that the client is accessing the correct server. The client in this case is Ignition running on a machine in the initramfs. ¶ 4.9.1.3. Key material inside a cluster The following objects are stored in the openshift-machine-config-operator namespace: ¶ The MCS CA bundle is stored as the machine-config-server-ca config map. The MCS CA bundle stores all valid CAs for the MachineConfigServer TLS certificate. ¶ The MCS CA signing key is stored as the machine-config-server-ca secret. The MCS CA signing key is used to sign the MachineConfigServer TLS certificate. ¶ The MCS cert is stored as the machine-config-server-tls secret, which contains the MachineConfigServer TLS certificate and key. The machine-config-server-ca config map is used in the following ways: The certificate controller updates the *-user-data secrets in the openshift-machine-api namespace any time the machine-config-server-ca configmap is updated. The Machine Config Operator renders the master-user-data-managed and worker-user-data- managed secrets from the machine-config-server-ca configmap.","",""
"CERTIFICATE TYPES AND DESCRIPTIONS > MACHINE CONFIG OPERATOR CERTIFICATES","4.9.2","Management","At this time, directly modifying either of these certificates is not supported.","",""
"CERTIFICATE TYPES AND DESCRIPTIONS > MACHINE CONFIG OPERATOR CERTIFICATES","4.9.3","Expiration","The MCS CA and MCS cert are valid for 10 years and are automatically rotated by the MCO at 8 years. The issued serving certificates are valid for 10 years. ¶ This automatic certificate rotation applies only to clusters that use machine sets. For clusters that do not use machine sets, such as vSphere user-provisioned infrastructure clusters, you are required to manually rotate these certificates. For more information on manual certificate rotation, see the Red Hat Knowledgebase article Regenerating CA certificates for the Machine Config Server.","",""
"CERTIFICATE TYPES AND DESCRIPTIONS > MACHINE CONFIG OPERATOR CERTIFICATES","4.9.4","Customization","You cannot customize the Machine Config Operator certificates.","",""
"CERTIFICATE TYPES AND DESCRIPTIONS > USER-PROVIDED CERTIFICATES FOR DEFAULT INGRESS","4.10.1","Purpose","Applications are usually exposed at <route_name>.apps.<cluster_name>.<base_domain>. The <cluster_name> and <base_domain> come from the installation config file. <route_name> is the host field of the route, if specified, or the route name. For example, hello-openshift- default.apps.username.devcluster.openshift.com. hello-openshift is the name of the route and the route is in the default namespace. You might want clients to access the applications without the need to distribute the cluster-managed CA certificates to the clients. The administrator must set a custom default certificate when serving application content. ¶ The Ingress Operator generates a default certificate for an Ingress Controller to serve as a placeholder until you configure a custom default certificate. Do not use operator-generated default certificates in production clusters.","",""
"CERTIFICATE TYPES AND DESCRIPTIONS > USER-PROVIDED CERTIFICATES FOR DEFAULT INGRESS","4.10.2","Location","The user-provided certificates must be provided in a tls type Secret resource in the openshift-ingress namespace. Update the IngressController CR in the openshift-ingress-operator namespace to enable the use of the user-provided certificate. For more information on this process, see Setting a custom default certificate.","",""
"CERTIFICATE TYPES AND DESCRIPTIONS > USER-PROVIDED CERTIFICATES FOR DEFAULT INGRESS","4.10.3","Management","User-provided certificates are managed by the user.","",""
"CERTIFICATE TYPES AND DESCRIPTIONS > USER-PROVIDED CERTIFICATES FOR DEFAULT INGRESS","4.10.4","Expiration","User-provided certificates are managed by the user.","",""
"CERTIFICATE TYPES AND DESCRIPTIONS > USER-PROVIDED CERTIFICATES FOR DEFAULT INGRESS","4.10.5","Services","Applications deployed on the cluster use user-provided certificates for default ingress.","",""
"CERTIFICATE TYPES AND DESCRIPTIONS > USER-PROVIDED CERTIFICATES FOR DEFAULT INGRESS","4.10.6","Customization","Update the secret containing the user-managed certificate as needed.","",""
"CERTIFICATE TYPES AND DESCRIPTIONS > USER-PROVIDED CERTIFICATES FOR DEFAULT INGRESS","4.10.7","Additional resources","Replacing the default ingress certificate","",""
"CERTIFICATE TYPES AND DESCRIPTIONS > INGRESS CERTIFICATES","4.11.1","Purpose","The Ingress Operator uses certificates for: Securing access to metrics for Prometheus. Securing access to routes.","",""
"CERTIFICATE TYPES AND DESCRIPTIONS > INGRESS CERTIFICATES","4.11.2","Location","To secure access to Ingress Operator and Ingress Controller metrics, the Ingress Operator uses service serving certificates. The Operator requests a certificate from the service-ca controller for its own metrics, and the service-ca controller puts the certificate in a secret named metrics-tls in the ¶ openshift-ingress-operator namespace. Additionally, the Ingress Operator requests a certificate for each Ingress Controller, and the service-ca controller puts the certificate in a secret named router- metrics-certs-<name>, where <name> is the name of the Ingress Controller, in the openshift-ingress namespace. ¶ Each Ingress Controller has a default certificate that it uses for secured routes that do not specify their own certificates. Unless you specify a custom certificate, the Operator uses a self-signed certificate by default. The Operator uses its own self-signed signing certificate to sign any default certificate that it generates. The Operator generates this signing certificate and puts it in a secret named router-ca in the openshift-ingress-operator namespace. When the Operator generates a default certificate, it puts the default certificate in a secret named router-certs-<name> (where <name> is the name of the Ingress Controller) in the openshift-ingress namespace. ¶ The Ingress Operator generates a default certificate for an Ingress Controller to serve as a placeholder until you configure a custom default certificate. Do not use Operator-generated default certificates in production clusters.","",""
"CERTIFICATE TYPES AND DESCRIPTIONS > INGRESS CERTIFICATES","4.11.3","Workflow","Reference Contents are copied ¶ n a me s p a ce/op en s h if t - n a me s p a ce/op en s h if t - i n g r es s-oper ato r ingress ¶ 0 3 deployments/router- ingresscontrollers/ default default ¶ Reference Contents are copied ¶ n a me s p a ce/op en s h if t - n a me s p a ce/op en s h if t - i n g r es s-oper ato r ingress ¶ 0 3 deployments/router- ingresscontrollers/ default default ¶ An empty defaultCertificate field causes the Ingress Operator to use its self-signed CA to generate a serving certificate for the specified domain. ¶ The default CA certificate and key generated by the Ingress Operator. Used to sign Operator- generated default serving certificates. ¶ In the default workflow, the wildcard default serving certificate, created by the Ingress Operator and signed using the generated default CA certificate. In the custom workflow, this is the user-provided certificate. ¶ The router deployment. Uses the certificate in secrets/router-certs-default as its default front- end server certificate. ¶ In the default workflow, the contents of the wildcard default serving certificate (public and private parts) are copied here to enable OAuth integration. In the custom workflow, this is the user-provided certificate. ¶ The public (certificate) part of the default serving certificate. Replaces the configmaps/router-ca resource. ¶ The user updates the cluster proxy configuration with the CA certificate that signed the ingresscontroller serving certificate. This enables components like auth, console, and the registry to trust the serving certificate. ¶ The cluster-wide trusted CA bundle containing the combined Red Hat Enterprise Linux CoreOS (RHCOS) and user-provided CA bundles or an RHCOS-only bundle if a user bundle is not provided. ¶ The custom CA certificate bundle, which instructs other components (for example, auth and console) to trust an ingresscontroller configured with a custom certificate. ¶ The trustedCA field is used to reference the user-provided CA bundle. ¶ The Cluster Network Operator injects the trusted CA bundle into the proxy-ca config map. ¶ OpenShift Container Platform 4.19 and newer use default-ingress-cert.","",""
"CERTIFICATE TYPES AND DESCRIPTIONS > INGRESS CERTIFICATES","4.11.4","Expiration","The expiration terms for the Ingress Operator's certificates are as follows: The expiration date for metrics certificates that the service-ca controller creates is two years after the date of creation. The expiration date for the Operator's signing certificate is two years after the date of creation. The expiration date for default certificates that the Operator generates is two years after the date of creation. ¶ You cannot specify custom expiration terms on certificates that the Ingress Operator or service-ca controller creates. ¶ You cannot specify expiration terms when installing OpenShift Container Platform for certificates that ¶ You cannot specify expiration terms when installing OpenShift Container Platform for certificates that the Ingress Operator or service-ca controller creates.","",""
"CERTIFICATE TYPES AND DESCRIPTIONS > INGRESS CERTIFICATES","4.11.5","Services","Prometheus uses the certificates that secure metrics. The Ingress Operator uses its signing certificate to sign default certificates that it generates for Ingress Controllers for which you do not set custom default certificates. Cluster components that use secured routes may use the default Ingress Controller's default certificate. Ingress to the cluster via a secured route uses the default certificate of the Ingress Controller by which the route is accessed unless the route specifies its own certificate.","",""
"CERTIFICATE TYPES AND DESCRIPTIONS > INGRESS CERTIFICATES","4.11.6","Management","Ingress certificates are managed by the user. For more information, see Replacing the default ingress certificate .","",""
"CERTIFICATE TYPES AND DESCRIPTIONS > INGRESS CERTIFICATES","4.11.7","Renewal","The service-ca controller automatically rotates the certificates that it issues. However, it is possible to use oc delete secret <secret> to manually rotate service serving certificates. The Ingress Operator does not rotate its own signing certificate or the default certificates that it generates. Operator-generated default certificates are intended as placeholders for custom default certificates that you configure. ¶ 4.12. MONITORING AND OPENSHIFT LOGGING OPERATOR COMPONENT CERTIFICATES","",""
"CERTIFICATE TYPES AND DESCRIPTIONS > INGRESS CERTIFICATES","4.12.1","Expiration","Monitoring components secure their traffic with service CA certificates. These certificates are valid for 2 years and are replaced automatically on rotation of the service CA, which is every 13 months. If the certificate is present in the openshift-monitoring or openshift-logging namespace, it is system managed and rotated automatically.","",""
"CERTIFICATE TYPES AND DESCRIPTIONS > INGRESS CERTIFICATES","4.12.2","Management","These certificates are managed by the system and not the user.","",""
"CERTIFICATE TYPES AND DESCRIPTIONS > CONTROL PLANE CERTIFICATES","4.13.1","Location","Control plane certificates are included in these namespaces: openshift-config-managed ¶ openshift-kube-apiserver openshift-kube-apiserver-operator openshift-kube-controller-manager openshift-kube-controller-manager-operator openshift-kube-scheduler","",""
"CERTIFICATE TYPES AND DESCRIPTIONS > CONTROL PLANE CERTIFICATES","4.13.2","Management","Control plane certificates are managed by the system and rotated automatically. In the rare case that your control plane certificates have expired, see Recovering from expired control plane certificates.","",""
"CERTIFICATE TYPES AND DESCRIPTIONS > COMPLIANCE OPERATOR OVERVIEW","5.1.1","Compliance Operator concepts","Understanding the Compliance Operator Understanding the Custom Resource Definitions","",""
"CERTIFICATE TYPES AND DESCRIPTIONS > COMPLIANCE OPERATOR OVERVIEW","5.1.2","Compliance Operator management","Installing the Compliance Operator Updating the Compliance Operator Managing the Compliance Operator Uninstalling the Compliance Operator","",""
"CERTIFICATE TYPES AND DESCRIPTIONS > COMPLIANCE OPERATOR OVERVIEW","5.1.3","Compliance Operator scan management","Supported compliance profiles Compliance Operator scans Tailoring the Compliance Operator Retrieving Compliance Operator raw results Managing Compliance Operator remediation Performing advanced Compliance Operator tasks Troubleshooting the Compliance Operator Using the oc-compliance plugin","",""
"CERTIFICATE TYPES AND DESCRIPTIONS > COMPLIANCE OPERATOR RELEASE NOTES > OpenShift Compliance Operator 1.9.0","5.2.1.1","New features and enhancements","With this update, the Compliance Operator has extended the Common Expression Language (CEL) scanner to Rules, in Technology Preview status. CEL does not replace the existing XCCDF (Extensible Configuration Checklist Description Format) profiles but extends the ability to comply with custom security policies. For more information, see (CMP-4134). ¶ With this release, the Compliance Operator now allows custom attributes defined in ComplianceRule objects to be automatically propagated to the corresponding ComplianceCheckResult objects. For more information, see ( CMP-3974). ¶ With this release, the Compliance Operator now supports CIS OpenShift benchmark version 1.9.0. Version 1.7.0 is now deprecated. For more information, see (CMP-3520).","",""
"CERTIFICATE TYPES AND DESCRIPTIONS > COMPLIANCE OPERATOR RELEASE NOTES > OpenShift Compliance Operator 1.9.0","5.2.1.2","Bug Fixes","Before this release, Compliance Operator would create an unbound ServiceAccount token used for metrics access. This could raise a security concern over an unused token. With this release, the unbound ServiceAccount token is not created. For more information, see ( CMP- 3743). ¶ Before this release, File Integrity Operator (FIO) would fail when it is installed before Compliance Operator (CO) is installed and runs the first CO scan. With this release, FIO and CO run correctly when both are installed. For more information, see (CMP-4112). ¶ Before this release, if ScanSettings were configured to disable result storage and a platform scan was then performed after the change, the scan would hang and time out. Now, if ScanSettings are configured to disable result storage, the platform scan will continue to completion. For more information, see (CMP-4116). ¶ Previously, ProfileBundle objects could become stuck in a PENDING state indefinitely during Operator upgrades or content image changes. This would require manual intervention to resolve, such as deleting the profileparser deployment or restarting the Operator. With this release, the ProfileBundle controller now detects and automatically recovers from this condition with no user action required. This improvement is transparent and does not affect any APIs, custom resources, or configuration. For more information, see (CMP-4117). ¶ Before this release, Compliance Operator rules did not add the proper annotation for rules selected in CIS profiles, which resulted in absence of the annotation and results not being displayed in ACS. Now, when annotations are added, the checks appear in the final ACS report and the compliance dashboard with the correct control tag. For more information, see (CMP- 4120).","",""
"CERTIFICATE TYPES AND DESCRIPTIONS > COMPLIANCE OPERATOR RELEASE NOTES","5.2.2","OpenShift Compliance Operator 1.8.2","The following advisory is available for the OpenShift Compliance Operator 1.8.2: ¶ RHSA-2026:1859 - OpenShift Compliance Operator 1.8.2 bug fix and enhancement update ¶ 5.2.2.1. Bug Fixes Red Hat recommends that customers upgrade to version 1.8.2 of Compliance Operator. For more information, see (CVE-2025-68973).","",""
"CERTIFICATE TYPES AND DESCRIPTIONS > COMPLIANCE OPERATOR RELEASE NOTES","5.2.3","OpenShift Compliance Operator 1.8.1","The following advisory is available for the OpenShift Compliance Operator 1.8.1: ¶ RHSA-2026:0737 - OpenShift Compliance Operator 1.8.1 bug fix and enhancement update ¶ 5.2.3.1. Bug Fixes Before this release, Compliance Operator could cause a privilege escalation due to incorrect permissions on /etc/passwd. With this release, the permissions have been corrected. For more information, see (CVE-2025-7195). ¶ Previously, Compliance Operator scans using rhcos4 profile would incorrectly return NOT- APPLICABLE scan results when using Red Hat Enterprise Linux CoreOS (RHCOS) 10 systems. With this release, scans using rhcos4 profiles return COMPLIANT and NON-COMPLIANT results. For more information, see (CMP-4034).","",""
"CERTIFICATE TYPES AND DESCRIPTIONS > COMPLIANCE OPERATOR RELEASE NOTES > OpenShift Compliance Operator 1.8.0","5.2.4.2","Bug fixes","With this release, automatic remediation for API server encryption now applies the appropriate encryption mode based on OpenShift version: AES-GCM for OpenShift 4.13.0 and higher versions, AES-CBC for earlier versions. Both encryption modes remain compliant across all OpenShift versions. For more information, see (CMP-3248). ¶ Prior to this release, Compliance Operator would remediate SSH settings on RHCOS hosts by deploying a fixed sshd_config file containing all SSH hardening settings. If the scan for corresponding rules failed, this could result in unintended configuration changes to SSH. With this release, Compliance Operator applies very specific remediations to SSH according to the rules shown in https://github.com/ComplianceAsCode/content/blob/master/shared/macros/10- kubernetes.jinja#L1-L154. For more information, see ( CMP-3553). ¶ For prior versions of Compliance Operator, the log rotation function depended on finding the logrotate file in the /etc/cron.daily folder. With this release, Compliance Operator works with the logrotate.timer service. This provides reliable log rotation behavior from Compliance ¶ For previous versions of Compliance Operator, it is possible for the STIG ID to be omitted from the compliance report. These omissions were caused by missing stigref and stigid values. With this release, the omissions have been corrected and now STIG ID reliably shows up in the compliance report. ¶ Prior to this release, Compliance Operator STIG control CNTR-OS-000720 selected rule rhcos4-audit-rules-suid-privilege-function, but since the rule was not available in Compliance Operator, no output was generated. With this release, the rule, rhcos4-audit-rules-suid- privilege-function is now available in Compliance Operator and listed in the scan output. For more information, see (CMP-3558). ¶ In previous versions of Compliance Operator, scanning with the ocp4-stig profile would fail for the rule ocp4-stig-modified-audit-log-forwarding-uses-tls even if TLS is enabled correctly. This would occur because the tls:// field is no longer required by the ClusterLogForwarder resource, causing the scan output to show an incorrect FAIL result. With this release, the protocol prefix is not required and the scan output produces correct results. For more information, see (routes-protected-by-tls compliance check failing when ODF 4.11 is installed ). ¶ Previously, there was no automated method to check if API servers were using unsupported ¶ Previously, there was no automated method to check if API servers were using unsupported configuration overrides as recommended by CIS Benchmark control 1.2.31 or 1.2.33. This release provides dedicated rules for checking for unsupported configuration overrides. ¶ For prior releases of Compliance Operator, some rules were missing a variable reference in the annotation, such as rule resource-requests-limits. With this release, the variable reference is available for rules and the erroneous output is eliminated. For more information, see (CMP- 3582). ¶ Previously, the ocp4-routes-rate-limit rule required setting rate limits for all routes outside the openshift and kube namespaces. However, using the feature and scanning for it presented problems because other namespaces managed by critical Operators should not be modified and not be scanned for the modification by Compliance Operator. With this release, routes managed by critical Operators are not flagged as errors by the Compliance Operator. ¶ In prior versions of Compliance Operator, a ComplianceScan reported the warning SDN not found when the openshift-sdn networking provider was not found. In this release, Compliance Operator suppresses the warning when OpenShift-SDN is not the active networking provider. For more information, see (CMP-3591). ¶ Previously, duplicate variables could be accidentally created in TailoredProfile and were not correctly detected by Compliance Operator. With this release, duplicate setValues in TailoredProfile are identified and trigger a warning event from a compliance scan. ¶ In previous releases of Compliance Operator, the rule ocp4-audit-log-forwarding-uses-tls failed when the clusterlogforwarder output configuration contained maps without a URL key. With this release, the rule correctly filters for outputs that have a URL field, showing PASS when TLS is properly enabled for clusterlogforwarder. For more information, see ( CMP-3597). ¶ In prior versions of Compliance Operator, for the rule rhcos4-service-systemd-coredump- disabled, no remediation was generated after scanning the cluster. In this release, remediation is provided for rhcos4-service-systemd-coredump-disabled. ¶ In prior versions of Compliance Operator, the rule to check the setting of imagestream.spec.tags.importPolicy.scheduled would return FAIL even when the configuration was correct. With this release, the rule now correctly excludes imagestreams managed by the samples operator and those owned by ClusterVersion, resulting in accurate compliance status reporting. ¶ In prior releases, Compliance Operator included outdated TLS cipher suite rules which used unsupported configuration overrides with defective remediations. With this release, these outdated rules have been removed from the default profile. Also, the ocp4-kubelet-configure- tls-cipher-suites-ingresscontroller rule has been renamed to ocp4-ingress-controller-tls- cipher-suites for better organization. For more information, see ( CMP-3606). ¶ In prior versions of Compliance Operator, creating ComplianceScans directly with custom content images failed during the profile deprecation check. With this release, Compliance Operator gracefully handles cases where the ProfileBundle cannot be determined, logging an informational message instead of failing the scan. For more information, see (CMP-3613). ¶ Previously, Compliance Operator scanned incorrectly flagged passthrough routes as NON- COMPLIANT with the ocp4-routes-protected-by-tls rule. With this release, passthrough routes are properly excluded from this rule because they delegate TLS termination to the backend application.","",""
"CERTIFICATE TYPES AND DESCRIPTIONS > COMPLIANCE OPERATOR RELEASE NOTES","5.2.5","OpenShift Compliance Operator 1.7.1","The following advisory is available for the OpenShift Compliance Operator 1.7.1: ¶ RHBA-2025:14639 - OpenShift Compliance Operator 1.7.1 bug fix update ¶ The OpenShift Compliance Operator 1.7.1 supports PCI-DSS versions 3.2.1 and 4.0.0 on IBM Z® (s390x) architecture. ¶ 5.2.5.1. Bug fixes Previously, the Compliance Operator's pauser container could be terminated due to running out of memory, showing the status OOMKilled. With this update, the memory limit for the pauser container is increased to prevent the error and improve overall stability. ( OCPBUGS- 50924)","",""
"CERTIFICATE TYPES AND DESCRIPTIONS > COMPLIANCE OPERATOR RELEASE NOTES","5.2.6","OpenShift Compliance Operator 1.7.0","The following advisory is available for the OpenShift Compliance Operator 1.7.0: ¶ RHBA-2025:3728 - OpenShift Compliance Operator 1.7.0 bug fix and enhancement update ¶ 5.2.6.1. New features and enhancements A must-gather extension is now available for the Compliance Operator installed on aarch64, x86, ppc64le, and s390x architectures. The must-gather tool provides crucial configuration details to Red Hat Customer Support and engineering. For more information, see Using the must-gather tool for the Compliance Operator. ¶ CIS Benchmark Support has been added to Compliance Operator 1.7.0. The profile supported is CIS OpenShift Benchmark 1.7.0. For more information, see (CMP-3081) ¶ Compliance Operator is now supported on aarch64 architecture for CIS OpenShift Benchmark 1.7.0 and FedRAMP Moderate Revision 4. For more information, see (CMP-2960) ¶ Compliance Operator 1.7.0 now supports OpenShift DISA STIG V2R2 profiles for OpenShift and RHCOS. For more information, see (CMP-3142) ¶ Compliance Operator 1.7.0 now supports deprecation of old, unsupported profile versions, such as deprecation of CIS 1.4 profiles, CIS 1.5 profiles, DISA STIG V1R1 profiles and DISA STIG V2R1 profiles. For more information, see (CMP-3149) ¶ With this release of Compliance Operator 1.7.0, the deprecation of older CIS and DISA STIG profiles mean that these older profiles will no longer be supported with the appearance of Compliance Operator 1.8.0. For more information, see (CMP-3284) ¶ With this release of Compliance Operator 1.7.0, BSI profile support is added for OpenShift. For more information, refer to the KCS article BSI Quick Check and BSI Compliance Summary. ¶ 5.2.6.2. Bug fixes Before this release, Compliance Operator would provide an unneeded remediation recommendation due to differences in filesystem structure for the s390x architecture. With this ¶ release, the Compliance Operator now recognizes the differences in filesystem structure and does not provide the misleading remediation. With this update, the rule is now more clearly defined. (OCPBUGS-33194) ¶ Previously, the instructions for rule ocp4-etcd-unique-ca did not work for OpenShift 4.17 and later. With this update, the instructions and actionable steps are corrected. (OCPBUGS-42350) ¶ When using the Compliance Operator with Cluster Logging Operator (CLO) version 6.0, various rules would fail. This is due to backwards incompatible changes to the CRDs that CLO uses. The Compliance Operator relies on those CRDs to verify logging functionality. The CRDs have been corrected to support the PCI-DSS profiles with CLO. (OCPBUGS-43229) ¶ After installing Cluster Logging Operator (CLO) 6.0, users found that the ComplianceCheckResult ocp4-cis-audit-log-forwarding-enabled was failing because there was a change in the APIversion of the clusterlogforwarder resource. Log collection and forwarding configurations are now specified under the new API, part of the observability.openshift.io API group. (OCPBUGS-43585) ¶ For previous releases of Compliance Operator, the scans would generate an error log for the reconcile loop on the Operator pod. With this release, the Compliance Operator controller logic is more stable. (OCPBUGS-51267) ¶ Previously, the rules file-integrity-exists or file-integrity-notification-enabled would fail on aarch64 OpenShift clusters. With this update, these rules evaluate as NOT-APPLICABLE on aarch64 systems. (OCPBUGS-52884) ¶ Before this release of the Compliance Operator, the rule kubelet-configure-tls-cipher-suites failed for the API server ciphers, resulting in E2E-FAILURE status. The rule has been updated to check new ciphers from RFC 8446, which are included with OpenShift 4.18. The rule is now being evaluated correctly. (OCPBUGS-54212) ¶ Previously, the Compliance Operator platform scan would fail and produce the message failed to parse Ignition config. With this release, the Compliance Operator is safe to run on 4.19 clusters, when that version of OpenShift is available to customers. (OCPBUGS-54403) ¶ Before this release of Compliance Operator, several rules were not platform aware, creating unneeded errors. Now that the rules have been properly ported to other architectures, those rules run correctly and users can observe some Compliance Check Results reporting NOT- APPLICABLE appropriately, depending on the architecture they are using. ( OCPBUGS-53041) ¶ Previously, the rule file-groupowner-ovs-conf-db-hugetlbf would fail unexpectedly. With this release, the rule fails only when this is the needed result. (OCPBUGS-55190)","",""
"CERTIFICATE TYPES AND DESCRIPTIONS > COMPLIANCE OPERATOR RELEASE NOTES","5.2.7","OpenShift Compliance Operator 1.6.2","The following advisory is available for the OpenShift Compliance Operator 1.6.2: ¶ RHBA-2025:2659 - OpenShift Compliance Operator 1.6.2 update ¶ CVE-2024-45338 is resolved in the Compliance Operator 1.6.2 release. (CVE-2024-45338)","",""
"CERTIFICATE TYPES AND DESCRIPTIONS > COMPLIANCE OPERATOR RELEASE NOTES","5.2.8","OpenShift Compliance Operator 1.6.1","The following advisory is available for the OpenShift Compliance Operator 1.6.1: ¶ RHBA-2024:10367 - OpenShift Compliance Operator 1.6.1 update ¶ This update includes upgraded dependencies in underlying base images.","",""
"CERTIFICATE TYPES AND DESCRIPTIONS > COMPLIANCE OPERATOR RELEASE NOTES > OpenShift Compliance Operator 1.6.0","5.2.9.1","New features and enhancements","The Compliance Operator now contains supported profiles for Payment Card Industry Data Security Standard (PCI-DSS) version 4. For more information, see Supported compliance profiles. ¶ The Compliance Operator now contains supported profiles for Defense Information Systems Agency Security Technical Implementation Guide (DISA STIG) V2R1. For more information, see Supported compliance profiles . ¶ A must-gather extension is now available for the Compliance Operator installed on x86, ppc64le, and s390x architectures. The must-gather tool provides crucial configuration details to Red Hat Customer Support and engineering. For more information, see Using the must- gather tool for the Compliance Operator.","",""
"CERTIFICATE TYPES AND DESCRIPTIONS > COMPLIANCE OPERATOR RELEASE NOTES > OpenShift Compliance Operator 1.6.0","5.2.9.2","Bug fixes","Before this release, a misleading description in the ocp4-route-ip-whitelist rule resulted in misunderstanding, causing potential for misconfigurations. With this update, the rule is now more clearly defined. (CMP-2485) ¶ Previously, the reporting of all of the ComplianceCheckResults for a DONE status ComplianceScan was incomplete. With this update, annotation has been added to report the number of total ComplianceCheckResults for a ComplianceScan with a DONE status. (CMP- 2615) ¶ Previously, the ocp4-cis-scc-limit-container-allowed-capabilities rule description contained ambiguous guidelines, leading to confusion among users. With this update, the rule description and actionable steps are clarified. (OCPBUGS-17828) ¶ Before this update, sysctl configurations caused certain auto remediations for RHCOS4 rules to fail scans in affected clusters. With this update, the correct sysctl settings are applied and RHCOS4 rules for FedRAMP High profiles pass scans correctly. (OCPBUGS-19690) ¶ Before this update, an issue with a jq filter caused errors with the rhacs-operator-controller- manager deployment during compliance checks. With this update, the jq filter expression is updated and the rhacs-operator-controller-manager deployment is exempt from compliance checks pertaining to container resource limits, eliminating false positive results. (OCPBUGS- 19690) ¶ Before this update, rhcos4-high and rhcos4-moderate profiles checked values of an incorrectly titled configuration file. As a result, some scan checks could fail. With this update, the rhcos4 profiles now check the correct configuration file and scans pass correctly. ( OCPBUGS- 31674) ¶ Previously, the accessokenInactivityTimeoutSeconds variable used in the oauthclient- inactivity-timeout rule was immutable, leading to a FAIL status when performing DISA STIG scans. With this update, proper enforcement of the accessTokenInactivityTimeoutSeconds variable operates correctly and a PASS status is now possible. ( OCPBUGS-32551) ¶ Before this update, some annotations for rules were not updated, displaying the incorrect control standards. With this update, annotations for rules are updated correctly, ensuring the correct control standards are displayed. (OCPBUGS-34982) ¶ Previously, when upgrading to Compliance Operator 1.5.1, an incorrectly referenced secret in a ServiceMonitor configuration caused integration issues with the Prometheus Operator. With this update, the Compliance Operator will accurately reference the secret containing the token for ServiceMonitor metrics. (OCPBUGS-39417)","",""
"CERTIFICATE TYPES AND DESCRIPTIONS > COMPLIANCE OPERATOR RELEASE NOTES","5.2.10","OpenShift Compliance Operator 1.5.1","The following advisory is available for the OpenShift Compliance Operator 1.5.1: ¶ RHBA-2024:5956 - OpenShift Compliance Operator 1.5.1 bug fix and enhancement update","",""
"CERTIFICATE TYPES AND DESCRIPTIONS > COMPLIANCE OPERATOR RELEASE NOTES","5.2.11","OpenShift Compliance Operator 1.5.0","The following advisory is available for the OpenShift Compliance Operator 1.5.0: ¶ RHBA-2024:3533 - OpenShift Compliance Operator 1.5.0 bug fix and enhancement update ¶ 5.2.11.1. New features and enhancements With this update, the Compliance Operator provides a unique profile ID for easier programmatic use. (CMP-2450) ¶ With this release, the Compliance Operator is now tested and supported on the ROSA HCP environment. The Compliance Operator loads only Node profiles when running on ROSA HCP. This is because a Red Hat managed platform restricts access to the control plane, which makes Platform profiles irrelevant to the operator's function.(CMP-2581) ¶ 5.2.11.2. Bug fixes CVE-2024-2961 is resolved in the Compliance Operator 1.5.0 release. (CVE-2024-2961) ¶ Previously, for ROSA HCP systems, profile listings were incorrect. This update allows the Compliance Operator to provide correct profile output. (OCPBUGS-34535) ¶ With this release, namespaces can be excluded from the ocp4-configure-network-policies- namespaces check by setting the ocp4-var-network-policies-namespaces-exempt-regex variable in the tailored profile. (CMP-2543)","",""
"CERTIFICATE TYPES AND DESCRIPTIONS > COMPLIANCE OPERATOR RELEASE NOTES > OpenShift Compliance Operator 1.4.1","5.2.12.1","New features and enhancements","As of this release, the Compliance Operator now provides the CIS OpenShift 1.5.0 profile rules. (CMP-2447) ¶ With this update, the Compliance Operator now provides OCP4 STIG ID and SRG with the profile rules. (CMP-2401) ¶ With this update, obsolete rules being applied to s390x have been removed. (CMP-2471)","",""
"CERTIFICATE TYPES AND DESCRIPTIONS > COMPLIANCE OPERATOR RELEASE NOTES > OpenShift Compliance Operator 1.4.1","5.2.12.2","Bug fixes","Previously, for Red Hat Enterprise Linux CoreOS (RHCOS) systems using Red Hat Enterprise Linux (RHEL) 9, application of the ocp4-kubelet-enable-protect-kernel-sysctl-file-exist rule failed. This update replaces the rule with ocp4-kubelet-enable-protect-kernel-sysctl. Now, after auto remediation is applied, RHEL 9-based RHCOS systems will show PASS upon the application of this rule. (OCPBUGS-13589) ¶ Previously, after applying compliance remediations using profile rhcos4-e8, the nodes were no longer accessible using SSH to the core user account. With this update, nodes remain accessible through SSH using the `sshkey1 option. (OCPBUGS-18331) ¶ Previously, the STIG profile was missing rules from CaC that fulfill requirements on the published STIG for OpenShift Container Platform. With this update, upon remediation, the cluster satisfies STIG requirements that can be remediated using Compliance Operator. (OCPBUGS-26193) ¶ Previously, creating a ScanSettingBinding object with profiles of different types for multiple products bypassed a restriction against multiple products types in a binding. With this update, the product validation now allows multiple products regardless of the of profile types in the ScanSettingBinding object. (OCPBUGS-26229) ¶ Previously, running the rhcos4-service-debug-shell-disabled rule showed as FAIL even after auto-remediation was applied. With this update, running the rhcos4-service-debug-shell- disabled rule now shows PASS after auto-remediation is applied. (OCPBUGS-28242) ¶ With this update, instructions for the use of the rhcos4-banner-etc-issue rule are enhanced to provide more detail. (OCPBUGS-28797) ¶ Previously the api_server_api_priority_flowschema_catch_all rule provided FAIL status on OpenShift Container Platform 4.16 clusters. With this update, the api_server_api_priority_flowschema_catch_all rule provides PASS status on OpenShift Container Platform 4.16 clusters. (OCPBUGS-28918) ¶ Previously, when a profile was removed from a completed scan shown in a ScanSettingBinding (SSB) object, the Compliance Operator did not remove the old scan. Afterward, when launching a new SSB using the deleted profile, the Compliance Operator failed to update the result. With this release of the Compliance Operator, the new SSB now shows the new compliance check result. (OCPBUGS-29272) ¶ Previously, on ppc64le architecture, the metrics service was not created. With this update, when deploying the Compliance Operator v1.4.1 on ppc64le architecture, the metrics service is now created correctly. (OCPBUGS-32797) ¶ Previously, on a HyperShift hosted cluster, a scan with the ocp4-pci-dss profile will run into an unrecoverable error due to a filter cannot iterate issue. With this release, the scan for the ocp4- pci-dss profile will reach done status and return either a Compliance or Non-Compliance test ¶ result. (OCPBUGS-33067)","",""
"CERTIFICATE TYPES AND DESCRIPTIONS > COMPLIANCE OPERATOR RELEASE NOTES","5.2.13","OpenShift Compliance Operator 1.4.0","The following advisory is available for the OpenShift Compliance Operator 1.4.0: ¶ RHBA-2023:7658 - OpenShift Compliance Operator bug fix and enhancement update ¶ 5.2.13.1. New features and enhancements With this update, clusters which use custom node pools outside the default worker and master node pools no longer need to supply additional variables to ensure Compliance Operator aggregates the configuration file for that node pool. ¶ Users can now pause scan schedules by setting the ScanSetting.suspend attribute to True. This allows users to suspend a scan schedule and reactivate it without the need to delete and re-create the ScanSettingBinding. This simplifies pausing scan schedules during maintenance periods. (CMP-2123) ¶ Compliance Operator now supports an optional version attribute on Profile custom resources. (CMP-2125) ¶ Compliance Operator now supports profile names in ComplianceRules. (CMP-2126) ¶ Compliance Operator compatibility with improved cronjob API improvements is available in this release. (CMP-2310) ¶ 5.2.13.2. Bug fixes Previously, on a cluster with Windows nodes, some rules will FAIL after auto remediation is applied because the Windows nodes were not skipped by the compliance scan. With this release, Windows nodes are correctly skipped when scanning. (OCPBUGS-7355) ¶ With this update, rprivate default mount propagation is now handled correctly for root volume mounts of pods that rely on multipathing. (OCPBUGS-17494) ¶ Previously, the Compliance Operator would generate a remediation for coreos_vsyscall_kernel_argument without reconciling the rule even while applying the remediation. With release 1.4.0, the coreos_vsyscall_kernel_argument rule properly evaluates kernel arguments and generates an appropriate remediation.(OCPBUGS-8041) ¶ Before this update, rule rhcos4-audit-rules-login-events-faillock would fail even after auto- remediation has been applied. With this update, rhcos4-audit-rules-login-events-faillock failure locks are now applied correctly after auto-remediation. (OCPBUGS-24594) ¶ Previously, upgrades from Compliance Operator 1.3.1 to Compliance Operator 1.4.0 would cause OVS rules scan results to go from PASS to NOT-APPLICABLE. With this update, OVS rules scan results now show PASS (OCPBUGS-25323)","",""
"CERTIFICATE TYPES AND DESCRIPTIONS > COMPLIANCE OPERATOR RELEASE NOTES","5.2.14","OpenShift Compliance Operator 1.3.1","The following advisory is available for the OpenShift Compliance Operator 1.3.1: ¶ RHBA-2023:5669 - OpenShift Compliance Operator bug fix and enhancement update ¶ This update addresses a CVE in an underlying dependency. ¶ 5.2.14.1. New features and enhancements You can install and use the Compliance Operator in an OpenShift Container Platform cluster running in FIPS mode. ¶ To enable FIPS mode for your cluster, you must run the installation program from a Red Hat Enterprise Linux (RHEL) computer configured to operate in FIPS mode. For more information about configuring FIPS mode on RHEL, see Switching RHEL to FIPS mode . ¶ When running Red Hat Enterprise Linux (RHEL) or Red Hat Enterprise Linux CoreOS (RHCOS) booted in FIPS mode, OpenShift Container Platform core components use the RHEL cryptographic libraries that have been submitted to NIST for FIPS 140-2/140-3 Validation on only the x86_64, ppc64le, and s390x architectures. ¶ 5.2.14.2. Known issue On a cluster with Windows nodes, some rules will FAIL after auto remediation is applied because the Windows nodes are not skipped by the compliance scan. This differs from the expected results because the Windows nodes must be skipped when scanning. (OCPBUGS-7355)","",""
"CERTIFICATE TYPES AND DESCRIPTIONS > COMPLIANCE OPERATOR RELEASE NOTES","5.2.15","OpenShift Compliance Operator 1.3.0","The following advisory is available for the OpenShift Compliance Operator 1.3.0: ¶ RHBA-2023:5102 - OpenShift Compliance Operator enhancement update ¶ 5.2.15.1. New features and enhancements The Defense Information Systems Agency Security Technical Implementation Guide (DISA- STIG) for OpenShift Container Platform is now available from Compliance Operator 1.3.0. See Supported compliance profiles for additional information. ¶ Compliance Operator 1.3.0 now supports IBM Power® and IBM Z® for NIST 800-53 Moderate- Impact Baseline for OpenShift Container Platform platform and node profiles.","",""
"CERTIFICATE TYPES AND DESCRIPTIONS > COMPLIANCE OPERATOR RELEASE NOTES","5.2.16","OpenShift Compliance Operator 1.2.0","The following advisory is available for the OpenShift Compliance Operator 1.2.0: ¶ RHBA-2023:4245 - OpenShift Compliance Operator enhancement update ¶ 5.2.16.1. New features and enhancements The CIS OpenShift Container Platform 4 Benchmark v1.4.0 profile is now available for platform and node applications. To locate the CIS OpenShift Container Platform v4 Benchmark, go to CIS Benchmarks and click Download Latest CIS Benchmark, where you can then register to download the benchmark. ¶ Upgrading to Compliance Operator 1.2.0 will overwrite the CIS OpenShift Container Platform 4 Benchmark 1.1.0 profiles. If your OpenShift Container Platform environment contains existing cis and cis- node remediations, there might be some differences in scan results after upgrading to Compliance Operator 1.2.0. ¶ Additional clarity for auditing security context constraints (SCCs) is now available for the scc- limit-container-allowed-capabilities rule.","",""
"CERTIFICATE TYPES AND DESCRIPTIONS > COMPLIANCE OPERATOR RELEASE NOTES","5.2.17","OpenShift Compliance Operator 1.1.0","The following advisory is available for the OpenShift Compliance Operator 1.1.0: RHBA-2023:3630 - OpenShift Compliance Operator bug fix and enhancement update ¶ 5.2.17.1. New features and enhancements A start and end timestamp is now available in the ComplianceScan custom resource definition (CRD) status. The Compliance Operator can now be deployed on hosted control planes using the OperatorHub by creating a Subscription file. For more information, see Installing the Compliance Operator on hosted control planes. ¶ 5.2.17.2. Bug fixes Before this update, some Compliance Operator rule instructions were not present. After this update, instructions are improved for the following rules: classification_banner ¶ oauth_login_template_set ¶ oauth_logout_url_set ¶ oauth_provider_selection_set ¶ ocp_allowed_registries ¶ ocp_allowed_registries_for_import (OCPBUGS-10473) Before this update, check accuracy and rule instructions were unclear. After this update, the check accuracy and instructions are improved for the following sysctl rules: kubelet-enable-protect-kernel-sysctl ¶ kubelet-enable-protect-kernel-sysctl-kernel-keys-root-maxbytes ¶ kubelet-enable-protect-kernel-sysctl-kernel-keys-root-maxkeys ¶ kubelet-enable-protect-kernel-sysctl-kernel-panic ¶ kubelet-enable-protect-kernel-sysctl-kernel-panic-on-oops ¶ kubelet-enable-protect-kernel-sysctl-vm-overcommit-memory ¶ kubelet-enable-protect-kernel-sysctl-vm-panic-on-oom (OCPBUGS-11334) ¶ Before this update, the ocp4-alert-receiver-configured rule did not include instructions. With this update, the ocp4-alert-receiver-configured rule now includes improved instructions. (OCPBUGS-7307) ¶ Before this update, the rhcos4-sshd-set-loglevel-info rule would fail for the rhcos4-e8 profile. With this update, the remediation for the sshd-set-loglevel-info rule was updated to apply the correct configuration changes, allowing subsequent scans to pass after the remediation is applied. (OCPBUGS-7816) ¶ Before this update, a new installation of OpenShift Container Platform with the latest Compliance Operator install failed on the scheduler-no-bind-address rule. With this update, the scheduler-no-bind-address rule has been disabled on newer versions of OpenShift Container Platform since the parameter was removed. (OCPBUGS-8347)","",""
"CERTIFICATE TYPES AND DESCRIPTIONS > COMPLIANCE OPERATOR RELEASE NOTES","5.2.18","OpenShift Compliance Operator 1.0.0","The following advisory is available for the OpenShift Compliance Operator 1.0.0: ¶ RHBA-2023:1682 - OpenShift Compliance Operator bug fix update ¶ 5.2.18.1. New features and enhancements The Compliance Operator is now stable and the release channel is upgraded to stable. Future releases will follow Semantic Versioning. To access the latest release, see Updating the Compliance Operator. ¶ 5.2.18.2. Bug fixes Before this update, the compliance_operator_compliance_scan_error_total metric had an ERROR label with a different value for each error message. With this update, the compliance_operator_compliance_scan_error_total metric does not increase in values. (OCPBUGS-1803) ¶ Before this update, the ocp4-api-server-audit-log-maxsize rule would result in a FAIL state. With this update, the error message has been removed from the metric, decreasing the cardinality of the metric in line with best practices. (OCPBUGS-7520) ¶ Before this update, the rhcos4-enable-fips-mode rule description was misleading that FIPS could be enabled after installation. With this update, the rhcos4-enable-fips-mode rule description clarifies that FIPS must be enabled at install time. (OCPBUGS-8358)","",""
"CERTIFICATE TYPES AND DESCRIPTIONS > COMPLIANCE OPERATOR RELEASE NOTES > OpenShift Compliance Operator 0.1.61","5.2.19.1","New features and enhancements","The Compliance Operator now supports timeout configuration for Scanner Pods. The timeout is specified in the ScanSetting object. If the scan is not completed within the timeout, the scan retries until the maximum number of retries is reached. See Configuring ScanSetting timeout for more information.","",""
"CERTIFICATE TYPES AND DESCRIPTIONS > COMPLIANCE OPERATOR RELEASE NOTES > OpenShift Compliance Operator 0.1.61","5.2.19.2","Bug fixes","Before this update, Compliance Operator remediations required variables as inputs. Remediations without variables set were applied cluster-wide and resulted in stuck nodes, even though it appeared the remediation applied correctly. With this update, the Compliance Operator validates if a variable needs to be supplied using a TailoredProfile for a remediation. (OCPBUGS-3864) ¶ Before this update, the instructions for ocp4-kubelet-configure-tls-cipher-suites were incomplete, requiring users to refine the query manually. With this update, the query provided in ocp4-kubelet-configure-tls-cipher-suites returns the actual results to perform the audit steps. (OCPBUGS-3017) ¶ Before this update, system reserved parameters were not generated in kubelet configuration files, causing the Compliance Operator to fail to unpause the machine config pool. With this update, the Compliance Operator omits system reserved parameters during machine configuration pool evaluation. (OCPBUGS-4445) ¶ Before this update, ComplianceCheckResult objects did not have correct descriptions. With this update, the Compliance Operator sources the ComplianceCheckResult information from the rule description. (OCPBUGS-4615) ¶ Before this update, the Compliance Operator did not check for empty kubelet configuration files when parsing machine configurations. As a result, the Compliance Operator would panic and crash. With this update, the Compliance Operator implements improved checking of the kubelet configuration data structure and only continues if it is fully rendered. (OCPBUGS-4621) ¶ Before this update, the Compliance Operator generated remediations for kubelet evictions based on machine config pool name and a grace period, resulting in multiple remediations for a single eviction rule. With this update, the Compliance Operator applies all remediations for a single rule. (OCPBUGS-4338) ¶ Before this update, a regression occurred when attempting to create a ScanSettingBinding that was using a TailoredProfile with a non-default MachineConfigPool marked the ScanSettingBinding as Failed. With this update, functionality is restored and custom ScanSettingBinding using a TailoredProfile performs correctly. (OCPBUGS-6827) ¶ Before this update, some kubelet configuration parameters did not have default values. With this update, the following parameters contain default values (OCPBUGS-6708): ¶ ocp4-cis-kubelet-enable-streaming-connections ¶ ocp4-cis-kubelet-eviction-thresholds-set-hard-imagefs-available ¶ ocp4-cis-kubelet-eviction-thresholds-set-hard-imagefs-inodesfree ¶ ocp4-cis-kubelet-eviction-thresholds-set-hard-memory-available ¶ ocp4-cis-kubelet-eviction-thresholds-set-hard-nodefs-available ¶ Before this update, the selinux_confinement_of_daemons rule failed running on the kubelet because of the permissions necessary for the kubelet to run. With this update, the selinux_confinement_of_daemons rule is disabled. (OCPBUGS-6968)","",""
"CERTIFICATE TYPES AND DESCRIPTIONS > COMPLIANCE OPERATOR RELEASE NOTES","5.2.20","OpenShift Compliance Operator 0.1.59","The following advisory is available for the OpenShift Compliance Operator 0.1.59: ¶ RHBA-2022:8538 - OpenShift Compliance Operator bug fix update ¶ 5.2.20.1. New features and enhancements The Compliance Operator now supports Payment Card Industry Data Security Standard (PCI- DSS) ocp4-pci-dss and ocp4-pci-dss-node profiles on the ppc64le architecture. ¶ 5.2.20.2. Bug fixes Previously, the Compliance Operator did not support the Payment Card Industry Data Security Standard (PCI DSS) ocp4-pci-dss and ocp4-pci-dss-node profiles on different architectures such as ppc64le. Now, the Compliance Operator supports ocp4-pci-dss and ocp4-pci-dss- node profiles on the ppc64le architecture. (OCPBUGS-3252) ¶ Previously, after the recent update to version 0.1.57, the rerunner service account (SA) was no longer owned by the cluster service version (CSV), which caused the SA to be removed during the Operator upgrade. Now, the CSV owns the rerunner SA in 0.1.59, and upgrades from any previous version will not result in a missing SA. (OCPBUGS-3452)","",""
"CERTIFICATE TYPES AND DESCRIPTIONS > COMPLIANCE OPERATOR RELEASE NOTES > OpenShift Compliance Operator 0.1.57","5.2.21.3","Deprecations","Specifying Install into all namespaces in the clusteror setting the WATCH_NAMESPACES environment variable to """" no longer affects all namespaces. Any API resources installed in namespaces not specified at the time of Compliance Operator installation is no longer be ¶ operational. API resources might require creation in the selected namespace, or the openshift- compliance namespace by default. This change improves the Compliance Operator's memory usage.","",""
"CERTIFICATE TYPES AND DESCRIPTIONS > COMPLIANCE OPERATOR RELEASE NOTES > OpenShift Compliance Operator 0.1.53","5.2.22.1","Bug fixes","Previously, the ocp4-kubelet-enable-streaming-connections rule contained an incorrect variable comparison, resulting in false positive scan results. Now, the Compliance Operator provides accurate scan results when setting streamingConnectionIdleTimeout. (BZ#2069891) ¶ Previously, group ownership for /etc/openvswitch/conf.db was incorrect on IBM Z® architectures, resulting in ocp4-cis-node-worker-file-groupowner-ovs-conf-db check failures. Now, the check is marked NOT-APPLICABLE on IBM Z® architecture systems. ( BZ#2072597) ¶ Previously, the ocp4-cis-scc-limit-container-allowed-capabilities rule reported in a FAIL state due to incomplete data regarding the security context constraints (SCC) rules in the deployment. Now, the result is MANUAL, which is consistent with other checks that require human intervention. (BZ#2077916) ¶ Previously, the following rules failed to account for additional configuration paths for API servers and TLS certificates and keys, resulting in reported failures even if the certificates and keys were set properly: ¶ ocp4-cis-api-server-kubelet-client-cert ¶ ocp4-cis-api-server-kubelet-client-key ¶ ocp4-cis-kubelet-configure-tls-cert ¶ ocp4-cis-kubelet-configure-tls-key ¶ Now, the rules report accurately and observe legacy file paths specified in the kubelet configuration file. (BZ#2079813) ¶ Previously, the content_rule_oauth_or_oauthclient_inactivity_timeout rule did not account for a configurable timeout set by the deployment when assessing compliance for timeouts. This resulted in the rule failing even if the timeout was valid. Now, the Compliance Operator uses the var_oauth_inactivity_timeout variable to set valid timeout length. ( BZ#2081952) ¶ Previously, the Compliance Operator used administrative permissions on namespaces not labeled appropriately for privileged use, resulting in warning messages regarding pod security- level violations. Now, the Compliance Operator has appropriate namespace labels and permission adjustments to access results without violating permissions. (BZ#2088202) ¶ Previously, applying auto remediations for rhcos4-high-master-sysctl-kernel-yama-ptrace- scope and rhcos4-sysctl-kernel-core-pattern resulted in subsequent failures of those rules in scan results, even though they were remediated. Now, the rules report PASS accurately, even after remediations are applied.(BZ#2094382) ¶ Previously, the Compliance Operator would fail in a CrashLoopBackoff state because of out- of-memory exceptions. Now, the Compliance Operator is improved to handle large machine configuration data sets in memory and function correctly. (BZ#2094854) ¶ 5.2.22.2. Known issue When ""debug"":true is set within the ScanSettingBinding object, the pods generated by the ScanSettingBinding object are not removed when that binding is deleted. As a workaround, run the following command to delete the remaining pods: ¶ $ oc delete pods -l compliance.openshift.io/scan-name=ocp4-cis ¶ (BZ#2092913)","",""
"CERTIFICATE TYPES AND DESCRIPTIONS > COMPLIANCE OPERATOR RELEASE NOTES","5.2.23","OpenShift Compliance Operator 0.1.52","The following advisory is available for the OpenShift Compliance Operator 0.1.52: ¶ RHBA-2022:4657 - OpenShift Compliance Operator bug fix update ¶ 5.2.23.1. New features and enhancements The FedRAMP high SCAP profile is now available for use in OpenShift Container Platform environments. For more information, See Supported compliance profiles . ¶ 5.2.23.2. Bug fixes Previously, the OpenScap container would crash due to a mount permission issue in a security environment where DAC_OVERRIDE capability is dropped. Now, executable mount permissions are applied to all users. (BZ#2082151) ¶ Previously, the compliance rule ocp4-configure-network-policies could be configured as MANUAL. Now, compliance rule ocp4-configure-network-policies is set to AUTOMATIC. (BZ#2072431) ¶ Previously, the Cluster Autoscaler would fail to scale down because the Compliance Operator scan pods were never removed after a scan. Now, the pods are removed from each node by default unless explicitly saved for debugging purposes. (BZ#2075029) ¶ Previously, applying the Compliance Operator to the KubeletConfig would result in the node going into a NotReady state due to unpausing the Machine Config Pools too early. Now, the Machine Config Pools are unpaused appropriately and the node operates correctly. (BZ#2071854) ¶ Previously, the Machine Config Operator used base64 instead of url-encoded code in the latest release, causing Compliance Operator remediation to fail. Now, the Compliance Operator checks encoding to handle both base64 and url-encoded Machine Config code and the remediation applies correctly. (BZ#2082431) ¶ 5.2.23.3. Known issue When ""debug"":true is set within the ScanSettingBinding object, the pods generated by the ScanSettingBinding object are not removed when that binding is deleted. As a workaround, run the following command to delete the remaining pods: ¶ $ oc delete pods -l compliance.openshift.io/scan-name=ocp4-cis ¶ (BZ#2092913)","",""
"CERTIFICATE TYPES AND DESCRIPTIONS > COMPLIANCE OPERATOR RELEASE NOTES > OpenShift Compliance Operator 0.1.49","5.2.24.1","New features and enhancements","The Compliance Operator is now supported on the following architectures: ¶ IBM Power® ¶ IBM Z® ¶ IBM® LinuxONE","",""
"CERTIFICATE TYPES AND DESCRIPTIONS > COMPLIANCE OPERATOR RELEASE NOTES > OpenShift Compliance Operator 0.1.49","5.2.24.2","Bug fixes","Previously, the openshift-compliance content did not include platform-specific checks for network types. As a result, OVN- and SDN-specific checks would show as failed instead of not- applicable based on the network configuration. Now, new rules contain platform checks for networking rules, resulting in a more accurate assessment of network-specific checks. (BZ#1994609) ¶ Previously, the ocp4-moderate-routes-protected-by-tls rule incorrectly checked TLS settings that results in the rule failing the check, even if the connection secure SSL/TLS protocol. Now, the check properly evaluates TLS settings that are consistent with the networking guidance and profile recommendations. (BZ#2002695) ¶ Previously, ocp-cis-configure-network-policies-namespace used pagination when requesting namespaces. This caused the rule to fail because the deployments truncated lists of more than 500 namespaces. Now, the entire namespace list is requested, and the rule for checking configured network policies works for deployments with more than 500 namespaces. (BZ#2038909) ¶ Previously, remediations using the sshd jinja macros were hard-coded to specific sshd configurations. As a result, the configurations were inconsistent with the content the rules were checking for and the check would fail. Now, the sshd configuration is parameterized and the rules apply successfully. (BZ#2049141) ¶ Previously, the ocp4-cluster-version-operator-verify-integrity always checked the first entry in the Cluter Version Operator (CVO) history. As a result, the upgrade would fail in situations where subsequent versions of OpenShift Container Platform would be verified. Now, the compliance check result for ocp4-cluster-version-operator-verify-integrity is able to detect verified versions and is accurate with the CVO history. (BZ#2053602) ¶ Previously, the ocp4-api-server-no-adm-ctrl-plugins-disabled rule did not check for a list of empty admission controller plugins. As a result, the rule would always fail, even if all admission plugins were enabled. Now, more robust checking of the ocp4-api-server-no-adm-ctrl-plugins- disabled rule accurately passes with all admission controller plugins enabled. ( BZ#2058631) ¶ Previously, scans did not contain platform checks for running against Linux worker nodes. As a result, running scans against worker nodes that were not Linux-based resulted in a never ending scan loop. Now, the scan schedules appropriately based on platform type and labels complete successfully. (BZ#2056911)","",""
"CERTIFICATE TYPES AND DESCRIPTIONS > COMPLIANCE OPERATOR RELEASE NOTES > OpenShift Compliance Operator 0.1.48","5.2.25.1","Bug fixes","Previously, some rules associated with extended Open Vulnerability and Assessment Language (OVAL) definitions had a checkType of None. This was because the Compliance Operator was not processing extended OVAL definitions when parsing rules. With this update, content from extended OVAL definitions is parsed so that these rules now have a checkType of either Node or Platform. (BZ#2040282) ¶ Previously, a manually created MachineConfig object for KubeletConfig prevented a KubeletConfig object from being generated for remediation, leaving the remediation in the Pending state. With this release, a KubeletConfig object is created by the remediation, regardless if there is a manually created MachineConfig object for KubeletConfig. As a result, KubeletConfig remediations now work as expected. ( BZ#2040401)","",""
"CERTIFICATE TYPES AND DESCRIPTIONS > COMPLIANCE OPERATOR RELEASE NOTES > OpenShift Compliance Operator 0.1.47","5.2.26.1","New features and enhancements","The Compliance Operator now supports the following compliance benchmarks for the Payment Card Industry Data Security Standard (PCI DSS): ¶ ocp4-pci-dss ¶ ocp4-pci-dss-node ¶ Additional rules and remediations for FedRAMP moderate impact level are added to the OCP4- moderate, OCP4-moderate-node, and rhcos4-moderate profiles. ¶ Remediations for KubeletConfig are now available in node-level profiles.","",""
"CERTIFICATE TYPES AND DESCRIPTIONS > COMPLIANCE OPERATOR RELEASE NOTES > OpenShift Compliance Operator 0.1.47","5.2.26.2","Bug fixes","Previously, if your cluster was running OpenShift Container Platform 4.6 or earlier, remediations for USBGuard-related rules would fail for the moderate profile. This is because the remediations created by the Compliance Operator were based on an older version of USBGuard that did not support drop-in directories. Now, invalid remediations for USBGuard-related rules are not created for clusters running OpenShift Container Platform 4.6. If your cluster is using OpenShift Container Platform 4.6, you must manually create remediations for USBGuard- related rules. ¶ Additionally, remediations are created only for rules that satisfy minimum version requirements. ¶ Additionally, remediations are created only for rules that satisfy minimum version requirements. (BZ#1965511) ¶ Previously, when rendering remediations, the compliance operator would check that the remediation was well-formed by using a regular expression that was too strict. As a result, some remediations, such as those that render sshd_config, would not pass the regular expression check and therefore, were not created. The regular expression was found to be unnecessary and removed. Remediations now render correctly. (BZ#2033009)","",""
"CERTIFICATE TYPES AND DESCRIPTIONS > COMPLIANCE OPERATOR RELEASE NOTES > OpenShift Compliance Operator 0.1.44","5.2.27.1","New features and enhancements","In this release, the strictNodeScan option is now added to the ComplianceScan, ComplianceSuite and ScanSetting CRs. This option defaults to true which matches the previous behavior, where an error occurred if a scan was not able to be scheduled on a node. Setting the option to false allows the Compliance Operator to be more permissive about scheduling scans. Environments with ephemeral nodes can set the strictNodeScan value to false, which allows a compliance scan to proceed, even if some of the nodes in the cluster are not available for scheduling. ¶ You can now customize the node that is used to schedule the result server workload by configuring the nodeSelector and tolerations attributes of the ScanSetting object. These attributes are used to place the ResultServer pod, the pod that is used to mount a PV storage volume and store the raw Asset Reporting Format (ARF) results. Previously, the nodeSelector and the tolerations parameters defaulted to selecting one of the control plane nodes and tolerating the node-role.kubernetes.io/master taint. This did not work in environments where control plane nodes are not permitted to mount PVs. This feature provides a way for you to select the node and tolerate a different taint in those environments. ¶ The Compliance Operator can now remediate KubeletConfig objects. ¶ A comment containing an error message is now added to help content developers differentiate between objects that do not exist in the cluster compared to objects that cannot be fetched. ¶ Rule objects now contain two new attributes, checkType and description. These attributes allow you to determine if the rule pertains to a node check or platform check, and also allow you to review what the rule does. ¶ This enhancement removes the requirement that you have to extend an existing profile to create a tailored profile. This means the extends field in the TailoredProfile CRD is no longer mandatory. You can now select a list of rule objects to create a tailored profile. Note that you must select whether your profile applies to nodes or the platform by setting the compliance.openshift.io/product-type: annotation or by setting the -node suffix for the TailoredProfile CR. ¶ In this release, the Compliance Operator is now able to schedule scans on all nodes irrespective of their taints. Previously, the scan pods would only tolerated the node- role.kubernetes.io/master taint, meaning that they would either ran on nodes with no taints or ¶ only on nodes with the node-role.kubernetes.io/master taint. In deployments that use custom taints for their nodes, this resulted in the scans not being scheduled on those nodes. Now, the scan pods tolerate all node taints. ¶ In this release, the Compliance Operator supports the following North American Electric Reliability Corporation (NERC) security profiles: ¶ ocp4-nerc-cip ¶ ocp4-nerc-cip-node ¶ rhcos4-nerc-cip ¶ In this release, the Compliance Operator supports the NIST 800-53 Moderate-Impact Baseline for the Red Hat OpenShift - Node level, ocp4-moderate-node, security profile.","",""
"CERTIFICATE TYPES AND DESCRIPTIONS > COMPLIANCE OPERATOR RELEASE NOTES > OpenShift Compliance Operator 0.1.44","5.2.27.2","Templating and variable use","In this release, the remediation template now allows multi-value variables. ¶ With this update, the Compliance Operator can change remediations based on variables that are set in the compliance profile. This is useful for remediations that include deployment- specific values such as time outs, NTP server host names, or similar. Additionally, the ComplianceCheckResult objects now use the label compliance.openshift.io/check-has- value that lists the variables a check has used.","",""
"CERTIFICATE TYPES AND DESCRIPTIONS > COMPLIANCE OPERATOR RELEASE NOTES > OpenShift Compliance Operator 0.1.44","5.2.27.3","Bug fixes","Previously, while performing a scan, an unexpected termination occurred in one of the scanner containers of the pods. In this release, the Compliance Operator uses the latest OpenSCAP version 1.3.5 to avoid a crash. ¶ Previously, using autoReplyRemediations to apply remediations triggered an update of the cluster nodes. This was disruptive if some of the remediations did not include all of the required input variables. Now, if a remediation is missing one or more required input variables, it is assigned a state of NeedsReview. If one or more remediations are in a NeedsReview state, the machine config pool remains paused, and the remediations are not applied until all of the required variables are set. This helps minimize disruption to the nodes. ¶ The RBAC Role and Role Binding used for Prometheus metrics are changed to 'ClusterRole' and 'ClusterRoleBinding' to ensure that monitoring works without customization. ¶ Previously, if an error occurred while parsing a profile, rules or variables objects were removed and deleted from the profile. Now, if an error occurs during parsing, the profileparser annotates the object with a temporary annotation that prevents the object from being deleted until after parsing completes. (BZ#1988259) ¶ Previously, an error occurred if titles or descriptions were missing from a tailored profile. Because the XCCDF standard requires titles and descriptions for tailored profiles, titles and descriptions are now required to be set in TailoredProfile CRs. ¶ Previously, when using tailored profiles, TailoredProfile variable values were allowed to be set using only a specific selection set. This restriction is now removed, and TailoredProfile variables can be set to any value.","",""
"CERTIFICATE TYPES AND DESCRIPTIONS > COMPLIANCE OPERATOR RELEASE NOTES","5.2.28","Release Notes for Compliance Operator 0.1.39","The following advisory is available for the OpenShift Compliance Operator 0.1.39: ¶ RHBA-2021:3214 - OpenShift Compliance Operator bug fix and enhancement update ¶ 5.2.28.1. New features and enhancements Previously, the Compliance Operator was unable to parse Payment Card Industry Data Security Standard (PCI DSS) references. Now, the Operator can parse compliance content that is provided with PCI DSS profiles. ¶ Previously, the Compliance Operator was unable to execute rules for AU-5 control in the moderate profile. Now, permission is added to the Operator so that it can read Prometheusrules.monitoring.coreos.com objects and run the rules that cover AU-5 control in the moderate profile.","",""
"CERTIFICATE TYPES AND DESCRIPTIONS > COMPLIANCE OPERATOR RELEASE NOTES","5.2.29","Additional resources","Understanding the Compliance Operator","",""
"CERTIFICATE TYPES AND DESCRIPTIONS > COMPLIANCE OPERATOR SUPPORT","5.3.1","Compliance Operator lifecycle","The Compliance Operator is a ""Rolling Stream"" Operator, meaning updates are available asynchronously of OpenShift Container Platform releases. For more information, see OpenShift Operator Life Cycles on the Red Hat Customer Portal.","",""
"CERTIFICATE TYPES AND DESCRIPTIONS > COMPLIANCE OPERATOR SUPPORT","5.3.2","Getting support","If you experience difficulty with a procedure described in this documentation, or with OpenShift Container Platform in general, visit the Red Hat Customer Portal . ¶ From the Customer Portal, you can: ¶ Search or browse through the Red Hat Knowledgebase of articles and solutions relating to Red Hat products. ¶ Submit a support case to Red Hat Support. ¶ Access other product documentation. ¶ To identify issues with your cluster, you can use Insights in OpenShift Cluster Manager. Insights provides details about issues and, if available, information on how to solve a problem. ¶ If you have a suggestion for improving this documentation or have found an error, submit a Jira issue for the most relevant documentation component. Please provide specific details, such as the section name and OpenShift Container Platform version.","",""
"CERTIFICATE TYPES AND DESCRIPTIONS > COMPLIANCE OPERATOR SUPPORT","5.3.3","Using the must-gather tool for the Compliance Operator","Starting in Compliance Operator v1.6.0, you can collect data about the Compliance Operator resources by running the must-gather command with the Compliance Operator image. ¶ Consider using the must-gather tool when opening support cases or filing bug reports, as it provides additional details about the Operator configuration and logs. ¶ Run the following command to collect data about the Compliance Operator: ¶ $ oc adm must-gather --image=$(oc get csv compliance-operator.v1.6.0 - o=jsonpath='{.spec.relatedImages[?(@.name==""must-gather"")].image}')","",""
"CERTIFICATE TYPES AND DESCRIPTIONS > COMPLIANCE OPERATOR SUPPORT","5.3.4","Additional resources","About the must-gather tool Product Compliance","",""
"CERTIFICATE TYPES AND DESCRIPTIONS > COMPLIANCE OPERATOR CONCEPTS","5.4.1","Understanding the Compliance Operator","The Compliance Operator lets OpenShift Container Platform administrators describe the required compliance state of a cluster and provides them with an overview of gaps and ways to remediate them. The Compliance Operator assesses compliance of both the Kubernetes API resources of OpenShift Container Platform, as well as the nodes running the cluster. The Compliance Operator uses OpenSCAP, a NIST-certified tool, to scan and enforce security policies provided by the content. ¶ The Compliance Operator is available for Red Hat Enterprise Linux CoreOS (RHCOS) deployments only. ¶ 5.4.1.1. Compliance Operator profiles There are several profiles available as part of the Compliance Operator installation. You can use the oc get command to view available profiles, profile details, and specific rules. ¶ View the available profiles: ¶ $ oc get profile.compliance -n openshift-compliance ¶ NAME AGE VERSION ocp4-cis 3h49m 1.5.0 ocp4-cis-1-4 ocp4-cis-1-5 3h49m 1.4.0 ocp4-cis-node 3h49m 1.5.0 ocp4-cis-node-1-4 ocp4-cis-node-1-5 3h49m 1.5.0 ocp4-e8 3h49m 1.4.0 ocp4-high 3h49m 1.5.0 ¶ 3h49m 3h49m Revision 4 ¶ ocp4-high-node 3h49m Revision 4 ¶ ocp4-high-node-rev-4 3h49m Revision 4 ¶ ocp4-high-rev-4 3h49m Revision 4 ¶ ocp4-moderate 3h49m Revision 4 ¶ ocp4-moderate-node 3h49m Revision 4 ¶ ocp4-moderate-node-rev-4 3h49m Revision 4 ¶ ocp4-moderate-rev-4 3h49m Revision 4 ¶ ocp4-nerc-cip 3h49m ¶ ocp4-nerc-cip-node 3h49m ¶ ocp4-pci-dss 3h49m 3.2.1 ¶ ocp4-pci-dss-3-2 3h49m 3.2.1 ¶ ocp4-pci-dss-4-0 3h49m 4.0.0 ¶ ocp4-pci-dss-node 3h49m 3.2.1 ¶ ocp4-pci-dss-node-3-2 3h49m 3.2.1 ¶ ocp4-pci-dss-node-4-0 3h49m 4.0.0 ¶ ocp4-stig 3h49m V2R1 ¶ ocp4-stig-node 3h49m V2R1 ¶ ocp4-stig-node-v1r1 3h49m V1R1 ¶ ocp4-stig-node-v2r1 3h49m V2R1 ¶ ocp4-stig-v1r1 3h49m V1R1 ¶ ocp4-stig-v2r1 3h49m V2R1 ¶ rhcos4-e8 3h49m ¶ rhcos4-high 3h49m Revision 4 ¶ rhcos4-high-rev-4 3h49m Revision 4 ¶ rhcos4-moderate 3h49m Revision 4 ¶ rhcos4-moderate-rev-4 3h49m Revision 4 ¶ rhcos4-nerc-cip 3h49m ¶ rhcos4-stig 3h49m V2R1 ¶ rhcos4-stig-v1r1 3h49m V1R1 ¶ rhcos4-stig-v2r1 3h49m V2R1 ¶ These profiles represent different compliance benchmarks. Each profile has the product name that it applies to added as a prefix to the profile's name. ocp4-e8 applies the Essential 8 benchmark to the OpenShift Container Platform product, while rhcos4-e8 applies the Essential 8 benchmark to the Red Hat Enterprise Linux CoreOS (RHCOS) product. ¶ Run the following command to view the details of the rhcos4-e8 profile: ¶ $ oc get -n openshift-compliance -oyaml profiles.compliance rhcos4-e8 ¶ Example 5.1. Example output ¶ description: 'This profile contains configuration checks for Red Hat Enterprise Linux ¶ CoreOS that align to the Australian Cyber Security Centre (ACSC) Essential Eight. A copy of the Essential Eight in Linux Environments guide can be found at the ACSC website: https://www.cyber.gov.au/acsc/view-all-content/publications/hardening-linux- workstations-and-servers' id: xccdf_org.ssgproject.content_profile_e8 ¶ compliance.openshift.io/image-digest: pb-rhcos4hrdkm compliance.openshift.io/product: redhat_enterprise_linux_coreos_4 compliance.openshift.io/product-type: Node ¶ creationTimestamp: ""2022-10-19T12:06:49Z"" ¶ compliance.openshift.io/profile-bundle: rhcos4 name: rhcos4-e8 ownerReferences: apiVersion: compliance.openshift.io/v1alpha1 ¶ blockOwnerDeletion: true controller: true kind: ProfileBundle name: rhcos4 uid: 22350850-af4a-4f5c-9a42-5e7b68b82d7d resourceVersion: ""43699"" uid: 86353f70-28f7-40b4-bf0e-6289ec33675b rules: rhcos4-accounts-no-uid-except-zero rhcos4-audit-rules-dac-modification-chmod rhcos4-audit-rules-dac-modification-chown rhcos4-audit-rules-execution-chcon rhcos4-audit-rules-execution-restorecon rhcos4-audit-rules-execution-semanage rhcos4-audit-rules-execution-setfiles rhcos4-audit-rules-execution-setsebool rhcos4-audit-rules-execution-seunshare rhcos4-audit-rules-kernel-module-loading-delete rhcos4-audit-rules-kernel-module-loading-finit rhcos4-audit-rules-kernel-module-loading-init rhcos4-audit-rules-login-events rhcos4-audit-rules-login-events-faillock rhcos4-audit-rules-login-events-lastlog rhcos4-audit-rules-login-events-tallylog rhcos4-audit-rules-networkconfig-modification rhcos4-audit-rules-sysadmin-actions rhcos4-audit-rules-time-adjtimex rhcos4-audit-rules-time-clock-settime rhcos4-audit-rules-time-settimeofday rhcos4-audit-rules-time-stime rhcos4-audit-rules-time-watch-localtime rhcos4-audit-rules-usergroup-modification rhcos4-auditd-data-retention-flush rhcos4-auditd-freq rhcos4-auditd-local-events rhcos4-auditd-log-format rhcos4-auditd-name-format rhcos4-auditd-write-logs rhcos4-configure-crypto-policy rhcos4-configure-ssh-crypto-policy rhcos4-no-empty-passwords rhcos4-selinux-policytype rhcos4-selinux-state rhcos4-service-auditd-enabled rhcos4-sshd-disable-empty-passwords rhcos4-sshd-disable-gssapi-auth rhcos4-sshd-disable-rhosts rhcos4-sshd-disable-root-login","",""
"COMPLIANCE OPERATOR","5.4.1.1.1","Compliance Operator profile types","Compliance Operator rules are organized into profiles. Profiles can target the Platform or Nodes for OpenShift Container Platform, and some benchmarks include rhcos4 Node profiles. ¶ Platform Platform profiles evaluate your OpenShift Container Platform cluster components. For example, a Platform-level rule can confirm whether APIServer configurations are using strong encryption cyphers. ¶ Node Node profiles evaluate the OpenShift or RHCOS configuration of each host. You can use two Node profiles: ocp4 Node profiles and rhcos4 Node profiles. The ocp4 Node profiles evaluate the OpenShift configuration of each host. For example, they can confirm whether kubeconfig files have the correct permissions to meet a compliance standard. The rhcos4 Node profiles evaluate the Red Hat Enterprise Linux CoreOS (RHCOS) configuration of each host. For example, they can confirm whether the SSHD service is configured to disable password logins. ¶ For benchmarks that have Node and Platform profiles, such as PCI-DSS, you must run both profiles in your OpenShift Container Platform environment. ¶ For benchmarks that have ocp4 Platform, ocp4 Node, and rhcos4 Node profiles, such as FedRAMP High, you must run all three profiles in your OpenShift Container Platform environment. ¶ In a cluster with many Nodes, both ocp4 Node and rhcos4 Node scans might take a long time to complete.","",""
"COMPLIANCE OPERATOR > Understanding the Custom Resource Definitions","5.4.2.2.2","Profile object","The Profile object defines the rules and variables that can be evaluated for a certain compliance standard. It contains parsed out details about an OpenSCAP profile, such as its XCCDF identifier and profile checks for a Node or Platform type. You can either directly use the Profile object or further customize it using a TailorProfile object. ¶ You cannot create or modify the Profile object manually because it is derived from a single ProfileBundle object. Typically, a single ProfileBundle object can include several Profile objects. ¶ Example Profile object ¶ description: <description of the profile> id: xccdf_org.ssgproject.content_profile_moderate 1 ¶ compliance.openshift.io/product: <product name> compliance.openshift.io/product-type: Node 2 ¶ creationTimestamp: ""YYYY-MM-DDTMM:HH:SSZ"" ¶ compliance.openshift.io/profile-bundle: <profile bundle name> name: rhcos4-moderate ownerReferences: apiVersion: compliance.openshift.io/v1alpha1 ¶ blockOwnerDeletion: true controller: true kind: ProfileBundle name: <profile bundle name> uid: <uid string> resourceVersion: ""<version number>"" selfLink: /apis/compliance.openshift.io/v1alpha1/namespaces/openshift-compliance/profiles/rhcos4- moderate uid: <uid string> rules: 3 rhcos4-account-disable-post-pw-expiration rhcos4-accounts-no-uid-except-zero rhcos4-audit-rules-dac-modification-chmod rhcos4-audit-rules-dac-modification-chown title: <title of the profile> ¶ 1 Specify the XCCDF name of the profile. Use this identifier when you define a ComplianceScan object as the value of the profile attribute of the scan. ¶ 2 Specify either a Node or Platform. Node profiles scan the cluster nodes and platform profiles scan the Kubernetes platform. ¶ 3 Specify the list of rules for the profile. Each rule corresponds to a single check.","",""
"COMPLIANCE OPERATOR > Understanding the Custom Resource Definitions","5.4.2.2.3","Rule object","The Rule object, which forms the profiles, are also exposed as objects. Use the Rule object to define your compliance check requirements and specify how it could be fixed. ¶ Example Rule object ¶ checkType: Platform 1 description: <description of the rule> id: xccdf_org.ssgproject.content_rule_configure_network_policies_namespaces 2 instructions: <manual instructions for the scan> kind: Rule ¶ compliance.openshift.io/rule: configure-network-policies-namespaces control.compliance.openshift.io/CIS-OCP: 5.3.2 control.compliance.openshift.io/NERC-CIP: CIP-003-3 R4;CIP-003-3 R4.2;CIP-003-3 R5;CIP-003-3 R6;CIP-004-3 R2.2.4;CIP-004-3 R3;CIP-007-3 R2;CIP-007-3 R2.1;CIP-007-3 R2.2;CIP-007-3 R2.3;CIP-007-3 R5.1;CIP-007-3 R6.1 control.compliance.openshift.io/NIST-800-53: AC-4;AC-4(21);CA-3(5);CM-6;CM-6(1);CM-7;CM- ¶ 7(1);SC-7;SC-7(3);SC-7(5);SC-7(8);SC-7(12);SC-7(13);SC-7(18) compliance.openshift.io/profile-bundle: ocp4 name: ocp4-configure-network-policies-namespaces ¶ rationale: <description of why this rule is checked> severity: high 3 title: <summary of the rule> ¶ 1 Specify the type of check this rule executes. Node profiles scan the cluster nodes and Platform profiles scan the Kubernetes platform. An empty value indicates there is no automated check. ¶ 2 Specify the XCCDF name of the rule, which is parsed directly from the datastream. ¶ 3 Specify the severity of the rule when it fails. ¶ The Rule object gets an appropriate label for an easy identification of the associated ProfileBundle object. The ProfileBundle also gets specified in the OwnerReferences of this object.","",""
"COMPLIANCE OPERATOR > Understanding the Custom Resource Definitions","5.4.2.2.4","TailoredProfile object","Use the TailoredProfile object to modify the default Profile object based on your organization requirements. You can enable or disable rules, set variable values, and provide justification for the customization. After validation, the TailoredProfile object creates a ConfigMap, which can be referenced by a ComplianceScan object. ¶ TIP ¶ TIP ¶ You can use the TailoredProfile object by referencing it in a ScanSettingBinding object. For more information about ScanSettingBinding, see ScanSettingBinding object. ¶ Example TailoredProfile object ¶ kind: TailoredProfile ¶ name: rhcos4-with-usb ¶ extends: rhcos4-moderate 1 title: <title of the tailored profile> disableRules: ¶ name: <name of a rule object to be disabled> rationale: <description of why this rule is checked> ¶ id: xccdf_compliance.openshift.io_profile_rhcos4-with-usb 2 outputRef: name: rhcos4-with-usb-tp 3 state: READY 4 ¶ 1 This is optional. Name of the Profile object upon which the TailoredProfile is built. If no value is set, a new profile is created from the enableRules list. ¶ 2 Specifies the XCCDF name of the tailored profile. 3 Specifies the ConfigMap name, which can be used as the value of the tailoringConfigMap.name ¶ attribute of a ComplianceScan. ¶ 4 Shows the state of the object such as READY, PENDING, and FAILURE. If the state of the object is ERROR, then the attribute status.errorMessage provides the reason for the failure. ¶ With the TailoredProfile object, it is possible to create a new Profile object using the TailoredProfile construct. To create a new Profile, set the following configuration parameters : ¶ an appropriate title ¶ extends value must be empty ¶ scan type annotation on the TailoredProfile object: ¶ compliance.openshift.io/product-type: Platform/Node ¶ If you have not set the product-type annotation, the Compliance Operator defaults to Platform scan type. Adding the -node suffix to the name of the TailoredProfile object results in node scan type.","",""
"COMPLIANCE OPERATOR > Understanding the Custom Resource Definitions > Configuring the compliance scan settings","5.4.2.3.1","ScanSetting object","Use the ScanSetting object to define and reuse the operational policies to run your scans. By default, the Compliance Operator creates the following ScanSetting objects: ¶ default - it runs a scan every day at 1 AM on both master and worker nodes using a 1Gi Persistent Volume (PV) and keeps the last three results. Remediation is neither applied nor updated automatically. ¶ default-auto-apply - it runs a scan every day at 1AM on both control plane and worker nodes using a 1Gi Persistent Volume (PV) and keeps the last three results. Both autoApplyRemediations and autoUpdateRemediations are set to true. ¶ Example ScanSetting object ¶ autoApplyRemediations: true 1 autoUpdateRemediations: true 2 maxRetryOnTimeout: 3 ¶ creationTimestamp: ""2022-10-18T20:21:00Z"" name: default-auto-apply resourceVersion: ""38840"" uid: 8cb0967d-05e0-4d7a-ac1c-08a7f7e89e84 ¶ node-role.kubernetes.io/master: """" pvAccessModes: ReadWriteOnce rotation: 3 3 size: 1Gi 4 ¶ key: node-role.kubernetes.io/master effect: NoExecute key: node.kubernetes.io/not-ready tolerationSeconds: 300 effect: NoExecute key: node.kubernetes.io/unreachable tolerationSeconds: 300 key: node.kubernetes.io/memory-pressure ¶ roles: 5 operator: Exists schedule: 0 1 * * * 6 showNotApplicable: false strictNodeScan: true timeout: 30m ¶ 1 Set to true to enable auto remediations. Set to false to disable auto remediations. ¶ 2 Set to true to enable auto remediations for content updates. Set to false to disable auto remediations for content updates. ¶ 3 Specify the number of stored scans in the raw result format. The default value is 3. As the older results get rotated, the administrator must store the results elsewhere before the rotation happens. ¶ 4 Specify the storage size that should be created for the scan to store the raw results. The default value is 1Gi ¶ 6 Specify how often the scan should be run in cron format. ¶ To disable the rotation policy, set the value to 0. ¶ 5 Specify the node-role.kubernetes.io label value to schedule the scan for Node type. This value has to match the name of a MachineConfigPool.","",""
"COMPLIANCE OPERATOR > Understanding the Custom Resource Definitions > Processing the compliance scan requirements with compliance scans settings","5.4.2.4.1","ScanSettingBinding object","Use the ScanSettingBinding object to specify your compliance requirements with reference to the Profile or TailoredProfile object. It is then linked to a ScanSetting object, which provides the operational constraints for the scan. Then the Compliance Operator generates the ComplianceSuite object based on the ScanSetting and ScanSettingBinding objects. ¶ Example ScanSettingBinding object ¶ kind: ScanSettingBinding ¶ name: <name of the scan> profiles: 1 ¶ # Node checks name: rhcos4-with-usb ¶ kind: TailoredProfile # Cluster checks name: ocp4-moderate settingsRef: 2 name: my-companys-constraints ¶ 1 Specify the details of Profile or TailoredProfile object to scan your environment. ¶ 2 Specify the operational constraints, such as schedule and storage size. ¶ The creation of ScanSetting and ScanSettingBinding objects results in the compliance suite. To get the list of compliance suite, run the following command: ¶ $ oc get compliancesuites ¶ If you delete ScanSettingBinding, then compliance suite also is deleted.","",""
"COMPLIANCE OPERATOR > Understanding the Custom Resource Definitions > Tracking the compliance scans","5.4.2.5.1","ComplianceSuite object","The ComplianceSuite object helps you keep track of the state of the scans. It contains the raw settings to create scans and the overall result. ¶ For Node type scans, you should map the scan to the MachineConfigPool, since it contains the remediations for any issues. If you specify a label, ensure it directly applies to a pool. ¶ Example ComplianceSuite object ¶ kind: ComplianceSuite ¶ name: <name_of_the_suite> ¶ autoApplyRemediations: false 1 schedule: ""0 1 * * *"" 2 scans: 3 ¶ name: workers-scan scanType: Node profile: xccdf_org.ssgproject.content_profile_moderate content: ssg-rhcos4-ds.xml contentImage: registry.redhat.io/compliance/openshift-compliance-content-rhel8@sha256:45dc... rule: ""xccdf_org.ssgproject.content_rule_no_netrc_files"" ¶ node-role.kubernetes.io/worker: """" ¶ Phase: DONE 4 Result: NON-COMPLIANT 5 scanStatuses: name: workers-scan phase: DONE result: NON-COMPLIANT ¶ 1 Set to true to enable auto remediations. Set to false to disable auto remediations. ¶ 2 Specify how often the scan should be run in cron format. ¶ 3 Specify a list of scan specifications to run in the cluster. ¶ 4 Indicates the progress of the scans. ¶ 5 Indicates the overall verdict of the suite. ¶ The suite in the background creates the ComplianceScan object based on the scans parameter. You can programmatically fetch the ComplianceSuites events. To get the events for the suite, run the ¶ $ oc get events --field-selector involvedObject.kind=ComplianceSuite,involvedObject.name=<name of the suite> ¶ You might create errors when you manually define the ComplianceSuite, since it contains the XCCDF attributes.","",""
"COMPLIANCE OPERATOR > Understanding the Custom Resource Definitions > Tracking the compliance scans","5.4.2.5.2","Advanced ComplianceScan Object","The Compliance Operator includes options for advanced users for debugging or integrating with existing tooling. While it is recommended that you not create a ComplianceScan object directly, you can instead manage it using a ComplianceSuite object. ¶ Example Advanced ComplianceScan object ¶ kind: ComplianceScan ¶ name: <name_of_the_compliance_scan> ¶ scanType: Node 1 profile: xccdf_org.ssgproject.content_profile_moderate 2 content: ssg-ocp4-ds.xml contentImage: registry.redhat.io/compliance/openshift-compliance-content-rhel8@sha256:45dc... rule: ""xccdf_org.ssgproject.content_rule_no_netrc_files"" 4 nodeSelector: 5 ¶ node-role.kubernetes.io/worker: """" ¶ phase: DONE 6 result: NON-COMPLIANT 7 ¶ 1 Specify either Node or Platform. Node profiles scan the cluster nodes and platform profiles scan the Kubernetes platform. ¶ 2 Specify the XCCDF identifier of the profile that you want to run. 3 Specify the container image that encapsulates the profile files. 4 It is optional. Specify the scan to run a single rule. This rule has to be identified with the XCCDF ID, ¶ and has to belong to the specified profile. ¶ If you skip the rule parameter, then scan runs for all the available rules of the specified profile. ¶ 5 If you are on the OpenShift Container Platform and wants to generate a remediation, then nodeSelector label has to match the MachineConfigPool label. ¶ If you do not specify nodeSelector parameter or match the MachineConfig label, scan will still run, but it will not create remediation. ¶ 6 Indicates the current phase of the scan. 7 Indicates the verdict of the scan. ¶ If you delete a ComplianceSuite object, then all the associated scans get deleted. ¶ When the scan is complete, it generates the result as Custom Resources of the ComplianceCheckResult object. However, the raw results are available in ARF format. These results are stored in a Persistent Volume (PV), which has a Persistent Volume Claim (PVC) associated with the name of the scan. You can programmatically fetch the ComplianceScans events. To generate events for the suite, run the following command: ¶ oc get events --field-selector involvedObject.kind=ComplianceScan,involvedObject.name= <name_of_the_compliance_scan> ¶ 5.4.2.6. Viewing the compliance results When the compliance suite reaches the DONE phase, you can view the scan results and possible remediations.","",""
"COMPLIANCE OPERATOR > Understanding the Custom Resource Definitions > Tracking the compliance scans","5.4.2.6.1","ComplianceCheckResult object","When you run a scan with a specific profile, several rules in the profiles are verified. For each of these ¶ When you run a scan with a specific profile, several rules in the profiles are verified. For each of these rules, a ComplianceCheckResult object is created, which provides the state of the cluster for a specific rule. ¶ Example ComplianceCheckResult object ¶ kind: ComplianceCheckResult ¶ compliance.openshift.io/check-severity: medium compliance.openshift.io/check-status: FAIL compliance.openshift.io/suite: example-compliancesuite compliance.openshift.io/scan-name: workers-scan ¶ name: workers-scan-no-direct-root-logins ownerReferences: apiVersion: compliance.openshift.io/v1alpha1 ¶ blockOwnerDeletion: true controller: true kind: ComplianceScan name: workers-scan description: <description of scan check> instructions: <manual instructions for the scan> id: xccdf_org.ssgproject.content_rule_no_direct_root_logins severity: medium 1 status: FAIL 2 ¶ 1 Describes the severity of the scan check. ¶ 2 Describes the result of the check. The possible values are: ¶ PASS: check was successful. ¶ FAIL: check was unsuccessful. ¶ INFO: check was successful and found something not severe enough to be considered an error. ¶ MANUAL: check cannot automatically assess the status and manual check is required. ¶ INCONSISTENT: different nodes report different results. ¶ ERROR: check run successfully, but could not complete. ¶ NOTAPPLICABLE: check did not run as it is not applicable. ¶ To get all the check results from a suite, run the following command: ¶ oc get compliancecheckresults \ l compliance.openshift.io/suite=workers-compliancesuite","",""
"COMPLIANCE OPERATOR > Understanding the Custom Resource Definitions > Tracking the compliance scans","5.4.2.6.2","ComplianceRemediation object","For a specific check you can have a datastream specified fix. However, if a Kubernetes fix is available, ¶ For a specific check you can have a datastream specified fix. However, if a Kubernetes fix is available, then the Compliance Operator creates a ComplianceRemediation object. ¶ Example ComplianceRemediation object ¶ kind: ComplianceRemediation ¶ compliance.openshift.io/suite: example-compliancesuite compliance.openshift.io/scan-name: workers-scan machineconfiguration.openshift.io/role: worker ¶ name: workers-scan-disable-users-coredumps ownerReferences: apiVersion: compliance.openshift.io/v1alpha1 ¶ blockOwnerDeletion: true controller: true kind: ComplianceCheckResult name: workers-scan-disable-users-coredumps uid: <UID> apply: false 1 object: current: 2 ¶ kind: MachineConfig ¶ ignition: version: 2.2.0 storage: files: contents: source: data:,%2A%20%20%20%20%20hard%20%20%20core%20%20%20%200 filesystem: root mode: 420 path: /etc/security/limits.d/75-disable_users_coredumps.conf ¶ outdated: {} 3 ¶ 1 true indicates the remediation was applied. false indicates the remediation was not applied. ¶ 2 Includes the definition of the remediation. ¶ 3 Indicates remediation that was previously parsed from an earlier version of the content. The Compliance Operator still retains the outdated objects to give the administrator a chance to review the new remediations before applying them. ¶ To get all the remediations from a suite, run the following command: ¶ oc get complianceremediations \ l compliance.openshift.io/suite=workers-compliancesuite ¶ To list all failing checks that can be remediated automatically, run the following command: ¶ oc get compliancecheckresults \ l 'compliance.openshift.io/check-status in (FAIL),compliance.openshift.io/automated-remediation' ¶ To list all failing checks that can be remediated manually, run the following command: ¶ oc get compliancecheckresults \ l 'compliance.openshift.io/check-status in (FAIL),!compliance.openshift.io/automated-remediation'","",""
"COMPLIANCE OPERATOR > COMPLIANCE OPERATOR MANAGEMENT > Installing the Compliance Operator","5.5.1.1","Installing the Compliance Operator through the web console","You must have admin privileges. You must have a StorageClass resource configured. ¶ 1. In the OpenShift Container Platform web console, navigate to Operators OperatorHub. ¶ 2. Search for the Compliance Operator, then click Install. ¶ 3. Keep the default selection of Installation mode and namespace to ensure that the Operator will be installed to the openshift-compliance namespace. ¶ 4. Click Install. ¶ To confirm that the installation is successful: ¶ 1. Navigate to the Operators Installed Operators page. ¶ 2. Check that the Compliance Operator is installed in the openshift-compliance namespace and ¶ its status is Succeeded. ¶ If the Operator is not installed successfully: ¶ 1. Navigate to the Operators Installed Operators page and inspect the Status column for any errors or failures. ¶ 2. Navigate to the Workloads Pods page and check the logs in any pods in the openshift- compliance project that are reporting issues. ¶ If the restricted Security Context Constraints (SCC) have been modified to contain the system:authenticated group or has added requiredDropCapabilities, the Compliance Operator may not function properly due to permissions issues. You can create a custom SCC for the Compliance Operator scanner pod service account. For more information, see Creating a custom SCC for the Compliance Operator .","",""
"COMPLIANCE OPERATOR > COMPLIANCE OPERATOR MANAGEMENT > Installing the Compliance Operator","5.5.1.2","Installing the Compliance Operator using the CLI","You must have admin privileges. ¶ You must have a StorageClass resource configured. ¶ 1. Define a Namespace object: ¶ Example namespace-object.yaml ¶ kind: Namespace ¶ openshift.io/cluster-monitoring: ""true"" pod-security.kubernetes.io/enforce: privileged 1 ¶ name: openshift-compliance ¶ 1 In OpenShift Container Platform 4.19, the pod security label must be set to privileged at the namespace level. ¶ 2. Create the Namespace object: ¶ $ oc create -f namespace-object.yaml ¶ 3. Define an OperatorGroup object: ¶ Example operator-group-object.yaml ¶ name: compliance-operator targetNamespaces: openshift-compliance ¶ 4. Create the OperatorGroup object: ¶ $ oc create -f operator-group-object.yaml ¶ 5. Define a Subscription object: ¶ Example subscription-object.yaml ¶ name: compliance-operator-sub channel: ""stable"" name: compliance-operator ¶ 6. Create the Subscription object: ¶ $ oc create -f subscription-object.yaml ¶ If you are setting the global scheduler feature and enable defaultNodeSelector, you must create the namespace manually and update the annotations of the openshift- compliance namespace, or the namespace where the Compliance Operator was installed, with openshift.io/node-selector: """". This removes the default node selector and prevents deployment failures. ¶ 1. Verify the installation succeeded by inspecting the CSV file: ¶ $ oc get csv -n openshift-compliance ¶ 2. Verify that the Compliance Operator is up and running: ¶ $ oc get deploy -n openshift-compliance ¶ 5.5.1.3. Installing the Compliance Operator on ROSA hosted control planes (HCP) As of the Compliance Operator 1.5.0 release, the Operator is tested against Red Hat OpenShift Service on AWS using Hosted control planes. ¶ Red Hat OpenShift Service on AWS Hosted control planes clusters have restricted access to the control plane, which is managed by Red Hat. By default, the Compliance Operator will schedule to nodes within the master node pool, which is not available in Red Hat OpenShift Service on AWS Hosted control planes installations. This requires you to configure the Subscription object in a way that allows the Operator to schedule on available node pools. This step is necessary for a successful installation on Red Hat OpenShift Service on AWS Hosted control planes clusters. ¶ You must have admin privileges. ¶ You must have a StorageClass resource configured. ¶ 1. Define a Namespace object: ¶ Example namespace-object.yaml file ¶ kind: Namespace ¶ openshift.io/cluster-monitoring: ""true"" pod-security.kubernetes.io/enforce: privileged 1 ¶ name: openshift-compliance ¶ 1 In OpenShift Container Platform 4.19, the pod security label must be set to privileged at the namespace level. ¶ 2. Create the Namespace object by running the following command: ¶ $ oc create -f namespace-object.yaml ¶ 3. Define an OperatorGroup object: ¶ Example operator-group-object.yaml file ¶ name: compliance-operator ¶ targetNamespaces: openshift-compliance ¶ 4. Create the OperatorGroup object by running the following command: $ oc create -f operator-group-object.yaml ¶ 5. Define a Subscription object: Example subscription-object.yaml file ¶ name: compliance-operator-sub channel: ""stable"" name: compliance-operator ¶ node-role.kubernetes.io/worker: """" 1 ¶ 1 Update the Operator deployment to deploy on worker nodes. ¶ 6. Create the Subscription object by running the following command: $ oc create -f subscription-object.yaml ¶ 1. Verify that the installation succeeded by running the following command to inspect the cluster service version (CSV) file: $ oc get csv -n openshift-compliance ¶ 2. Verify that the Compliance Operator is up and running by using the following command: $ oc get deploy -n openshift-compliance ¶ If the restricted Security Context Constraints (SCC) have been modified to contain the system:authenticated group or has added requiredDropCapabilities, the Compliance Operator may not function properly due to permissions issues. ¶ You can create a custom SCC for the Compliance Operator scanner pod service account. For more information, see Creating a custom SCC for the Compliance Operator .","",""
"COMPLIANCE OPERATOR > COMPLIANCE OPERATOR MANAGEMENT > Installing the Compliance Operator","5.5.1.4","Installing the Compliance Operator on Hypershift hosted control planes","The Compliance Operator can be installed in hosted control planes using the OperatorHub by creating a Subscription file. ¶ Hosted control planes is a Technology Preview feature only. Technology Preview features are not supported with Red Hat production service level agreements (SLAs) and might not be functionally complete. Red Hat does not recommend using them in production. These features provide early access to upcoming product features, enabling customers to test functionality and provide feedback during the development process. ¶ You must have admin privileges. ¶ 1. Define a Namespace object similar to the following: ¶ Example namespace-object.yaml ¶ kind: Namespace ¶ openshift.io/cluster-monitoring: ""true"" pod-security.kubernetes.io/enforce: privileged 1 ¶ name: openshift-compliance ¶ 1 In OpenShift Container Platform 4.19, the pod security label must be set to privileged at the namespace level. ¶ 2. Create the Namespace object by running the following command: $ oc create -f namespace-object.yaml ¶ 3. Define an OperatorGroup object: Example operator-group-object.yaml ¶ name: compliance-operator targetNamespaces: openshift-compliance ¶ 4. Create the OperatorGroup object by running the following command: ¶ $ oc create -f operator-group-object.yaml ¶ 5. Define a Subscription object: ¶ Example subscription-object.yaml ¶ name: compliance-operator-sub channel: ""stable"" name: compliance-operator ¶ node-role.kubernetes.io/worker: """" ¶ env: name: PLATFORM ¶ value: ""HyperShift"" ¶ 6. Create the Subscription object by running the following command: ¶ $ oc create -f subscription-object.yaml ¶ 1. Verify the installation succeeded by inspecting the CSV file by running the following command: ¶ $ oc get csv -n openshift-compliance ¶ 2. Verify that the Compliance Operator is up and running by running the following command: ¶ $ oc get deploy -n openshift-compliance ¶ Hosted control planes overview ¶ 5.5.1.5. Additional resources Using Operator Lifecycle Manager in disconnected environments","",""
"COMPLIANCE OPERATOR > COMPLIANCE OPERATOR MANAGEMENT","5.5.2","Updating the Compliance Operator","As a cluster administrator, you can update the Compliance Operator on your OpenShift Container Platform cluster. ¶ Updating your OpenShift Container Platform cluster to version 4.14 might cause the Compliance Operator to not work as expected. This is due to an ongoing known issue. For more information, see OCPBUGS-18025. ¶ 5.5.2.1. Preparing for an Operator update The subscription of an installed Operator specifies an update channel that tracks and receives updates for the Operator. You can change the update channel to start tracking and receiving updates from a newer channel. ¶ The names of update channels in a subscription can differ between Operators, but the naming scheme typically follows a common convention within a given Operator. For example, channel names might follow a minor release update stream for the application provided by the Operator (1.2, 1.3) or a release frequency (stable, fast). ¶ You cannot change installed Operators to a channel that is older than the current channel. ¶ Red Hat Customer Portal Labs include the following application that helps administrators prepare to update their Operators: ¶ Red Hat OpenShift Container Platform Operator Update Information Checker ¶ You can use the application to search for Operator Lifecycle Manager-based Operators and verify the available Operator version per update channel across different versions of OpenShift Container Platform. Cluster Version Operator-based Operators are not included. ¶ 5.5.2.2. Changing the update channel for an Operator You can change the update channel for an Operator by using the OpenShift Container Platform web console. ¶ TIP If the approval strategy in the subscription is set to Automatic, the update process initiates as soon as a new Operator version is available in the selected channel. If the approval strategy is set to Manual, you must manually approve pending updates. ¶ An Operator previously installed using Operator Lifecycle Manager (OLM). ¶ 1. In the Administrator perspective of the web console, navigate to Operators Installed Operators. ¶ 2. Click the name of the Operator you want to change the update channel for. ¶ 3. Click the Subscription tab. ¶ 4. Click the name of the update channel under Update channel. ¶ 5. Click the newer update channel that you want to change to, then click Save. ¶ 6. For subscriptions with an Automatic approval strategy, the update begins automatically. Navigate back to the Operators Installed Operators page to monitor the progress of the update. When complete, the status changes to Succeeded and Up to date. For subscriptions with a Manual approval strategy, you can manually approve the update from the Subscription tab. ¶ 5.5.2.3. Manually approving a pending Operator update If an installed Operator has the approval strategy in its subscription set to Manual, when new updates are released in its current update channel, the update must be manually approved before installation can begin. ¶ An Operator previously installed using Operator Lifecycle Manager (OLM). ¶ 1. In the Administrator perspective of the OpenShift Container Platform web console, navigate to Operators Installed Operators. ¶ 2. Operators that have a pending update display a status with Upgrade available. Click the name of the Operator you want to update. ¶ 3. Click the Subscription tab. Any updates requiring approval are displayed next to Upgrade status. For example, it might display 1 requires approval. ¶ 4. Click 1 requires approval, then click Preview Install Plan. ¶ 5. Review the resources that are listed as available for update. When satisfied, click Approve. ¶ 6. Navigate back to the Operators Installed Operators page to monitor the progress of the ¶ update. When complete, the status changes to Succeeded and Up to date.","",""
"COMPLIANCE OPERATOR > COMPLIANCE OPERATOR MANAGEMENT > Managing the Compliance Operator","5.5.3.2","Updating security content","Security content is included as container images that the ProfileBundle objects refer to. To accurately track updates to ProfileBundles and the custom resources parsed from the bundles such as rules or profiles, identify the container image with the compliance content using a digest instead of a tag: ¶ $ oc -n openshift-compliance get profilebundles rhcos4 -oyaml ¶ kind: ProfileBundle ¶ creationTimestamp: ""2022-10-19T12:06:30Z"" finalizers: profilebundle.finalizers.compliance.openshift.io ¶ name: rhcos4 resourceVersion: ""46741"" uid: 22350850-af4a-4f5c-9a42-5e7b68b82d7d contentFile: ssg-rhcos4-ds.xml contentImage: registry.redhat.io/compliance/openshift-compliance-content-rhel8@sha256:900e... conditions: lastTransitionTime: ""2022-10-19T12:07:51Z"" ¶ message: Profile bundle successfully parsed reason: Valid status: ""True"" type: Ready dataStreamStatus: VALID ¶ 1 Security container image. ¶ Each ProfileBundle is backed by a deployment. When the Compliance Operator detects that the container image digest has changed, the deployment is updated to reflect the change and parse the content again. Using the digest instead of a tag ensures that you use a stable and predictable set of profiles.","",""
"COMPLIANCE OPERATOR > COMPLIANCE OPERATOR MANAGEMENT > Managing the Compliance Operator","5.5.3.3","Additional resources","Using Operator Lifecycle Manager in disconnected environments","",""
"COMPLIANCE OPERATOR > COMPLIANCE OPERATOR MANAGEMENT","5.5.4","Uninstalling the Compliance Operator","You can remove the OpenShift Compliance Operator from your cluster by using the OpenShift Container Platform web console or the CLI. ¶ 5.5.4.1. Uninstalling the OpenShift Compliance Operator from OpenShift Container Platform using the web console ¶ To remove the Compliance Operator, you must first delete the objects in the namespace. After the objects are removed, you can remove the Operator and its namespace by deleting the openshift- compliance project. ¶ Access to an OpenShift Container Platform cluster using an account with cluster-admin permissions. ¶ The OpenShift Compliance Operator must be installed. ¶ To remove the Compliance Operator by using the OpenShift Container Platform web console: ¶ 1. Go to the Operators Installed Operators Compliance Operator page. ¶ a. Click All instances. ¶ b. In All namespaces, click the Options menu and delete all ScanSettingBinding, ¶ ComplainceSuite, ComplianceScan, and ProfileBundle objects. ¶ 2. Switch to the Administration Operators Installed Operators page. ¶ 3. Click the Options menu on the Compliance Operator entry and select Uninstall ¶ 4. Switch to the Home Projects page. ¶ 5. Search for 'compliance'. ¶ 6. Click the Options menu next to the openshift-compliance project, and select Delete Project. ¶ a. Confirm the deletion by typing openshift-compliance in the dialog box, and click Delete. ¶ 5.5.4.2. Uninstalling the OpenShift Compliance Operator from OpenShift Container Platform using the CLI ¶ To remove the Compliance Operator, you must first delete the objects in the namespace. After the objects are removed, you can remove the Operator and its namespace by deleting the openshift- compliance project. ¶ Access to an OpenShift Container Platform cluster using an account with cluster-admin permissions. ¶ The OpenShift Compliance Operator must be installed. ¶ 1. Delete all objects in the namespace. a. Delete the ScanSettingBinding objects: $ oc delete ssb --all -n openshift-compliance ¶ b. Delete the ScanSetting objects: $ oc delete ss --all -n openshift-compliance ¶ c. Delete the ComplianceSuite objects: $ oc delete suite --all -n openshift-compliance ¶ d. Delete the ComplianceScan objects: ¶ $ oc delete scan --all -n openshift-compliance e. Delete the ProfileBundle objects: ¶ $ oc delete profilebundle.compliance --all -n openshift-compliance ¶ 2. Delete the Subscription object: ¶ $ oc delete sub --all -n openshift-compliance ¶ 3. Delete the CSV object: ¶ $ oc delete csv --all -n openshift-compliance ¶ 4. Delete the project: ¶ $ oc delete project openshift-compliance ¶ project.project.openshift.io ""openshift-compliance"" deleted ¶ 1. Confirm the namespace is deleted: $ oc get project/openshift-compliance Error from server (NotFound): namespaces ""openshift-compliance"" not found","",""
"COMPLIANCE OPERATOR > COMPLIANCE OPERATOR SCAN MANAGEMENT > Supported compliance profiles","5.6.1.1.1","CIS compliance profiles","Profile Profile title Applica Industry Suppor Supported tion compliance ted platforms benchmark archite ¶ ocp4-cis [1] CIS Red Hat Platfor CIS Benchmarks TM x86_6 OpenShift m 4 Container [4] ppc64 Platform le Benchmark v1.9.0 s390x aarch ¶ ocp4-cis-1-9[3] CIS Red Hat Platfor CIS Benchmarks TM x86_6 OpenShift m 4 Container [4] ppc64 Platform le Benchmark v1.9.0 s390x aarch ¶ ocp4-cis-node [1] CIS Red Hat Node CIS Benchmarks TM x86_6 Red Hat OpenShift 4 OpenShift Service Container [2] [4] ppc64 on AWS with Platform le hosted control Benchmark v1.9.0 s390x planes (ROSA aarch HCP) ¶ Profile Profile title Applica Industry Suppor Supported tion compliance ted platforms ocp4-cis-node-1- CIS Red Hat benchmark archite 9[3] OpenShift ctures Container Platform Node CIS Benchmarks TM x86_6 Red Hat Benchmark v1.9.0 4 OpenShift Service [2] [4] ppc64 on AWS with le hosted control s390x planes (ROSA aarch HCP) ¶ 1. The ocp4-cis and ocp4-cis-node profiles maintain the most up-to-date version of the CIS benchmark as it becomes available in the Compliance Operator. If you want to adhere to a specific version, such as CIS v1.9.0, use the ocp4-cis-1-9 and ocp4-cis-node-1-9 profiles. ¶ 2. Node profiles must be used with the relevant Platform profile. For more information, see Compliance Operator profile types . ¶ 3. All earlier CIS profiles are superceded by CIS v1.9.0. It is recommended to apply the latest profile to your environment. ¶ 4. To locate the CIS OpenShift Container Platform v4 Benchmark, go to CIS Benchmarks and click Download Latest CIS Benchmark, where you can then register to download the benchmark.","",""
"COMPLIANCE OPERATOR > COMPLIANCE OPERATOR SCAN MANAGEMENT > Supported compliance profiles","5.6.1.1.2","BSI Profile Support","Profile Profile title Applica Industry Suppor Supported tion compliance ted platforms benchmark archite ¶ ocp4-bsi [1] BSI IT- Platfor BSI Basic x86_6 Grundschutz m Protection 4 (Basic Protection) Compendium Building Block SYS.1.6 and APP.4.4 ¶ ocp4-bsi-node [1] BSI IT- Node BSI Basic x86_6 Grundschutz Protection 4 (Basic Protection) [2] Compendium Building Block SYS.1.6 and APP.4.4 ¶ Profile Profile title Applica Industry Suppor Supported rhcos4-bsi [1] tion compliance ted platforms benchmark archite ¶ BSI IT- Node BSI Basic x86_6 Grundschutz Protection 4 (Basic Protection) [2] Compendium Building Block SYS.1.6 and APP.4.4 ¶ ocp4-bsi-2022 [3] BSI IT- Platfor BSI Basic x86_6 Grundschutz m Protection 4 (Basic Protection) Compendium Building Block x86_6 SYS.1.6 and 4 APP.4.4 x86_6 ocp4-bsi-node- BSI IT- Node BSI Basic 4 2022 [3] Grundschutz Protection (Basic Protection) [2] Compendium Building Block SYS.1.6 and APP.4.4 ¶ rhcos4-bsi-2022 BSI IT- Node BSI Basic Grundschutz Protection [3] (Basic Protection) [2] Compendium Building Block SYS.1.6 and APP.4.4 ¶ 1. The ocp4-bsi, ocp4-bsi-node, and rhcos4-bsi profiles maintain the most up-to-date version of the BSI Basic Protection Profile as it becomes available in the Compliance Operator. If you want to adhere to a specific version, such as BSI 2022, use the ocp4-bsi-2022, ocp4-bsi-node-2022 or rhcos4-bsi-2022 profiles. ¶ 2. Node profiles must be used with the relevant Platform profile. For more information, see Compliance Operator profile types . ¶ 3. Edition 2022 is the latest available English edition of the BSI IT-Grundschutz (Basic Protection) compendium. There were no changes for Building Blocks SYS.1.6 and APP.4.4, SYS.1.1, and SYS.1.3 in the latest published German compendium (edition 2023). ¶ For more information, see BSI Quick Check.","",""
"COMPLIANCE OPERATOR > COMPLIANCE OPERATOR SCAN MANAGEMENT > Supported compliance profiles","5.6.1.1.3","Essential Eight compliance profiles","Profile Profile title Applica Industry Suppor Supported ocp4-e8 tion compliance ted platforms rhcos4-e8 Australian Cyber benchmark archite Security Centre ctures (ACSC) Essential Eight Platfor ACSC Hardening x86_6 m Linux Workstations 4 Australian Cyber and Servers Security Centre (ACSC) Essential Node ACSC Hardening x86_6 Red Hat Eight Linux Workstations 4 OpenShift Service and Servers on AWS with hosted control planes (ROSA","",""
"COMPLIANCE OPERATOR > COMPLIANCE OPERATOR SCAN MANAGEMENT > Supported compliance profiles","5.6.1.1.4","FedRAMP High compliance profiles","Applying automatic remedations to any profile, such as rhcos4-stig, that uses the service-sshd-disabled rule, automatically disables the sshd service. This situation blocks SSH access to control plane nodes and compute nodes. To keep the SSH access enabled, create a TailoredProfile object and set the rhcos4-service-sshd-disabled rule value for the disableRules parameter. ¶ Profile Profile title Applica Industry Suppor Supported tion compliance ted platforms benchmark archite ¶ ocp4-high [1] NIST 800-53 Platfor NIST SP-800-53 x86_6 High-Impact m Release Search 4 Baseline for Red Hat OpenShift Platform level ¶ ocp4-high-node [1] NIST 800-53 Node NIST SP-800-53 x86_6 Red Hat High-Impact Release Search 4 OpenShift Service Baseline for [2] on AWS with Red Hat OpenShift hosted control Node level planes (ROSA ¶ Profile Profile title Applica Industry Suppor Supported tion compliance ted platforms ocp4-high-node- benchmark archite rev-4 ctures ¶ NIST 800-53 Node NIST SP-800-53 x86_6 Red Hat High-Impact Release Search 4 OpenShift Service Baseline for [2] on AWS with Red Hat OpenShift hosted control Node level planes (ROSA ¶ ocp4-high-rev-4 NIST 800-53 Platfor NIST SP-800-53 x86_6 rhcos4-high [1] High-Impact m Release Search 4 Baseline for Red Hat OpenShift Platform level ¶ NIST 800-53 Node NIST SP-800-53 x86_6 Red Hat High-Impact Release Search 4 OpenShift Service Baseline for on AWS with Red Hat Enterprise hosted control Linux CoreOS planes (ROSA ¶ rhcos4-high-rev-4 NIST 800-53 Node NIST SP-800-53 x86_6 Red Hat High-Impact Release Search 4 OpenShift Service Baseline for on AWS with Red Hat Enterprise hosted control Linux CoreOS planes (ROSA ¶ 1. The ocp4-high, ocp4-high-node and rhcos4-high profiles maintain the most up-to-date version of the FedRAMP High standard as it becomes available in the Compliance Operator. If you want to adhere to a specific version, such as FedRAMP high R4, use the ocp4-high-rev-4 and ocp4-high-node-rev-4 profiles. ¶ 2. Node profiles must be used with the relevant Platform profile. For more information, see Compliance Operator profile types .","",""
"COMPLIANCE OPERATOR > COMPLIANCE OPERATOR SCAN MANAGEMENT > Supported compliance profiles","5.6.1.1.5","FedRAMP Moderate compliance profiles","Profile Profile title Applica Industry Suppor Supported tion compliance ted platforms benchmark archite ¶ ocp4-moderate [1] NIST 800-53 Platfor NIST SP-800-53 x86_6 Moderate-Impact m Release Search 4 Baseline for ppc64 Red Hat OpenShift le Platform level s390x aarch ¶ ocp4-moderate- NIST 800-53 Node NIST SP-800-53 x86_6 Red Hat node [1] Moderate-Impact Release Search 4 OpenShift Service Baseline for [2] ppc64 on AWS with ocp4-moderate- Red Hat OpenShift le hosted control node-rev-4 - Node level s390x planes (ROSA aarch HCP) ocp4-moderate- 64 rev-4 NIST 800-53 Node NIST SP-800-53 x86_6 Red Hat rhcos4-moderate Moderate-Impact Release Search 4 OpenShift Service Baseline for [2] ppc64 on AWS with [1] Red Hat OpenShift le hosted control Node level s390x planes (ROSA aarch HCP) ¶ NIST 800-53 Platfor NIST SP-800-53 x86_6 Moderate-Impact m Release Search 4 Baseline for ppc64 Red Hat OpenShift le Platform level s390x aarch ¶ NIST 800-53 Node NIST SP-800-53 x86_6 Red Hat Moderate-Impact Release Search 4 OpenShift Service Baseline for aarch on AWS with Red Hat Enterprise 64 hosted control Linux CoreOS planes (ROSA ¶ Profile Profile title Applica Industry Suppor Supported tion compliance ted platforms benchmark archite ¶ rhcos4-moderate- NIST 800-53 Node NIST SP-800-53 x86_6 Red Hat rev-4 Moderate-Impact Release Search 4 OpenShift Service Baseline for aarch on AWS with Red Hat Enterprise 64 hosted control Linux CoreOS planes (ROSA ¶ 1. The ocp4-moderate, ocp4-moderate-node and rhcos4-moderate profiles maintain the most up-to-date version of the FedRAMP Moderate standard as it becomes available in the Compliance Operator. If you want to adhere to a specific version, such as FedRAMP Moderate R4, use the ocp4-moderate-rev-4 and ocp4-moderate-node-rev-4 profiles. ¶ 2. Node profiles must be used with the relevant Platform profile. For more information, see Compliance Operator profile types .","",""
"COMPLIANCE OPERATOR > COMPLIANCE OPERATOR SCAN MANAGEMENT > Supported compliance profiles","5.6.1.1.6","NERC-CIP compliance profiles","Profile Profile title Applica Industry Suppor Supported tion compliance ted platforms benchmark archite ¶ ocp4-nerc-cip North American Platfor NERC CIP x86_6 Electric Reliability m Standards 4 Corporation (NERC) Critical Infrastructure Protection (CIP) cybersecurity standards profile for the OpenShift Container Platform - Platform level ¶ Profile Profile title Applica Industry Suppor Supported tion compliance ted platforms benchmark archite ¶ ocp4-nerc-cip- North American Node NERC CIP x86_6 Red Hat node Electric Reliability Standards 4 OpenShift Service Corporation [1] on AWS with rhcos4-nerc-cip (NERC) Critical NERC CIP hosted control Infrastructure Node Standards planes (ROSA Protection (CIP) HCP) cybersecurity standards profile x86_6 Red Hat for the OpenShift 4 OpenShift Service Container on AWS with Platform - Node hosted control level planes (ROSA North American Electric Reliability Corporation (NERC) Critical Infrastructure Protection (CIP) cybersecurity standards profile for Red Hat Enterprise Linux CoreOS ¶ 1. Node profiles must be used with the relevant Platform profile. For more information, see Compliance Operator profile types .","",""
"COMPLIANCE OPERATOR > COMPLIANCE OPERATOR SCAN MANAGEMENT > Supported compliance profiles","5.6.1.1.7","PCI-DSS compliance profiles","Profile Profile title Applica Industry Suppor Supported tion compliance ted platforms benchmark archite ¶ ocp4-pci-dss [1] PCI-DSS v4 Platfor PCI Security x86_6 Control Baseline m Standards ® 4 for OpenShift Council Document ppc64 Container Library le Platform 4 aarch ¶ Profile Profile title Applica Industry Suppor Supported tion compliance ted platforms benchmark archite ¶ ocp4-pci-dss-3-2 PCI-DSS v3.2.1 Platfor PCI Security x86_6 Control Baseline m Standards ® 4 [3] for OpenShift Council Document ppc64 Container Library le Platform 4 s390x aarch ¶ ocp4-pci-dss-4-0 PCI-DSS v4 Platfor PCI Security x86_6 Control Baseline m Standards ® 4 for OpenShift Council Document ppc64 Container Library le Platform 4 aarch ¶ ocp4-pci-dss- PCI-DSS v4 Node PCI Security x86_6 Red Hat node [1] Control Baseline Standards ® 4 OpenShift Service for OpenShift [2] Council Document ppc64 on AWS with Container Library le hosted control Platform 4 aarch planes (ROSA 64 HCP) ¶ ocp4-pci-dss- PCI-DSS v3.2.1 Node PCI Security x86_6 Red Hat node-3-2 [3] Control Baseline Standards ® 4 OpenShift Service for OpenShift [2] Council Document ppc64 on AWS with Container Library le hosted control Platform 4 s390x planes (ROSA aarch HCP) ¶ ocp4-pci-dss- PCI-DSS v4 Node PCI Security x86_6 Red Hat node-4-0 Control Baseline Standards ® 4 OpenShift Service for OpenShift [2] Council Document ppc64 on AWS with Container Library le hosted control Platform 4 aarch planes (ROSA 64 HCP) ¶ 1. The ocp4-pci-dss and ocp4-pci-dss-node profiles maintain the most up-to-date version of the PCI-DSS standard as it becomes available in the Compliance Operator. If you want to adhere to a specific version, such as PCI-DSS v3.2.1, use the ocp4-pci-dss-3-2 and ocp4-pci- dss-node-3-2 profiles. ¶ 2. Node profiles must be used with the relevant Platform profile. For more information, see Compliance Operator profile types . ¶ 3. PCI-DSS v3.2.1 is superceded by PCI-DSS v4. It is recommended to apply the latest profile to your environment.","",""
"COMPLIANCE OPERATOR > COMPLIANCE OPERATOR SCAN MANAGEMENT > Supported compliance profiles","5.6.1.1.8","STIG compliance profiles","Applying automatic remedations to any profile, such as rhcos4-stig, that uses the service-sshd-disabled rule, automatically disables the sshd service. This situation blocks SSH access to control plane nodes and compute nodes. To keep the SSH access enabled, create a TailoredProfile object and set the rhcos4-service-sshd-disabled rule value for the disableRules parameter. ¶ Profile Profile title Applica Industry Suppor Supported tion compliance ted platforms benchmark archite ¶ ocp4-stig [1] Defense Platfor DISA-STIG x86_6 Information m 4 Systems Agency ppc64 Security Technical le Implementation Guide (DISA STIG) for Red Hat Openshift[3] ¶ ocp4-stig-node [1] Defense Node DISA-STIG x86_6 Red Hat Information 4 OpenShift Service Systems Agency [2] ppc64 on AWS with Security Technical le hosted control Implementation planes (ROSA Guide (DISA STIG) HCP) for Red Hat Openshift[3] ¶ ocp4-stig-v2r3 Defense Platfor DISA-STIG x86_6 Information m 4 Systems Agency ppc64 Security Technical le Implementation Guide (DISA STIG) for Red Hat Openshift V2R3 ¶ Profile Profile title Applica Industry Suppor Supported tion compliance ted platforms benchmark archite ¶ ocp4-stig-node- Defense Node DISA-STIG x86_6 v2r3 [1] Information 4 Systems Agency ppc64 Security Technical le Implementation Guide (DISA STIG) for Red Hat Openshift V2R3 ¶ rhcos4-stig[1] Defense Node DISA-STIG x86_6 Red Hat rhcos4-stig-v2r3 Information DISA-STIG 4 OpenShift Service Systems Agency ppc64 on AWS with Security Technical le hosted control Implementation planes (ROSA Guide (DISA STIG) HCP) for Red Hat Openshift[3] ¶ Defense Node x86_6 Red Hat Information 4 OpenShift Service Systems Agency ppc64 on AWS with Security Technical le hosted control Implementation planes (ROSA Guide (DISA STIG) HCP) for Red Hat Openshift V2R3 ¶ 1. The ocp4-stig, ocp4-stig-node and rhcos4-stig profiles maintain the most up-to-date version of the DISA-STIG benchmark as it becomes available in the Compliance Operator. If you want to adhere to a specific version, such as DISA-STIG V2R3, use the ocp4-stig-v2r3 and ocp4-stig- node-v2r3 profiles. ¶ 2. Node profiles must be used with the relevant Platform profile. For more information, see Compliance Operator profile types . ¶ 3. DISA-STIG V1R2 is superceded by DISA-STIG V2R3. It is recommended to apply the latest profile to your environment.","",""
"COMPLIANCE OPERATOR > COMPLIANCE OPERATOR SCAN MANAGEMENT > Supported compliance profiles","5.6.1.1.9","About extended compliance profiles","Some compliance profiles have controls that require following industry best practices, resulting in some profiles extending others. Combining the Center for Internet Security (CIS) best practices with National Institute of Standards and Technology (NIST) security frameworks establishes a path to a secure and compliant environment. ¶ For example, the NIST High-Impact and Moderate-Impact profiles extend the CIS profile to achieve ¶ For example, the NIST High-Impact and Moderate-Impact profiles extend the CIS profile to achieve compliance. As a result, extended compliance profiles eliminate the need to run both profiles in a single cluster. ¶ Profile Extends ¶ ocp4-pci-dss ocp4-cis ¶ ocp4-pci-dss-node ocp4-cis-node ¶ ocp4-high ocp4-cis ¶ ocp4-high-node ocp4-cis-node ¶ ocp4-moderate ocp4-cis ¶ ocp4-moderate-node ocp4-cis-node ¶ ocp4-nerc-cip ocp4-moderate ¶ ocp4-nerc-cip-node ocp4-moderate-node","",""
"COMPLIANCE OPERATOR > COMPLIANCE OPERATOR SCAN MANAGEMENT > Supported compliance profiles","5.6.1.1.10","Compliance Operator profile types","Compliance Operator rules are organized into profiles. Profiles can target the Platform or Nodes for OpenShift Container Platform, and some benchmarks include rhcos4 Node profiles. ¶ Platform Platform profiles evaluate your OpenShift Container Platform cluster components. For example, a Platform-level rule can confirm whether APIServer configurations are using strong encryption cyphers. ¶ Node Node profiles evaluate the OpenShift or RHCOS configuration of each host. You can use two Node profiles: ocp4 Node profiles and rhcos4 Node profiles. The ocp4 Node profiles evaluate the OpenShift configuration of each host. For example, they can confirm whether kubeconfig files have the correct permissions to meet a compliance standard. The rhcos4 Node profiles evaluate the Red Hat Enterprise Linux CoreOS (RHCOS) configuration of each host. For example, they can confirm whether the SSHD service is configured to disable password logins. ¶ For benchmarks that have Node and Platform profiles, such as PCI-DSS, you must run both profiles in your OpenShift Container Platform environment. ¶ For benchmarks that have ocp4 Platform, ocp4 Node, and rhcos4 Node profiles, such as FedRAMP High, you must run all three profiles in your OpenShift Container Platform environment. ¶ In a cluster with many Nodes, both ocp4 Node and rhcos4 Node scans might take a long time to complete.","",""
"COMPLIANCE OPERATOR > COMPLIANCE OPERATOR SCAN MANAGEMENT > Compliance Operator scans","5.6.2.1","Running compliance scans","You can run a scan using the Center for Internet Security (CIS) profiles. For convenience, the Compliance Operator creates a ScanSetting object with reasonable defaults on startup. This ScanSetting object is named default. ¶ For all-in-one control plane and worker nodes, the compliance scan runs twice on the worker and control plane nodes. The compliance scan might generate inconsistent scan results. You can avoid inconsistent results by defining only a single role in the ScanSetting object. ¶ Compliance Operator scans report INCONSISTENT on clusters with multi-architecture compute machines whether the control plane uses aarch64 or x86 CPUs. This is due to the same rule behaving differently on different architectures. This should only be applicable for node scans, where the Compliance Operator aggregates results from multiple nodes into a single result. ¶ For more information about inconsistent scan results, see Compliance Operator shows INCONSISTENT scan result with worker node. ¶ 1. Inspect the ScanSetting object by running the following command: $ oc describe scansettings default -n openshift-compliance ¶ Name: default Namespace: openshift-compliance Labels: Annotations: <none> <none> ¶ API Version: compliance.openshift.io/v1alpha1 ¶ Kind: ScanSetting ¶ Max Retry On Timeout: 3 ¶ Metadata: ¶ Creation Timestamp: 2024-07-16T14:56:42Z ¶ Generation: 2 ¶ Resource Version: 91655682 ¶ UID: 50358cf1-57a8-4f69-ac50-5c7a5938e402 ¶ Raw Result Storage: ¶ Node Selector: ¶ node-role.kubernetes.io/master: ¶ Pv Access Modes: ¶ ReadWriteOnce 1 ¶ Rotation: 3 2 ¶ Size: 1Gi 3 ¶ Storage Class Name: standard 4 ¶ Tolerations: ¶ Effect: NoSchedule ¶ Key: node-role.kubernetes.io/master ¶ Operator: Exists ¶ Effect: NoExecute ¶ Key: node.kubernetes.io/not-ready ¶ Operator: Exists ¶ Toleration Seconds: 300 ¶ Effect: NoExecute ¶ Key: node.kubernetes.io/unreachable ¶ Operator: Exists ¶ Toleration Seconds: 300 ¶ Effect: NoSchedule ¶ Key: node.kubernetes.io/memory-pressure ¶ Operator: Exists ¶ Roles: ¶ master 5 ¶ worker 6 ¶ Scan Tolerations: 7 ¶ Operator: Exists ¶ Schedule: 01*** 8 ¶ Show Not Applicable: false ¶ Strict Node Scan: true ¶ Suspend: false ¶ Timeout: 30m ¶ Events: <none> ¶ 1 The Compliance Operator creates a persistent volume (PV) that contains the results of the scans. By default, the PV will use access mode ReadWriteOnce because the Compliance Operator cannot make any assumptions about the storage classes configured on the cluster. Additionally, ReadWriteOnce access mode is available on most clusters. If you need to fetch the scan results, you can do so by using a helper pod, which also binds the volume. Volumes that use the ReadWriteOnce access mode can be mounted by only one pod at time, so it is important to remember to delete the helper pods. Otherwise, the Compliance Operator will not be able to reuse the volume for subsequent scans. ¶ 2 The Compliance Operator keeps results of three subsequent scans in the volume; older scans are rotated. ¶ 3 The Compliance Operator will allocate one GB of storage for the scan results. ¶ 4 The scansetting.rawResultStorage.storageClassName field specifies the storageClassName value to use when creating the PersistentVolumeClaim object to store the raw results. The default value is null, which will attempt to use the default storage class configured in the cluster. If there is no default class specified, then you must set a default class. ¶ 5 6 If the scan setting uses any profiles that scan cluster nodes, scan these node roles. ¶ 7 The default scan setting object scans all the nodes. ¶ 8 The default scan setting object runs scans at 01:00 each day. ¶ As an alternative to the default scan setting, you can use default-auto-apply, which has the following settings: ¶ Name: default-auto-apply ¶ Namespace: openshift-compliance ¶ Labels: <none> ¶ Annotations: <none> ¶ API Version: compliance.openshift.io/v1alpha1 ¶ Auto Apply Remediations: true 1 ¶ Auto Update Remediations: true 2 ¶ Kind: ScanSetting ¶ Metadata: ¶ Creation Timestamp: 2022-10-18T20:21:00Z ¶ Generation: 1 ¶ Managed Fields: ¶ API Version: compliance.openshift.io/v1alpha1 ¶ Fields Type: FieldsV1 ¶ fieldsV1: ¶ f:autoApplyRemediations: ¶ f:autoUpdateRemediations: ¶ f:rawResultStorage: ¶ .: ¶ f:nodeSelector: ¶ .: ¶ f:node-role.kubernetes.io/master: ¶ f:pvAccessModes: ¶ f:rotation: ¶ f:size: ¶ f:tolerations: ¶ f:roles: ¶ f:scanTolerations: ¶ f:schedule: ¶ f:showNotApplicable: ¶ f:strictNodeScan: ¶ Manager: compliance-operator ¶ Operation: Update ¶ Time: 2022-10-18T20:21:00Z ¶ Resource Version: 38840 ¶ UID: 8cb0967d-05e0-4d7a-ac1c-08a7f7e89e84 ¶ Raw Result Storage: ¶ Node Selector: ¶ node-role.kubernetes.io/master: ¶ Pv Access Modes: ¶ ReadWriteOnce ¶ Rotation: 3 ¶ Size: 1Gi ¶ Tolerations: ¶ Effect: NoSchedule ¶ Key: node-role.kubernetes.io/master ¶ Operator: Exists ¶ Effect: NoExecute ¶ Key: node.kubernetes.io/not-ready ¶ Operator: Exists ¶ Toleration Seconds: 300 ¶ Effect: NoExecute ¶ Key: node.kubernetes.io/unreachable ¶ Operator: Exists ¶ Toleration Seconds: 300 ¶ Effect: NoSchedule ¶ Key: node.kubernetes.io/memory-pressure ¶ Operator: Exists ¶ Roles: ¶ master ¶ worker ¶ Scan Tolerations: ¶ Operator: Exists ¶ Schedule: 0 1 * * * ¶ Show Not Applicable: false ¶ Strict Node Scan: true ¶ Events: <none> ¶ 1 2 Setting autoUpdateRemediations and autoApplyRemediations flags to true allows you to easily create ScanSetting objects that auto-remediate without extra steps. ¶ 2. Create a ScanSettingBinding object that binds to the default ScanSetting object and scans the cluster using the cis and cis-node profiles. For example: ¶ kind: ScanSettingBinding ¶ name: cis-compliance profiles: name: ocp4-cis-node ¶ name: ocp4-cis settingsRef: ¶ 3. Create the ScanSettingBinding object by running: ¶ $ oc create -f <file-name>.yaml -n openshift-compliance ¶ At this point in the process, the ScanSettingBinding object is reconciled and based on the Binding and the Bound settings. The Compliance Operator creates a ComplianceSuite object and the associated ComplianceScan objects. ¶ 4. Follow the compliance scan progress by running: ¶ $ oc get compliancescan -w -n openshift-compliance ¶ The scans progress through the scanning phases and eventually reach the DONE phase when complete. In most cases, the result of the scan is NON-COMPLIANT. You can review the scan results and start applying remediations to make the cluster compliant. See Managing Compliance Operator remediation for more information.","",""
"COMPLIANCE OPERATOR > COMPLIANCE OPERATOR SCAN MANAGEMENT > Compliance Operator scans > Setting custom storage size for results","5.6.2.2.1","Using custom result storage values","Because OpenShift Container Platform can be deployed in a variety of public clouds or bare metal, the Compliance Operator cannot determine available storage configurations. By default, the Compliance Operator will try to create the PV for storing results using the default storage class of the cluster, but a custom storage class can be configured using the rawResultStorage.StorageClassName attribute. ¶ If your cluster does not specify a default storage class, this attribute must be set. ¶ Configure the ScanSetting custom resource to use a standard storage class and create persistent volumes that are 10GB in size and keep the last 10 results: ¶ Example ScanSetting CR ¶ storageClassName: standard ¶ rotation: 10 size: 10Gi key: node-role.kubernetes.io/master schedule: '0 1 * * *'","",""
"COMPLIANCE OPERATOR > COMPLIANCE OPERATOR SCAN MANAGEMENT > Compliance Operator scans","5.6.2.3","Scheduling the result server pod on a worker node","The result server pod mounts the persistent volume (PV) that stores the raw Asset Reporting Format (ARF) scan results. The nodeSelector and tolerations attributes enable you to configure the location of the result server pod. ¶ This is helpful for those environments where control plane nodes are not permitted to mount persistent volumes. ¶ Create a ScanSetting custom resource (CR) for the Compliance Operator: ¶ a. Define the ScanSetting CR, and save the YAML file, for example, rs-workers.yaml: ¶ name: rs-on-workers ¶ node-role.kubernetes.io/worker: """" 1 pvAccessModes: ReadWriteOnce rotation: 3 size: 1Gi operator: Exists 2 operator: Exists schedule: 0 1 * * * ¶ 1 The Compliance Operator uses this node to store scan results in ARF format. ¶ 2 The result server pod tolerates all taints. ¶ b. To create the ScanSetting CR, run the following command: ¶ $ oc create -f rs-workers.yaml ¶ To verify that the ScanSetting object is created, run the following command: ¶ $ oc get scansettings rs-on-workers -n openshift-compliance -o yaml ¶ creationTimestamp: ""2021-11-19T19:36:36Z"" name: rs-on-workers resourceVersion: ""48305"" uid: 43fdfc5f-15a7-445a-8bbc-0e4a160cd46e ¶ node-role.kubernetes.io/worker: """" pvAccessModes: ReadWriteOnce rotation: 3 size: 1Gi operator: Exists operator: Exists schedule: 0 1 * * * strictNodeScan: true","",""
"COMPLIANCE OPERATOR > COMPLIANCE OPERATOR SCAN MANAGEMENT > Compliance Operator scans","5.6.2.4","ScanSetting Custom Resource","The ScanSetting Custom Resource now allows you to override the default CPU and memory limits of scanner pods through the scan limits attribute. The Compliance Operator will use defaults of 500Mi memory, 100m CPU for the scanner container, and 200Mi memory with 100m CPU for the api- resource-collector container. To set the memory limits of the Operator, modify the Subscription object if installed through OLM or the Operator deployment itself. ¶ To increase the default CPU and memory limits of the Compliance Operator, see Increasing Compliance Operator resource limits. ¶ Increasing the memory limit for the Compliance Operator or the scanner pods is needed if the default limits are not sufficient and the Operator or scanner pods are ended by the Out Of Memory (OOM) process. For more information, see Increasing Compliance Operator resource limits.","",""
"COMPLIANCE OPERATOR > COMPLIANCE OPERATOR SCAN MANAGEMENT > Compliance Operator scans","5.6.2.5","Configuring the hosted control planes management cluster","If you are hosting your own Hosted control plane or Hypershift environment and want to scan a Hosted Cluster from the management cluster, you will need to set the name and prefix namespace for the target Hosted Cluster. You can achieve this by creating a TailoredProfile. ¶ This procedure only applies to users managing their own hosted control planes environment. ¶ Only ocp4-cis and ocp4-pci-dss profiles are supported in hosted control planes management clusters. ¶ The Compliance Operator is installed in the management cluster. ¶ 1. Obtain the name and namespace of the hosted cluster to be scanned by running the following ¶ $ oc get hostedcluster -A ¶ NAMESPACE NAME VERSION KUBECONFIG ¶ PROGRESS AVAILABLE PROGRESSING MESSAGE ¶ local-cluster 79136a1bdb84b3c13217 4.13.5 79136a1bdb84b3c13217-admin-kubeconfig ¶ Completed True False The hosted control plane is available ¶ 2. In the management cluster, create a TailoredProfile extending the scan Profile and define the name and namespace of the Hosted Cluster to be scanned: ¶ Example management-tailoredprofile.yaml ¶ kind: TailoredProfile ¶ name: hypershift-cisk57aw88gry description: This profile test required rules ¶ extends: ocp4-cis 1 title: Management namespace profile setValues: name: ocp4-hypershift-cluster ¶ rationale: This value is used for HyperShift version detection ¶ value: 79136a1bdb84b3c13217 2 name: ocp4-hypershift-namespace-prefix ¶ rationale: This value is used for HyperShift control plane namespace detection ¶ value: local-cluster 3 ¶ 1 Variable. Only ocp4-cis and ocp4-pci-dss profiles are supported in hosted control planes management clusters. ¶ 2 The value is the NAME from the output in the previous step. ¶ 3 The value is the NAMESPACE from the output in the previous step. ¶ 3. Create the TailoredProfile: ¶ $ oc create -n openshift-compliance -f mgmt-tp.yaml","",""
"COMPLIANCE OPERATOR > COMPLIANCE OPERATOR SCAN MANAGEMENT > Compliance Operator scans","5.6.2.6","Applying resource requests and limits","When the kubelet starts a container as part of a Pod, the kubelet passes that container's requests and limits for memory and CPU to the container runtime. In Linux, the container runtime configures the kernel cgroups that apply and enforce the limits you defined. ¶ The CPU limit defines how much CPU time the container can use. During each scheduling interval, the Linux kernel checks to see if this limit is exceeded. If so, the kernel waits before allowing the cgroup to resume execution. ¶ If several different containers (cgroups) want to run on a contended system, workloads with larger CPU requests are allocated more CPU time than workloads with small requests. The memory request is used during Pod scheduling. On a node that uses cgroups v2, the container runtime might use the memory request as a hint to set memory.min and memory.low values. ¶ If a container attempts to allocate more memory than this limit, the Linux kernel out-of-memory subsystem activates and intervenes by stopping one of the processes in the container that tried to allocate memory. The memory limit for the Pod or container can also apply to pages in memory-backed volumes, such as an emptyDir. ¶ The kubelet tracks tmpfs emptyDir volumes as container memory is used, rather than as local ephemeral storage. If a container exceeds its memory request and the node that it runs on becomes short of memory overall, the Pod's container might be evicted. ¶ A container may not exceed its CPU limit for extended periods. Container run times do not stop Pods or containers for excessive CPU usage. To determine whether a container cannot be scheduled or is being killed due to resource limits, see Troubleshooting the Compliance Operator.","",""
"COMPLIANCE OPERATOR > COMPLIANCE OPERATOR SCAN MANAGEMENT > Compliance Operator scans","5.6.2.7","Scheduling Pods with container resource requests","When a Pod is created, the scheduler selects a Node for the Pod to run on. Each node has a maximum capacity for each resource type in the amount of CPU and memory it can provide for the Pods. The scheduler ensures that the sum of the resource requests of the scheduled containers is less than the capacity nodes for each resource type. ¶ Although memory or CPU resource usage on nodes is very low, the scheduler might still refuse to place a Pod on a node if the capacity check fails to protect against a resource shortage on a node. ¶ For each container, you can specify the following resource limits and request: ¶ spec.containers[].resources.limits.cpu spec.containers[].resources.limits.memory spec.containers[].resources.limits.hugepages-<size> spec.containers[].resources.requests.cpu spec.containers[].resources.requests.memory spec.containers[].resources.requests.hugepages-<size> ¶ Although you can specify requests and limits for only individual containers, it is also useful to consider the overall resource requests and limits for a pod. For a particular resource, a container resource request or limit is the sum of the resource requests or limits of that type for each container in the pod. ¶ Example container resource requests and limits ¶ name: frontend ¶ type: RuntimeDefault ¶ name: app ¶ image: images.my-company.example/app:v4 ¶ requests: 1 memory: ""64Mi"" cpu: ""250m"" ¶ limits: 2 memory: ""128Mi"" cpu: ""500m"" ¶ name: log-aggregator image: images.my-company.example/log-aggregator:v6 memory: ""64Mi"" cpu: ""250m"" memory: ""128Mi"" cpu: ""500m"" ¶ 1 The container is requesting 64 Mi of memory and 250 m CPU. ¶ 2 The container's limits are 128 Mi of memory and 500 m CPU.","",""
"COMPLIANCE OPERATOR > COMPLIANCE OPERATOR SCAN MANAGEMENT > Tailoring the Compliance Operator","5.6.3.2","Using tailored profiles to extend existing ProfileBundles","While the TailoredProfile CR enables the most common tailoring operations, the XCCDF standard allows even more flexibility in tailoring OpenSCAP profiles. In addition, if your organization has been using OpenScap previously, you may have an existing XCCDF tailoring file and can reuse it. ¶ The ComplianceSuite object contains an optional TailoringConfigMap attribute that you can point to a custom tailoring file. The value of the TailoringConfigMap attribute is a name of a config map, which must contain a key called tailoring.xml and the value of this key is the tailoring contents. ¶ 1. Browse the available rules for the Red Hat Enterprise Linux CoreOS (RHCOS) ProfileBundle: ¶ $ oc get rules.compliance -n openshift-compliance -l compliance.openshift.io/profile- bundle=rhcos4 ¶ 2. Browse the available variables in the same ProfileBundle: ¶ $ oc get variables.compliance -n openshift-compliance -l compliance.openshift.io/profile- bundle=rhcos4 ¶ 3. Create a tailored profile named nist-moderate-modified: ¶ a. Choose which rules you want to add to the nist-moderate-modified tailored profile. This example extends the rhcos4-moderate profile by disabling two rules and changing one value. Use the rationale value to describe why these changes were made: ¶ Example new-profile-node.yaml ¶ kind: TailoredProfile ¶ name: nist-moderate-modified ¶ extends: rhcos4-moderate description: NIST moderate profile title: My modified NIST moderate profile disableRules: name: rhcos4-file-permissions-var-log-messages ¶ rationale: The file contains logs of error messages in the system name: rhcos4-account-disable-post-pw-expiration ¶ rationale: No need to check this as it comes from the IdP setValues: name: rhcos4-var-selinux-state ¶ rationale: Organizational requirements value: permissive ¶ Attribute Description ¶ Attribute Description extends title Name of the Profile object upon which thisTailoredProfile is disableRules built. ¶ manualRules Human-readable title of the TailoredProfile. ¶ enableRules A list of name and rationale pairs. Each name refers to a name of a rule object that is to be disabled. The rationale value is description human-readable text describing why the rule is disabled. setValues A list of name and rationale pairs. When a manual rule is added, the check result status will always be manual and remediation will not be generated. This attribute is automatic and by default has no values when set as a manual rule. ¶ A list of name and rationale pairs. Each name refers to a name of a rule object that is to be enabled. The rationale value is human-readable text describing why the rule is enabled. ¶ Human-readable text describing the TailoredProfile. ¶ A list of name, rationale, and value groupings. Each name refers to a name of the value set. The rationale is human-readable text describing the set. The value is the actual setting. ¶ b. Add the tailoredProfile.spec.manualRules attribute: ¶ Example tailoredProfile.spec.manualRules.yaml ¶ kind: TailoredProfile ¶ name: ocp4-manual-scc-check ¶ extends: ocp4-cis description: This profile extends ocp4-cis by forcing the SCC check to always return MANUAL title: OCP4 CIS profile with manual SCC check manualRules: ¶ name: ocp4-scc-limit-container-allowed-capabilities rationale: We use third party software that installs its own SCC with extra privileges ¶ c. Create the TailoredProfile object: ¶ $ oc create -n openshift-compliance -f new-profile-node.yaml 1 ¶ 1 The TailoredProfile object is created in the default openshift-compliance namespace. ¶ tailoredprofile.compliance.openshift.io/nist-moderate-modified created ¶ 4. Define the ScanSettingBinding object to bind the new nist-moderate-modified tailored profile to the default ScanSetting object. ¶ Example new-scansettingbinding.yaml ¶ kind: ScanSettingBinding ¶ name: nist-moderate-modified profiles: ¶ apiGroup: compliance.openshift.io/v1alpha1 name: ocp4-moderate ¶ apiGroup: compliance.openshift.io/v1alpha1 kind: TailoredProfile name: nist-moderate-modified ¶ settingsRef: ¶ 5. Create the ScanSettingBinding object: ¶ $ oc create -n openshift-compliance -f new-scansettingbinding.yaml ¶ scansettingbinding.compliance.openshift.io/nist-moderate-modified created","",""
"COMPLIANCE OPERATOR > COMPLIANCE OPERATOR SCAN MANAGEMENT > Retrieving Compliance Operator raw results","5.6.4.1","Obtaining Compliance Operator raw results from a persistent volume","The Compliance Operator generates and stores the raw results in a persistent volume. These results are in Asset Reporting Format (ARF). ¶ 1. Explore the ComplianceSuite object: ¶ $ oc get compliancesuites nist-moderate-modified \ o json -n openshift-compliance | jq '.status.scanStatuses[].resultsStorage' ¶ ""name"": ""ocp4-moderate"", ""namespace"": ""openshift-compliance"" ¶ ""name"": ""nist-moderate-modified-master"", ""namespace"": ""openshift-compliance"" ""name"": ""nist-moderate-modified-worker"", ""namespace"": ""openshift-compliance"" ¶ This shows the persistent volume claims where the raw results are accessible. ¶ 2. Verify the raw data location by using the name and namespace of one of the results: ¶ $ oc get pvc -n openshift-compliance rhcos4-moderate-worker ¶ NAME STATUS VOLUME CAPACITY ACCESS MODES ¶ STORAGECLASS AGE ¶ rhcos4-moderate-worker Bound pvc-548f6cfe-164b-42fe-ba13-a07cfbc77f3a 1Gi RWO ¶ gp2 92m ¶ 3. Fetch the raw results by spawning a pod that mounts the volume and copying the results: $ oc create -n openshift-compliance -f pod.yaml ¶ Example pod.yaml ¶ apiVersion: ""v1"" ¶ name: pv-extract ¶ type: RuntimeDefault ¶ name: pv-extract-pod image: registry.access.redhat.com/ubi9/ubi command: [""sleep"", ""3000""] volumeMounts: mountPath: ""/workers-scan-results"" name: workers-scan-vol ¶ name: workers-scan-vol persistentVolumeClaim: claimName: rhcos4-moderate-worker ¶ 4. After the pod is running, download the results: ¶ $ oc cp pv-extract:/workers-scan-results -n openshift-compliance . ¶ Spawning a pod that mounts the persistent volume will keep the claim as Bound. If the volume's storage class in use has permissions set to ReadWriteOnce, the volume is only mountable by one pod at a time. You must delete the pod upon completion, or it will not be possible for the Operator to schedule a pod and continue storing results in this location. ¶ 5. After the extraction is complete, the pod can be deleted: ¶ $ oc delete pod pv-extract -n openshift-compliance","",""
"COMPLIANCE OPERATOR > COMPLIANCE OPERATOR SCAN MANAGEMENT > Managing Compliance Operator result and remediation","5.6.5.2","Reviewing a remediation","Review both the ComplianceRemediation object and the ComplianceCheckResult object that owns the remediation. The ComplianceCheckResult object contains human-readable descriptions of what the check does and the hardening trying to prevent, as well as other metadata like the severity and the associated security controls. The ComplianceRemediation object represents a way to fix the problem described in the ComplianceCheckResult. After first scan, check for remediations with the state MissingDependencies. ¶ Below is an example of a check and a remediation called sysctl-net-ipv4-conf-all-accept-redirects. This example is redacted to only show spec and status and omits metadata: ¶ apply: false current: object: kind: MachineConfig ignition: version: 3.2.0 storage: files: path: /etc/sysctl.d/75-sysctl_net_ipv4_conf_all_accept_redirects.conf mode: 0644 contents: source: data:,net.ipv4.conf.all.accept_redirects%3D0 ¶ outdated: {} ¶ applicationState: NotApplied ¶ The remediation payload is stored in the spec.current attribute. The payload can be any Kubernetes object, but because this remediation was produced by a node scan, the remediation payload in the above example is a MachineConfig object. For Platform scans, the remediation payload is often a different kind of an object (for example, a ConfigMap or Secret object), but typically applying that remediation is up to the administrator, because otherwise the Compliance Operator would have required a very broad set of permissions to manipulate any generic Kubernetes object. An example of remediating a Platform check is provided later in the text. ¶ To see exactly what the remediation does when applied, the MachineConfig object contents use the Ignition objects for the configuration. See the Ignition specification for further information about the format. In our example, the spec.config.storage.files[0].path attribute specifies the file that is being create by this remediation (/etc/sysctl.d/75-sysctl_net_ipv4_conf_all_accept_redirects.conf) and the spec.config.storage.files[0].contents.source attribute specifies the contents of that file. ¶ The contents of the files are URL-encoded. ¶ Use the following Python script to view the contents: ¶ $ echo ""net.ipv4.conf.all.accept_redirects%3D0"" | python3 -c ""import sys, urllib.parse; print(urllib.parse.unquote(''.join(sys.stdin.readlines())))"" ¶ net.ipv4.conf.all.accept_redirects=0 ¶ The Compliance Operator does not automatically resolve dependency issues that can occur between remediations. Users should perform a rescan after remediations are applied to ensure accurate results. ¶ 5.6.5.3. Applying remediation when using customized machine config pools When you create a custom MachineConfigPool, add a label to the MachineConfigPool so that machineConfigPoolSelector present in the KubeletConfig can match the label with MachineConfigPool. ¶ Do not set protectKernelDefaults: false in the KubeletConfig file, because the MachineConfigPool object might fail to unpause unexpectedly after the Compliance Operator finishes applying remediation. ¶ 1. List the nodes. ¶ $ oc get nodes -n openshift-compliance ¶ NAME STATUS ROLES AGE VERSION ¶ ip-10-0-128-92.us-east-2.compute.internal Ready master 5h21m v1.32.3 ¶ ip-10-0-158-32.us-east-2.compute.internal Ready worker 5h17m v1.32.3 ¶ ip-10-0-166-81.us-east-2.compute.internal Ready worker 5h17m v1.32.3 ¶ ip-10-0-171-170.us-east-2.compute.internal Ready master 5h21m v1.32.3 ¶ ip-10-0-197-35.us-east-2.compute.internal Ready master 5h22m v1.32.3 ¶ 2. Add a label to nodes. ¶ label node ip-10-0-166-81.us-east-2.compute.internal \ node-role.kubernetes.io/<machine_config_pool_name>= ¶ node/ip-10-0-166-81.us-east-2.compute.internal labeled ¶ 3. Create custom MachineConfigPool CR. ¶ kind: MachineConfigPool ¶ name: <machine_config_pool_name> ¶ pools.operator.machineconfiguration.openshift.io/<machine_config_pool_name>: '' 1 ¶ machineConfigSelector: matchExpressions: {key: machineconfiguration.openshift.io/role, operator: In, values: [worker, <machine_config_pool_name>]} ¶ node-role.kubernetes.io/<machine_config_pool_name>: """" ¶ 1 The labels field defines label name to add for Machine config pool(MCP). ¶ 4. Verify MCP created successfully. $ oc get mcp -w","",""
"COMPLIANCE OPERATOR > COMPLIANCE OPERATOR SCAN MANAGEMENT > Managing Compliance Operator result and remediation","5.6.5.4","Evaluating KubeletConfig rules against default configuration values","OpenShift Container Platform infrastructure might contain incomplete configuration files at run time, and nodes assume default configuration values for missing configuration options. Some configuration options can be passed as command-line arguments. As a result, the Compliance Operator cannot verify if the configuration file on the node is complete because it might be missing options used in the rule checks. ¶ To prevent false negative results where the default configuration value passes a check, the Compliance Operator uses the Node/Proxy API to fetch the configuration for each node in a node pool, then all configuration options that are consistent across nodes in the node pool are stored in a file that represents the configuration for all nodes within that node pool. This increases the accuracy of the scan results. ¶ No additional configuration changes are required to use this feature with default master and worker node pools configurations.","",""
"COMPLIANCE OPERATOR > COMPLIANCE OPERATOR SCAN MANAGEMENT > Managing Compliance Operator result and remediation","5.6.5.5","Scanning custom node pools","The Compliance Operator does not maintain a copy of each node pool configuration. The Compliance Operator aggregates consistent configuration options for all nodes within a single node pool into one copy of the configuration file. The Compliance Operator then uses the configuration file for a particular node pool to evaluate rules against nodes within that pool. ¶ 1. Add the example role to the ScanSetting object that will be stored in the ScanSettingBinding CR: ¶ rotation: 3 size: 1Gi example key: node-role.kubernetes.io/master schedule: '0 1 * * *' ¶ 2. Create a scan that uses the ScanSettingBinding CR: ¶ kind: ScanSettingBinding ¶ name: cis profiles: apiGroup: compliance.openshift.io/v1alpha1 name: ocp4-cis apiGroup: compliance.openshift.io/v1alpha1 name: ocp4-cis-node settingsRef: ¶ The Platform KubeletConfig rules are checked through the Node/Proxy object. You can find those rules by running the following command: ¶ $ oc get rules -o json | jq '.items[] | select(.checkType == ""Platform"") | select(.metadata.name | contains(""ocp4-kubelet-"")) | .metadata.name' ¶ 5.6.5.6. Remediating KubeletConfig sub pools KubeletConfig remediation labels can be applied to MachineConfigPool sub-pools. ¶ Add a label to the sub-pool MachineConfigPool CR: ¶ $ oc label mcp <sub-pool-name> pools.operator.machineconfiguration.openshift.io/<sub- pool-name>= ¶ 5.6.5.7. Applying a remediation The boolean attribute spec.apply controls whether the remediation should be applied by the Compliance Operator. You can apply the remediation by setting the attribute to true: ¶ patch complianceremediations/<scan-name>-sysctl-net-ipv4-conf-all-accept-redirects \ -patch '{""spec"":{""apply"":true}}' --type=merge ¶ After the Compliance Operator processes the applied remediation, the status.ApplicationState attribute would change to Applied or to Error if incorrect. When a machine config remediation is applied, that remediation along with all other applied remediations are rendered into a MachineConfig object named 75-$scan-name-$suite-name. That MachineConfig object is subsequently rendered by the Machine Config Operator and finally applied to all the nodes in a machine config pool by an instance of the machine control daemon running on each node. Note that when the Machine Config Operator applies a new MachineConfig object to nodes in a pool, all the nodes belonging to the pool are rebooted. This might be inconvenient when applying multiple remediations, each of which re-renders the composite 75-$scan-name-$suite-name MachineConfig object. To prevent applying the remediation immediately, you can pause the machine config pool by setting the .spec.paused attribute of a MachineConfigPool object to true. The Compliance Operator can apply remediations automatically. Set autoApplyRemediations: true in the ScanSetting top-level object. ¶ Applying remediations automatically should only be done with careful consideration. ¶ The Compliance Operator does not automatically resolve dependency issues that can occur between remediations. Users should perform a rescan after remediations are applied to ensure accurate results.","",""
"COMPLIANCE OPERATOR > COMPLIANCE OPERATOR SCAN MANAGEMENT > Managing Compliance Operator result and remediation","5.6.5.8","Remediating a platform check manually","Checks for Platform scans typically have to be remediated manually by the administrator for two reasons: ¶ It is not always possible to automatically determine the value that must be set. One of the checks requires that a list of allowed registries is provided, but the scanner has no way of knowing which registries the organization wants to allow. ¶ Different checks modify different API objects, requiring automated remediation to possess root or superuser access to modify objects in the cluster, which is not advised. ¶ 1. The example below uses the ocp4-ocp-allowed-registries-for-import rule, which would fail on a default OpenShift Container Platform installation. Inspect the rule oc get rule.compliance/ocp4-ocp-allowed-registries-for-import -oyaml, the rule is to limit the registries the users are allowed to import images from by setting the allowedRegistriesForImport attribute, The warning attribute of the rule also shows the API object checked, so it can be modified and remediate the issue: ¶ $ oc edit image.config.openshift.io/cluster ¶ kind: Image ¶ release.openshift.io/create-only: ""true"" ¶ creationTimestamp: ""2020-09-10T10:12:54Z"" generation: 2 resourceVersion: ""363096"" selfLink: /apis/config.openshift.io/v1/images/cluster uid: 2dcb614e-2f8a-4a23-ba9a-8e33cd0ff77e allowedRegistriesForImport: domainName: registry.redhat.io ¶ externalRegistryHostnames: default-route-openshift-image-registry.apps.user-cluster-09-10-12- 07.devcluster.openshift.com internalRegistryHostname: image-registry.openshift-image-registry.svc:5000 ¶ 2. Re-run the scan: ¶ annotate compliancescans/rhcos4-e8-worker compliance.openshift.io/rescan=","",""
"COMPLIANCE OPERATOR > COMPLIANCE OPERATOR SCAN MANAGEMENT > Managing Compliance Operator result and remediation","5.6.5.9","Updating remediations","When a new version of compliance content is used, it might deliver a new and different version of a remediation than the previous version. The Compliance Operator will keep the old version of the remediation applied. The OpenShift Container Platform administrator is also notified of the new version to review and apply. A ComplianceRemediation object that had been applied earlier, but was updated changes its status to Outdated. The outdated objects are labeled so that they can be searched for easily. ¶ The previously applied remediation contents would then be stored in the spec.outdated attribute of a ComplianceRemediation object and the new updated contents would be stored in the spec.current attribute. After updating the content to a newer version, the administrator then needs to review the remediation. As long as the spec.outdated attribute exists, it would be used to render the resulting MachineConfig object. After the spec.outdated attribute is removed, the Compliance Operator re- renders the resulting MachineConfig object, which causes the Operator to push the configuration to the nodes. ¶ 1. Search for any outdated remediations: ¶ $ oc -n openshift-compliance get complianceremediations \ l complianceoperator.openshift.io/outdated-remediation= ¶ NAME STATE ¶ workers-scan-no-empty-passwords Outdated ¶ The currently applied remediation is stored in the Outdated attribute and the new, unapplied remediation is stored in the Current attribute. If you are satisfied with the new version, remove the Outdated field. If you want to keep the updated content, remove the Current and Outdated attributes. ¶ 2. Apply the newer version of the remediation: ¶ $ oc -n openshift-compliance patch complianceremediations workers-scan-no-empty- passwords \ -type json -p '[{""op"":""remove"", ""path"":/spec/outdated}]' ¶ 3. The remediation state will switch from Outdated to Applied: ¶ $ oc get -n openshift-compliance complianceremediations workers-scan-no-empty- passwords ¶ NAME STATE ¶ workers-scan-no-empty-passwords Applied ¶ 4. The nodes will apply the newer remediation version and reboot. ¶ The Compliance Operator does not automatically resolve dependency issues that can occur between remediations. Users should perform a rescan after remediations are applied to ensure accurate results. ¶ 5.6.5.10. Unapplying a remediation It might be required to unapply a remediation that was previously applied. ¶ 1. Set the apply flag to false: ¶ patch complianceremediations/rhcos4-moderate-worker-sysctl-net-ipv4-conf-all-accept- redirects \ -patch '{""spec"":{""apply"":false}}' --type=merge ¶ 2. The remediation status will change to NotApplied and the composite MachineConfig object would be re-rendered to not include the remediation. ¶ All affected nodes with the remediation will be rebooted. ¶ The Compliance Operator does not automatically resolve dependency issues that can occur between remediations. Users should perform a rescan after remediations are applied to ensure accurate results.","",""
"COMPLIANCE OPERATOR > COMPLIANCE OPERATOR SCAN MANAGEMENT > Managing Compliance Operator result and remediation","5.6.5.11","Removing a KubeletConfig remediation","KubeletConfig remediations are included in node-level profiles. In order to remove a KubeletConfig remediation, you must manually remove it from the KubeletConfig objects. This example demonstrates how to remove the compliance check for the one-rule-tp-node-master-kubelet-eviction-thresholds- set-hard-imagefs-available remediation. ¶ 1. Locate the scan-name and compliance check for the one-rule-tp-node-master-kubelet- ¶ 1. Locate the scan-name and compliance check for the one-rule-tp-node-master-kubelet- eviction-thresholds-set-hard-imagefs-available remediation: ¶ $ oc -n openshift-compliance get remediation \ one-rule-tp-node-master-kubelet-eviction- thresholds-set-hard-imagefs-available -o yaml ¶ kind: ComplianceRemediation ¶ compliance.openshift.io/xccdf-value-used: var-kubelet-evictionhard-imagefs-available ¶ creationTimestamp: ""2022-01-05T19:52:27Z"" ¶ compliance.openshift.io/scan-name: one-rule-tp-node-master 1 compliance.openshift.io/suite: one-rule-ssb-node name: one-rule-tp-node-master-kubelet-eviction-thresholds-set-hard-imagefs-available ownerReferences: apiVersion: compliance.openshift.io/v1alpha1 blockOwnerDeletion: true controller: true kind: ComplianceCheckResult name: one-rule-tp-node-master-kubelet-eviction-thresholds-set-hard-imagefs-available uid: fe8e1577-9060-4c59-95b2-3e2c51709adc resourceVersion: ""84820"" uid: 5339d21a-24d7-40cb-84d2-7a2ebb015355 apply: true current: object: ¶ kind: KubeletConfig ¶ kubeletConfig: evictionHard: imagefs.available: 10% 2 ¶ outdated: {} type: Configuration applicationState: Applied ¶ 1 The scan name of the remediation. ¶ 2 The remediation that was added to the KubeletConfig objects. ¶ If the remediation invokes an evictionHard kubelet configuration, you must specify all of the evictionHard parameters: memory.available, nodefs.available, nodefs.inodesFree, imagefs.available, and imagefs.inodesFree. If you do not specify all parameters, only the specified parameters are applied and the remediation will not function properly. ¶ 2. Remove the remediation: ¶ a. Set apply to false for the remediation object: ¶ $ oc -n openshift-compliance patch \ complianceremediations/one-rule-tp-node-master-kubelet-eviction-thresholds-set-hard- imagefs-available \ p '{""spec"":{""apply"":false}}' --type=merge ¶ b. Using the scan-name, find the KubeletConfig object that the remediation was applied to: ¶ $ oc -n openshift-compliance get kubeletconfig \ -selector compliance.openshift.io/scan-name=one-rule-tp-node-master ¶ NAME AGE ¶ compliance-operator-kubelet-master 2m34s ¶ c. Manually remove the remediation, imagefs.available: 10%, from the KubeletConfig object: ¶ $ oc edit -n openshift-compliance KubeletConfig compliance-operator-kubelet-master ¶ All affected nodes with the remediation will be rebooted. ¶ You must also exclude the rule from any scheduled scans in your tailored profiles that auto-applies the remediation, otherwise, the remediation will be re-applied during the next scheduled scan. ¶ 5.6.5.12. Inconsistent ComplianceScan The ScanSetting object lists the node roles that the compliance scans generated from the ScanSetting or ScanSettingBinding objects would scan. Each node role usually maps to a machine config pool. ¶ It is expected that all machines in a machine config pool are identical and all scan results from the nodes in a pool should be identical. ¶ If some of the results are different from others, the Compliance Operator flags a ComplianceCheckResult object where some of the nodes will report as INCONSISTENT. All ComplianceCheckResult objects are also labeled with compliance.openshift.io/inconsistent-check. ¶ Because the number of machines in a pool might be quite large, the Compliance Operator attempts to find the most common state and list the nodes that differ from the common state. The most common state is stored in the compliance.openshift.io/most-common-status annotation and the annotation compliance.openshift.io/inconsistent-source contains pairs of hostname:status of check statuses that differ from the most common status. If no common state can be found, all the hostname:status pairs are listed in the compliance.openshift.io/inconsistent-source annotation. ¶ If possible, a remediation is still created so that the cluster can converge to a compliant status. However, this might not always be possible and correcting the difference between nodes must be done manually. The compliance scan must be re-run to get a consistent result by annotating the scan with the compliance.openshift.io/rescan= option: ¶ annotate compliancescans/rhcos4-e8-worker compliance.openshift.io/rescan=","",""
"COMPLIANCE OPERATOR > COMPLIANCE OPERATOR SCAN MANAGEMENT > Managing Compliance Operator result and remediation","5.6.5.13","Additional resources","Modifying nodes","",""
"COMPLIANCE OPERATOR > COMPLIANCE OPERATOR SCAN MANAGEMENT > Performing advanced Compliance Operator tasks","5.6.6.1","Using the ComplianceSuite and ComplianceScan objects directly","While it is recommended that users take advantage of the ScanSetting and ScanSettingBinding objects to define the suites and scans, there are valid use cases to define the ComplianceSuite objects directly: ¶ Specifying only a single rule to scan. This can be useful for debugging together with the debug: true attribute which increases the OpenSCAP scanner verbosity, as the debug mode tends to get quite verbose otherwise. Limiting the test to one rule helps to lower the amount of debug information. ¶ Providing a custom nodeSelector. In order for a remediation to be applicable, the nodeSelector must match a pool. ¶ Pointing the Scan to a bespoke config map with a tailoring file. ¶ For testing or development when the overhead of parsing profiles from bundles is not required. ¶ The following example shows a ComplianceSuite that scans the worker machines with only a single rule: ¶ kind: ComplianceSuite ¶ name: workers-compliancesuite ¶ scans: ¶ name: workers-scan profile: xccdf_org.ssgproject.content_profile_moderate content: ssg-rhcos4-ds.xml contentImage: registry.redhat.io/compliance/openshift-compliance-content-rhel8@sha256:45dc... debug: true rule: xccdf_org.ssgproject.content_rule_no_direct_root_logins node-role.kubernetes.io/worker: """" ¶ The ComplianceSuite object and the ComplianceScan objects referred to above specify several attributes in a format that OpenSCAP expects. ¶ To find out the profile, content, or rule values, you can start by creating a similar Suite from ScanSetting and ScanSettingBinding or inspect the objects parsed from the ProfileBundle objects like rules or profiles. Those objects contain the xccdf_org identifiers you can use to refer to them from a ComplianceSuite.","",""
"COMPLIANCE OPERATOR > COMPLIANCE OPERATOR SCAN MANAGEMENT > Performing advanced Compliance Operator tasks","5.6.6.2","Setting PriorityClass for ScanSetting scans","In large scale environments, the default PriorityClass object can be too low to guarantee Pods execute scans on time. For clusters that must maintain compliance or guarantee automated scanning, it is recommended to set the PriorityClass variable to ensure the Compliance Operator is always given priority in resource constrained situations. ¶ Optional: You have created a PriorityClass object. For more information, see ""Configuring priority and preemption"" in the Additional resources. ¶ Set the PriorityClass variable: ¶ strictNodeScan: true ¶ priorityClass: compliance-high-priority 1 showNotApplicable: false ¶ node-role.kubernetes.io/master: '' pvAccessModes: ¶ ReadWriteOnce rotation: 3 size: 1Gi ¶ key: node-role.kubernetes.io/master ¶ effect: NoExecute key: node.kubernetes.io/not-ready ¶ tolerationSeconds: 300 effect: NoExecute ¶ key: node.kubernetes.io/unreachable tolerationSeconds: 300 key: node.kubernetes.io/memory-pressure schedule: 0 1 * * * operator: Exists ¶ 1 If the PriorityClass referenced in the ScanSetting cannot be found, the Operator will leave the PriorityClass empty, issue a warning, and continue scheduling scans without a PriorityClass. ¶ Configuring priority and preemption","",""
"COMPLIANCE OPERATOR > COMPLIANCE OPERATOR SCAN MANAGEMENT > Performing advanced Compliance Operator tasks","5.6.6.3","Using raw tailored profiles","While the TailoredProfile CR enables the most common tailoring operations, the XCCDF standard allows even more flexibility in tailoring OpenSCAP profiles. In addition, if your organization has been using OpenScap previously, you may have an existing XCCDF tailoring file and can reuse it. ¶ The ComplianceSuite object contains an optional TailoringConfigMap attribute that you can point to a custom tailoring file. The value of the TailoringConfigMap attribute is a name of a config map which must contain a key called tailoring.xml and the value of this key is the tailoring contents. ¶ 1. Create the ConfigMap object from a file: ¶ create configmap nist-moderate-modified \ -from-file=tailoring.xml=/path/to/the/tailoringFile.xml ¶ 2. Reference the tailoring file in a scan that belongs to a suite: ¶ kind: ComplianceSuite ¶ name: workers-compliancesuite ¶ debug: true scans: ¶ name: workers-scan profile: xccdf_org.ssgproject.content_profile_moderate content: ssg-rhcos4-ds.xml ¶ contentImage: registry.redhat.io/compliance/openshift-compliance-content- rhel8@sha256:45dc... ¶ debug: true tailoringConfigMap: ¶ name: nist-moderate-modified ¶ node-role.kubernetes.io/worker: """"","",""
"COMPLIANCE OPERATOR > COMPLIANCE OPERATOR SCAN MANAGEMENT > Performing advanced Compliance Operator tasks","5.6.6.4","Performing a rescan","Typically you will want to re-run a scan on a defined schedule, like every Monday or daily. It can also be useful to re-run a scan once after fixing a problem on a node. To perform a single scan, annotate the scan with the compliance.openshift.io/rescan= option: ¶ annotate compliancescans/rhcos4-e8-worker compliance.openshift.io/rescan= ¶ A rescan generates four additional mc for rhcos-moderate profile: ¶ $ oc get mc ¶ 75-worker-scan-chronyd-or-ntpd-specify-remote-server 75-worker-scan-configure-usbguard-auditbackend 75-worker-scan-service-usbguard-enabled 75-worker-scan-usbguard-allow-hid-and-hub ¶ When the scan setting default-auto-apply label is applied, remediations are applied automatically and outdated remediations automatically update. If there are remediations that were not applied due to dependencies, or remediations that had been outdated, rescanning applies the remediations and might trigger a reboot. Only remediations that use MachineConfig objects trigger reboots. If there are no updates or dependencies to be applied, no reboot occurs.","",""
"COMPLIANCE OPERATOR > COMPLIANCE OPERATOR SCAN MANAGEMENT > Performing advanced Compliance Operator tasks > Setting custom storage size for results","5.6.6.5.1","Using custom result storage values","Because OpenShift Container Platform can be deployed in a variety of public clouds or bare metal, the Compliance Operator cannot determine available storage configurations. By default, the Compliance Operator will try to create the PV for storing results using the default storage class of the cluster, but a custom storage class can be configured using the rawResultStorage.StorageClassName attribute. ¶ If your cluster does not specify a default storage class, this attribute must be set. ¶ Configure the ScanSetting custom resource to use a standard storage class and create persistent volumes that are 10GB in size and keep the last 10 results: ¶ Example ScanSetting CR ¶ storageClassName: standard rotation: 10 size: 10Gi key: node-role.kubernetes.io/master schedule: '0 1 * * *'","",""
"COMPLIANCE OPERATOR > COMPLIANCE OPERATOR SCAN MANAGEMENT > Performing advanced Compliance Operator tasks","5.6.6.6","Applying remediations generated by suite scans","Although you can use the autoApplyRemediations boolean parameter in a ComplianceSuite object, you can alternatively annotate the object with compliance.openshift.io/apply-remediations. This allows the Operator to apply all of the created remediations. ¶ Apply the compliance.openshift.io/apply-remediations annotation by running: ¶ annotate compliancesuites/workers-compliancesuite compliance.openshift.io/apply-remediations=","",""
"COMPLIANCE OPERATOR > COMPLIANCE OPERATOR SCAN MANAGEMENT > Performing advanced Compliance Operator tasks","5.6.6.7","Automatically update remediations","In some cases, a scan with newer content might mark remediations as OUTDATED. As an administrator, you can apply the compliance.openshift.io/remove-outdated annotation to apply new remediations and remove the outdated ones. ¶ Apply the compliance.openshift.io/remove-outdated annotation: ¶ annotate compliancesuites/workers-compliancesuite compliance.openshift.io/remove-outdated= ¶ Alternatively, set the autoUpdateRemediations flag in a ScanSetting or ComplianceSuite object to update the remediations automatically.","",""
"COMPLIANCE OPERATOR > COMPLIANCE OPERATOR SCAN MANAGEMENT > Performing advanced Compliance Operator tasks","5.6.6.8","Creating a custom SCC for the Compliance Operator","In some environments, you must create a custom Security Context Constraints (SCC) file to ensure the correct permissions are available to the Compliance Operator api-resource-collector. ¶ You must have admin privileges. ¶ 1. Define the SCC in a YAML file named restricted-adjusted-compliance.yaml: ¶ SecurityContextConstraints object definition ¶ allowHostDirVolumePlugin: false allowHostIPC: false allowHostNetwork: false allowHostPID: false allowHostPorts: false allowPrivilegeEscalation: true allowPrivilegedContainer: false allowedCapabilities: null apiVersion: security.openshift.io/v1 defaultAddCapabilities: null fsGroup: ¶ type: MustRunAs kind: SecurityContextConstraints ¶ name: restricted-adjusted-compliance priority: 30 1 readOnlyRootFilesystem: false requiredDropCapabilities: KILL SETUID SETGID MKNOD runAsUser: ¶ type: MustRunAsRange seLinuxContext: ¶ type: MustRunAs supplementalGroups: ¶ type: RunAsAny users: ¶ system:serviceaccount:openshift-compliance:api-resource-collector 2 configMap downwardAPI emptyDir persistentVolumeClaim projected secret ¶ 1 The priority of this SCC must be higher than any other SCC that applies to the system:authenticated group. ¶ 2 Service Account used by Compliance Operator Scanner pod. ¶ 2. Create the SCC: ¶ $ oc create -n openshift-compliance -f restricted-adjusted-compliance.yaml ¶ securitycontextconstraints.security.openshift.io/restricted-adjusted-compliance created ¶ 1. Verify the SCC was created: $ oc get -n openshift-compliance scc restricted-adjusted-compliance ¶ NAME PRIV CAPS SELINUX RUNASUSER FSGROUP ¶ SUPGROUP PRIORITY READONLYROOTFS VOLUMES ¶ restricted-adjusted-compliance false <no value> MustRunAs MustRunAsRange ¶ MustRunAs RunAsAny 30 false ¶ [""configMap"",""downwardAPI"",""emptyDir"",""persistentVolumeClaim"",""projected"",""secret""] ¶ 5.6.6.9. Additional resources Managing security context constraints","",""
"COMPLIANCE OPERATOR > COMPLIANCE OPERATOR SCAN MANAGEMENT > Troubleshooting Compliance Operator scans","5.6.7.1.2","The ScanSetting and ScanSettingBinding objects lifecycle and debugging","With valid compliance content sources, the high-level ScanSetting and ScanSettingBinding objects can be used to generate ComplianceSuite and ComplianceScan objects: ¶ name: my-companys-constraints debug: true # For each role, a separate scan will be created pointing # to a node-role specified in roles ¶ kind: ScanSettingBinding ¶ name: my-companys-compliance-requirements profiles: ¶ # Node checks name: rhcos4-e8 ¶ # Cluster checks name: ocp4-e8 settingsRef: name: my-companys-constraints ¶ Both ScanSetting and ScanSettingBinding objects are handled by the same controller tagged with logger=scansettingbindingctrl. These objects have no status. Any issues are communicated in form of events: ¶ Events: ¶ Type Reason Age From Message ¶ --- ------ ---- ---- ------- ¶ Normal SuiteCreated 9m52s scansettingbindingctrl ComplianceSuite openshift-compliance/my- ¶ companys-compliance-requirements created ¶ Now a ComplianceSuite object is created. The flow continues to reconcile the newly created ComplianceSuite.","",""
"COMPLIANCE OPERATOR > COMPLIANCE OPERATOR SCAN MANAGEMENT > Troubleshooting Compliance Operator scans","5.6.7.1.3","ComplianceSuite custom resource lifecycle and debugging","The ComplianceSuite CR is a wrapper around ComplianceScan CRs. The ComplianceSuite CR is handled by controller tagged with logger=suitectrl. This controller handles creating scans from a suite, reconciling and aggregating individual Scan statuses into a single Suite status. If a suite is set to execute periodically, the suitectrl also handles creating a CronJob CR that re-runs the scans in the suite after the initial run is done: ¶ $ oc get cronjobs ¶ Example output SCHEDULE SUSPEND ACTIVE LAST SCHEDULE AGE ¶ NAME 0 1 * * * False 0 <none> 151m <cron_name> ¶ For the most important issues, events are emitted. View them with oc describe compliancesuites/<name>. The Suite objects also have a Status subresource that is updated when any of Scan objects that belong to this suite update their Status subresource. After all expected scans are created, control is passed to the scan controller.","",""
"COMPLIANCE OPERATOR > COMPLIANCE OPERATOR SCAN MANAGEMENT > Troubleshooting Compliance Operator scans > ComplianceScan custom resource lifecycle and debugging","5.6.7.1.4.1","Pending phase","The scan is validated for correctness in this phase. If some parameters like storage size are invalid, the scan transitions to DONE with ERROR result, otherwise proceeds to the Launching phase.","",""
"COMPLIANCE OPERATOR > COMPLIANCE OPERATOR SCAN MANAGEMENT > Troubleshooting Compliance Operator scans > ComplianceScan custom resource lifecycle and debugging","5.6.7.1.4.2","Launching phase","In this phase, several config maps that contain either environment for the scanner pods or directly the script that the scanner pods will be evaluating. List the config maps: ¶ $ oc -n openshift-compliance get cm \ l compliance.openshift.io/scan-name=rhcos4-e8-worker,complianceoperator.openshift.io/scan- script= ¶ These config maps will be used by the scanner pods. If you ever needed to modify the scanner behavior, change the scanner debug level or print the raw results, modifying the config maps is the way to go. Afterwards, a persistent volume claim is created per scan to store the raw ARF results: ¶ $ oc get pvc -n openshift-compliance -lcompliance.openshift.io/scan-name=rhcos4-e8-worker ¶ The PVCs are mounted by a per-scan ResultServer deployment. A ResultServer is a simple HTTP server where the individual scanner pods upload the full ARF results to. Each server can run on a different node. The full ARF results might be very large and you cannot presume that it would be possible to create a volume that could be mounted from multiple nodes at the same time. After the scan is finished, the ResultServer deployment is scaled down. The PVC with the raw results can be mounted from another custom pod and the results can be fetched or inspected. The traffic between the scanner pods and the ResultServer is protected by mutual TLS protocols. ¶ Finally, the scanner pods are launched in this phase; one scanner pod for a Platform scan instance and one scanner pod per matching node for a node scan instance. The per-node pods are labeled with the node name. Each pod is always labeled with the ComplianceScan name: ¶ $ oc get pods -lcompliance.openshift.io/scan-name=rhcos4-e8-worker,workload=scanner --show- labels ¶ NAME READY STATUS RESTARTS AGE LABELS ¶ rhcos4-e8-worker-ip-10-0-169-90.eu-north-1.compute.internal-pod 0/2 Completed 0 39m ¶ compliance.openshift.io/scan-name=rhcos4-e8-worker,targetNode=ip-10-0-169-90.eu-north- ¶ 1.compute.internal,workload=scanner ¶ + The scan then proceeds to the Running phase.","",""
"COMPLIANCE OPERATOR > COMPLIANCE OPERATOR SCAN MANAGEMENT > Troubleshooting Compliance Operator scans > ComplianceScan custom resource lifecycle and debugging","5.6.7.1.4.3","Running phase","The running phase waits until the scanner pods finish. The following terms and processes are in use in the running phase: ¶ init container: There is one init container called content-container. It runs the contentImage container and executes a single command that copies the contentFile to the /content directory shared with the other containers in this pod. ¶ scanner: This container runs the scan. For node scans, the container mounts the node filesystem as /host and mounts the content delivered by the init container. The container also mounts the entrypoint ConfigMap created in the Launching phase and executes it. The default script in the entrypoint ConfigMap executes OpenSCAP and stores the result files in the /results directory shared between the pod's containers. Logs from this pod can be viewed to determine what the OpenSCAP scanner checked. More verbose output can be viewed with the debug flag. ¶ logcollector: The logcollector container waits until the scanner container finishes. Then, it uploads the full ARF results to the ResultServer and separately uploads the XCCDF results along with scan result and OpenSCAP result code as a ConfigMap. These result config maps are labeled with the scan name (compliance.openshift.io/scan-name=rhcos4-e8-worker): ¶ $ oc describe cm/rhcos4-e8-worker-ip-10-0-169-90.eu-north-1.compute.internal-pod ¶ Name: rhcos4-e8-worker-ip-10-0-169-90.eu-north-1.compute.internal-pod Namespace: openshift-compliance Labels: compliance.openshift.io/scan-name-scan=rhcos4-e8-worker ¶ complianceoperator.openshift.io/scan-result= Annotations: compliance-remediations/processed: ¶ compliance.openshift.io/scan-error-msg: compliance.openshift.io/scan-result: NON-COMPLIANT OpenSCAP-scan-result/node: ip-10-0-169-90.eu-north-1.compute.internal ¶ Data encoding=""UTF-8""?> ==== exit-code: --- results: --- <?xml version=""1.0"" ¶ Scanner pods for Platform scans are similar, except: ¶ There is one extra init container called api-resource-collector that reads the OpenSCAP content provided by the content-container init, container, figures out which API resources the content needs to examine and stores those API resources to a shared directory where the scanner container would read them from. ¶ The scanner container does not need to mount the host file system. ¶ When the scanner pods are done, the scans move on to the Aggregating phase.","",""
"COMPLIANCE OPERATOR > COMPLIANCE OPERATOR SCAN MANAGEMENT > Troubleshooting Compliance Operator scans > ComplianceScan custom resource lifecycle and debugging","5.6.7.1.4.4","Aggregating phase","In the aggregating phase, the scan controller spawns yet another pod called the aggregator pod. Its purpose it to take the result ConfigMap objects, read the results and for each check result create the corresponding Kubernetes object. If the check failure can be automatically remediated, a ComplianceRemediation object is created. To provide human-readable metadata for the checks and remediations, the aggregator pod also mounts the OpenSCAP content using an init container. ¶ When a config map is processed by an aggregator pod, it is labeled the compliance- remediations/processed label. The result of this phase are ComplianceCheckResult objects: ¶ $ oc get compliancecheckresults -lcompliance.openshift.io/scan-name=rhcos4-e8-worker ¶ NAME STATUS SEVERITY ¶ rhcos4-e8-worker-accounts-no-uid-except-zero PASS high medium rhcos4-e8-worker-audit-rules-dac-modification-chmod FAIL ¶ and ComplianceRemediation objects: ¶ $ oc get complianceremediations -lcompliance.openshift.io/scan-name=rhcos4-e8-worker ¶ NAME STATE ¶ rhcos4-e8-worker-audit-rules-dac-modification-chmod NotApplied NotApplied rhcos4-e8-worker-audit-rules-dac-modification-chown NotApplied NotApplied rhcos4-e8-worker-audit-rules-execution-chcon NotApplied NotApplied rhcos4-e8-worker-audit-rules-execution-restorecon ¶ rhcos4-e8-worker-audit-rules-execution-semanage ¶ rhcos4-e8-worker-audit-rules-execution-setfiles ¶ After these CRs are created, the aggregator pod exits and the scan moves on to the Done phase.","",""
"COMPLIANCE OPERATOR > COMPLIANCE OPERATOR SCAN MANAGEMENT > Troubleshooting Compliance Operator scans > ComplianceScan custom resource lifecycle and debugging","5.6.7.1.4.5","Done phase","In the final scan phase, the scan resources are cleaned up if needed and the ResultServer deployment is either scaled down (if the scan was one-time) or deleted if the scan is continuous; the next scan instance would then recreate the deployment again. ¶ It is also possible to trigger a re-run of a scan in the Done phase by annotating it: ¶ annotate compliancescans/rhcos4-e8-worker compliance.openshift.io/rescan= ¶ After the scan reaches the Done phase, nothing else happens on its own unless the remediations are set to be applied automatically with autoApplyRemediations: true. The OpenShift Container Platform administrator would now review the remediations and apply them as needed. If the remediations are set to be applied automatically, the ComplianceSuite controller takes over in the Done phase, pauses the machine config pool to which the scan maps to and applies all the remediations in one go. If a remediation is applied, the ComplianceRemediation controller takes over. ¶ 5.6.7.1.5. ComplianceRemediation controller lifecycle and debugging The example scan has reported some findings. One of the remediations can be enabled by toggling its apply attribute to true: ¶ $ oc patch complianceremediations/rhcos4-e8-worker-audit-rules-dac-modification-chmod --patch '{""spec"":{""apply"":true}}' --type=merge ¶ The ComplianceRemediation controller (logger=remediationctrl) reconciles the modified object. The result of the reconciliation is change of status of the remediation object that is reconciled, but also a change of the rendered per-suite MachineConfig object that contains all the applied remediations. ¶ The MachineConfig object always begins with 75- and is named after the scan and the suite: ¶ $ oc get mc | grep 75- ¶ Example output 3.2.0 ¶ 75-rhcos4-e8-worker-my-companys-compliance-requirements 2m46s ¶ The remediations the mc currently consists of are listed in the machine config's annotations: $ oc describe mc/75-rhcos4-e8-worker-my-companys-compliance-requirements ¶ Name: 75-rhcos4-e8-worker-my-companys-compliance-requirements Labels: machineconfiguration.openshift.io/role=worker Annotations: remediation/rhcos4-e8-worker-audit-rules-dac-modification-chmod: ¶ The ComplianceRemediation controller's algorithm works like this: ¶ All currently applied remediations are read into an initial remediation set. ¶ If the reconciled remediation is supposed to be applied, it is added to the set. ¶ A MachineConfig object is rendered from the set and annotated with names of remediations in the set. If the set is empty (the last remediation was unapplied), the rendered MachineConfig object is removed. ¶ If and only if the rendered machine config is different from the one already applied in the ¶ If and only if the rendered machine config is different from the one already applied in the cluster, the applied MC is updated (or created, or deleted). ¶ Creating or modifying a MachineConfig object triggers a reboot of nodes that match the machineconfiguration.openshift.io/role label - see the Machine Config Operator documentation for more details. ¶ The remediation loop ends once the rendered machine config is updated, if needed, and the reconciled remediation object status is updated. In our case, applying the remediation would trigger a reboot. After the reboot, annotate the scan to re-run it: ¶ annotate compliancescans/rhcos4-e8-worker compliance.openshift.io/rescan= ¶ The scan will run and finish. Check for the remediation to pass: ¶ get compliancecheckresults/rhcos4-e8-worker-audit-rules-dac-modification-chmod ¶ NAME STATUS SEVERITY ¶ rhcos4-e8-worker-audit-rules-dac-modification-chmod PASS medium ¶ 5.6.7.1.6. Useful labels Each pod that is spawned by the Compliance Operator is labeled specifically with the scan it belongs to and the work it does. The scan identifier is labeled with the compliance.openshift.io/scan-name label. The workload identifier is labeled with the workload label. ¶ The Compliance Operator schedules the following workloads: scanner: Performs the compliance scan. resultserver: Stores the raw results for the compliance scan. aggregator: Aggregates the results, detects inconsistencies and outputs result objects (checkresults and remediations). suitererunner: Will tag a suite to be re-run (when a schedule is set). profileparser: Parses a datastream and creates the appropriate profiles, rules and variables. ¶ When debugging and logs are required for a certain workload, run: ¶ $ oc logs -l workload=<workload_name> -c <container_name>","",""
"COMPLIANCE OPERATOR > COMPLIANCE OPERATOR SCAN MANAGEMENT > Troubleshooting Compliance Operator scans","5.6.7.2","Increasing Compliance Operator resource limits","In some cases, the Compliance Operator might require more memory than the default limits allow. The best way to mitigate this issue is to set custom resource limits. ¶ To increase the default memory and CPU limits of scanner pods, see `ScanSetting` Custom resource . ¶ 1. To increase the Operator's memory limits to 500 Mi, create the following patch file named co- memlimit-patch.yaml: ¶ memory: 500Mi ¶ 2. Apply the patch file: ¶ $ oc patch sub compliance-operator -nopenshift-compliance --patch-file co-memlimit- patch.yaml --type=merge","",""
"COMPLIANCE OPERATOR > COMPLIANCE OPERATOR SCAN MANAGEMENT > Troubleshooting Compliance Operator scans","5.6.7.3","Configuring Operator resource constraints","The resources field defines Resource Constraints for all the containers in the Pod created by the Operator Lifecycle Manager (OLM). ¶ Resource Constraints applied in this process overwrites the existing resource constraints. ¶ Inject a request of 0.25 cpu and 64 Mi of memory, and a limit of 0.5 cpu and 128 Mi of memory in each container by editing the Subscription object: ¶ name: compliance-operator package: package-name channel: stable ¶ memory: ""64Mi"" cpu: ""250m"" memory: ""128Mi"" cpu: ""500m""","",""
"COMPLIANCE OPERATOR > COMPLIANCE OPERATOR SCAN MANAGEMENT > Troubleshooting Compliance Operator scans","5.6.7.4","Configuring ScanSetting resources","When using the Compliance Operator in a cluster that contains more than 500 MachineConfigs, the ocp4-pci-dss-api-checks-pod pod may pause in the init phase when performing a Platform scan. ¶ Resource constraints applied in this process overwrites the existing resource constraints. ¶ 1. Confirm the ocp4-pci-dss-api-checks-pod pod is stuck in the Init:OOMKilled status: $ oc get pod ocp4-pci-dss-api-checks-pod -w ¶ ocp4-pci-dss-api-checks-pod 0/2 Init:1/2 8 (5m56s ago) 25m ¶ ocp4-pci-dss-api-checks-pod 0/2 Init:OOMKilled 8 (6m19s ago) 26m ¶ 2. Edit the scanLimits attribute in the ScanSetting CR to increase the available memory for the ocp4-pci-dss-api-checks-pod pod: ¶ timeout: 30m strictNodeScan: true ¶ showNotApplicable: false ¶ node-role.kubernetes.io/master: '' pvAccessModes: ¶ ReadWriteOnce rotation: 3 size: 1Gi ¶ key: node-role.kubernetes.io/master ¶ effect: NoExecute key: node.kubernetes.io/not-ready tolerationSeconds: 300 ¶ effect: NoExecute key: node.kubernetes.io/unreachable tolerationSeconds: 300 ¶ key: node.kubernetes.io/memory-pressure ¶ schedule: 0 1 * * * ¶ maxRetryOnTimeout: 3 ¶ operator: Exists scanLimits: ¶ memory: 1024Mi 1 ¶ 1 The default setting is 500Mi. ¶ 3. Apply the ScanSetting CR to your cluster: ¶ $ oc apply -f scansetting.yaml","",""
"COMPLIANCE OPERATOR > COMPLIANCE OPERATOR SCAN MANAGEMENT > Troubleshooting Compliance Operator scans","5.6.7.5","Configuring ScanSetting timeout","The ScanSetting object has a timeout option that can be specified in the ComplianceScanSetting object as a duration string, such as 1h30m. If the scan does not finish within the specified timeout, the scan reattempts until the maxRetryOnTimeout limit is reached. ¶ To set a timeout and maxRetryOnTimeout in ScanSetting, modify an existing ScanSetting object: ¶ rotation: 3 size: 1Gi key: node-role.kubernetes.io/master schedule: '0 1 * * *' timeout: '10m0s' 1 maxRetryOnTimeout: 3 2 ¶ 1 The timeout variable is defined as a duration string, such as 1h30m. The default value is 30m. To disable the timeout, set the value to 0s. ¶ 2 The maxRetryOnTimeout variable defines how many times a retry is attempted. The default value is 3.","",""
"COMPLIANCE OPERATOR > COMPLIANCE OPERATOR SCAN MANAGEMENT > Troubleshooting Compliance Operator scans","5.6.7.6","Getting support","If you experience difficulty with a procedure described in this documentation, or with OpenShift Container Platform in general, visit the Red Hat Customer Portal . ¶ From the Customer Portal, you can: ¶ Search or browse through the Red Hat Knowledgebase of articles and solutions relating to Red Hat products. Submit a support case to Red Hat Support. Access other product documentation. To identify issues with your cluster, you can use Insights in OpenShift Cluster Manager. Insights provides details about issues and, if available, information on how to solve a problem. If you have a suggestion for improving this documentation or have found an error, submit a Jira issue for the most relevant documentation component. Please provide specific details, such as the section name and OpenShift Container Platform version.","",""
"COMPLIANCE OPERATOR > COMPLIANCE OPERATOR SCAN MANAGEMENT > Using the oc-compliance plugin","5.6.8.1","Installing the oc-compliance plugin","1. Extract the oc-compliance image to get the oc-compliance binary: ¶ $ podman run --rm -v ~/.local/bin:/mnt/out:Z registry.redhat.io/compliance/oc-compliance- rhel8:stable /bin/cp /usr/bin/oc-compliance /mnt/out/ ¶ W0611 20:35:46.486903 11354 manifest.go:440] Chose linux/amd64 manifest from the manifest list. ¶ You can now run oc-compliance. ¶ 5.6.8.2. Fetching raw results When a compliance scan finishes, the results of the individual checks are listed in the resulting ComplianceCheckResult custom resource (CR). However, an administrator or auditor might require the complete details of the scan. The OpenSCAP tool creates an Advanced Recording Format (ARF) formatted file with the detailed results. This ARF file is too large to store in a config map or other standard Kubernetes resource, so a persistent volume (PV) is created to contain it. ¶ Fetching the results from the PV with the Compliance Operator is a four-step process. However, with the oc-compliance plugin, you can use a single command: ¶ $ oc compliance fetch-raw <object-type> <object-name> -o <output-path> ¶ <object-type> can be either scansettingbinding, compliancescan or compliancesuite, depending on which of these objects the scans were launched with. ¶ <object-name> is the name of the binding, suite, or scan object to gather the ARF file for, and <output-path> is the local directory to place the results. For example: ¶ $ oc compliance fetch-raw scansettingbindings my-binding -o /tmp/ ¶ Fetching results for my-binding scans: ocp4-cis, ocp4-cis-node-worker, ocp4-cis-node-master Fetching raw compliance results for scan 'ocp4-cis'....... The raw compliance results are available in the following directory: /tmp/ocp4-cis Fetching raw compliance results for scan 'ocp4-cis-node-worker'........... The raw compliance results are available in the following directory: /tmp/ocp4-cis-node- worker Fetching raw compliance results for scan 'ocp4-cis-node-master'...... The raw compliance results are available in the following directory: /tmp/ocp4-cis-node- master ¶ View the list of files in the directory: ¶ $ ls /tmp/ocp4-cis-node-master/ ¶ ocp4-cis-node-master-ip-10-0-128-89.ec2.internal-pod.xml.bzip2 ocp4-cis-node-master-ip-10-0-150- 5.ec2.internal-pod.xml.bzip2 ocp4-cis-node-master-ip-10-0-163-32.ec2.internal-pod.xml.bzip2 ¶ Extract the results: ¶ $ bunzip2 -c resultsdir/worker-scan/worker-scan-stage-459-tqkg7-compute-0-pod.xml.bzip2 > resultsdir/worker-scan/worker-scan-ip-10-0-170-231.us-east-2.compute.internal-pod.xml ¶ View the results: ¶ $ ls resultsdir/worker-scan/ ¶ worker-scan-ip-10-0-170-231.us-east-2.compute.internal-pod.xml worker-scan-stage-459-tqkg7-compute-0-pod.xml.bzip2 worker-scan-stage-459-tqkg7-compute-1-pod.xml.bzip2 ¶ 5.6.8.3. Re-running scans Although it is possible to run scans as scheduled jobs, you must often re-run a scan on demand, particularly after remediations are applied or when other changes to the cluster are made. ¶ Rerunning a scan with the Compliance Operator requires use of an annotation on the scan object. However, with the oc-compliance plugin you can rerun a scan with a single command. ¶ Enter the following command to rerun the scans for the ScanSettingBinding object named my-binding: ¶ $ oc compliance rerun-now scansettingbindings my-binding ¶ Rerunning scans from 'my-binding': ocp4-cis Re-running scan 'openshift-compliance/ocp4-cis'","",""
"COMPLIANCE OPERATOR > COMPLIANCE OPERATOR SCAN MANAGEMENT > Using the oc-compliance plugin","5.6.8.4","Using ScanSettingBinding custom resources","When using the ScanSetting and ScanSettingBinding custom resources (CRs) that the Compliance Operator provides, it is possible to run scans for multiple profiles while using a common set of scan options, such as schedule, machine roles, tolerations, and so on. While that is easier than working with multiple ComplianceSuite or ComplianceScan objects, it can confuse new users. ¶ The oc compliance bind subcommand helps you create a ScanSettingBinding CR. ¶ 1. Run: ¶ $ oc compliance bind [--dry-run] -N <binding name> [-S <scansetting name>] <objtype/objname> [..<objtype/objname>] ¶ If you omit the -S flag, the default scan setting provided by the Compliance Operator is used. ¶ The object type is the Kubernetes object type, which can be profile or tailoredprofile. More than one object can be provided. ¶ The object name is the name of the Kubernetes resource, such as .metadata.name. ¶ Add the --dry-run option to display the YAML file of the objects that are created. For example, given the following profiles and scan settings: ¶ $ oc get profile.compliance -n openshift-compliance ¶ NAME AGE VERSION ¶ ocp4-cis 3h49m 1.5.0 ¶ ocp4-cis-1-4 3h49m 1.4.0 ¶ ocp4-cis-1-5 3h49m 1.5.0 ¶ ocp4-cis-node 3h49m 1.5.0 ¶ ocp4-cis-node-1-4 3h49m 1.4.0 ¶ ocp4-cis-node-1-5 3h49m 1.5.0 ¶ ocp4-e8 3h49m ¶ ocp4-high 3h49m Revision 4 ¶ ocp4-high-node 3h49m Revision 4 ¶ ocp4-high-node-rev-4 3h49m Revision 4 ¶ ocp4-high-rev-4 3h49m Revision 4 ¶ ocp4-moderate 3h49m Revision 4 ¶ ocp4-moderate-node 3h49m Revision 4 ¶ ocp4-moderate-node-rev-4 3h49m Revision 4 ¶ ocp4-moderate-rev-4 3h49m Revision 4 ¶ ocp4-nerc-cip 3h49m ¶ ocp4-nerc-cip-node 3h49m ¶ ocp4-pci-dss 3h49m 3.2.1 ¶ ocp4-pci-dss-3-2 3h49m 3.2.1 ¶ ocp4-pci-dss-4-0 3h49m 4.0.0 ¶ ocp4-pci-dss-node 3h49m 3.2.1 ¶ ocp4-pci-dss-node-3-2 3h49m 3.2.1 ¶ ocp4-pci-dss-node-4-0 3h49m 4.0.0 ¶ ocp4-stig 3h49m V2R1 ¶ ocp4-stig-node 3h49m V2R1 ¶ ocp4-stig-node-v1r1 3h49m V1R1 ¶ ocp4-stig-node-v2r1 3h49m V2R1 ¶ ocp4-stig-v1r1 3h49m V1R1 ¶ ocp4-stig-v2r1 3h49m V2R1 ¶ rhcos4-e8 3h49m ¶ rhcos4-high 3h49m Revision 4 ¶ rhcos4-high-rev-4 3h49m Revision 4 ¶ rhcos4-moderate 3h49m Revision 4 ¶ rhcos4-moderate-rev-4 3h49m Revision 4 ¶ rhcos4-nerc-cip 3h49m ¶ rhcos4-stig 3h49m V2R1 ¶ rhcos4-stig-v1r1 3h49m V1R1 ¶ rhcos4-stig-v2r1 3h49m V2R1 ¶ $ oc get scansettings -n openshift-compliance ¶ NAME AGE ¶ default 10m ¶ default-auto-apply 10m ¶ 2. To apply the default settings to the ocp4-cis and ocp4-cis-node profiles, run: $ oc compliance bind -N my-binding profile/ocp4-cis profile/ocp4-cis-node ¶ Creating ScanSettingBinding my-binding ¶ After the ScanSettingBinding CR is created, the bound profile begins scanning for both profiles with the related settings. Overall, this is the fastest way to begin scanning with the Compliance Operator. ¶ 5.6.8.5. Printing controls Compliance standards are generally organized into a hierarchy as follows: ¶ A benchmark is the top-level definition of a set of controls for a particular standard. For ¶ A benchmark is the top-level definition of a set of controls for a particular standard. For example, FedRAMP Moderate or Center for Internet Security (CIS) v.1.6.0. ¶ A control describes a family of requirements that must be met in order to be in compliance with the benchmark. For example, FedRAMP AC-01 (access control policy and procedures). ¶ A rule is a single check that is specific for the system being brought into compliance, and one or more of these rules map to a control. ¶ The Compliance Operator handles the grouping of rules into a profile for a single benchmark. It can be difficult to determine which controls that the set of rules in a profile satisfy. ¶ The oc compliance controls subcommand provides a report of the standards and controls that a given profile satisfies: ¶ $ oc compliance controls profile ocp4-cis-node ¶ +-----------+----------+ ¶ | FRAMEWORK | CONTROLS | ¶ +-----------+----------+ ¶ | CIS-OCP | 1.1.1 | ¶ + +----------+ ¶ | | 1.1.10 | ¶ + +----------+ ¶ | | 1.1.11 | ¶ + +----------+","",""
"COMPLIANCE OPERATOR > COMPLIANCE OPERATOR SCAN MANAGEMENT > Using the oc-compliance plugin","5.6.8.6","Fetching compliance remediation details","The Compliance Operator provides remediation objects that are used to automate the changes required to make the cluster compliant. The fetch-fixes subcommand can help you understand exactly which configuration remediations are used. Use the fetch-fixes subcommand to extract the remediation objects from a profile, rule, or ComplianceRemediation object into a directory to inspect. ¶ 1. View the remediations for a profile: ¶ $ oc compliance fetch-fixes profile ocp4-cis -o /tmp ¶ No fixes to persist for rule 'ocp4-api-server-api-priority-flowschema-catch-all' 1 No fixes to persist for rule 'ocp4-api-server-api-priority-gate-enabled' No fixes to persist for rule 'ocp4-api-server-audit-log-maxbackup' Persisted rule fix to /tmp/ocp4-api-server-audit-log-maxsize.yaml No fixes to persist for rule 'ocp4-api-server-audit-log-path' No fixes to persist for rule 'ocp4-api-server-auth-mode-no-aa' No fixes to persist for rule 'ocp4-api-server-auth-mode-node' ¶ No fixes to persist for rule 'ocp4-api-server-auth-mode-rbac' No fixes to persist for rule 'ocp4-api-server-basic-auth' No fixes to persist for rule 'ocp4-api-server-bind-address' No fixes to persist for rule 'ocp4-api-server-client-ca' Persisted rule fix to /tmp/ocp4-api-server-encryption-provider-cipher.yaml Persisted rule fix to /tmp/ocp4-api-server-encryption-provider-config.yaml ¶ 1 The No fixes to persist warning is expected whenever there are rules in a profile that do not have a corresponding remediation, because either the rule cannot be remediated automatically or a remediation was not provided. ¶ 2. You can view a sample of the YAML file. The head command will show you the first 10 lines: $ head /tmp/ocp4-api-server-audit-log-maxsize.yaml ¶ maximumFileSizeMegabytes: 100 ¶ 3. View the remediation from a ComplianceRemediation object created after a scan: $ oc get complianceremediations -n openshift-compliance ¶ NAME STATE ¶ ocp4-cis-api-server-encryption-provider-cipher NotApplied ¶ ocp4-cis-api-server-encryption-provider-config NotApplied ¶ $ oc compliance fetch-fixes complianceremediations ocp4-cis-api-server-encryption-provider- cipher -o /tmp ¶ Persisted compliance remediation fix to /tmp/ocp4-cis-api-server-encryption-provider- cipher.yaml ¶ 4. You can view a sample of the YAML file. The head command will show you the first 10 lines: ¶ $ head /tmp/ocp4-cis-api-server-encryption-provider-cipher.yaml ¶ encryption: type: aescbc ¶ Use caution before applying remediations directly. Some remediations might not be applicable in bulk, such as the usbguard rules in the moderate profile. In these cases, allow the Compliance Operator to apply the rules because it addresses the dependencies and ensures that the cluster remains in a good state. ¶ 5.6.8.7. Viewing ComplianceCheckResult object details When scans are finished running, ComplianceCheckResult objects are created for the individual scan rules. The view-result subcommand provides a human-readable output of the ComplianceCheckResult object details. ¶ Run: ¶ $ oc compliance view-result ocp4-cis-scheduler-no-bind-address","",""
"FILE INTEGRITY OPERATOR","6.1","FILE INTEGRITY OPERATOR OVERVIEW","The File Integrity Operator continually runs file integrity checks on the cluster nodes. It deploys a DaemonSet that initializes and runs privileged Advanced Intrusion Detection Environment (AIDE) containers on each node, providing a log of files that have been modified since the initial run of the DaemonSet pods. ¶ File Integrity Operator is not supported on HCP clusters. ¶ For the latest updates, see the File Integrity Operator release notes. Installing the File Integrity Operator Updating the File Integrity Operator Understanding the File Integrity Operator Configuring the Custom File Integrity Operator Performing advanced Custom File Integrity Operator tasks Troubleshooting the File Integrity Operator Uninstalling the File Integrity Operator","",""
"FILE INTEGRITY OPERATOR > FILE INTEGRITY OPERATOR RELEASE NOTES","6.2.1","OpenShift File Integrity Operator 1.3.8","The following advisory is available for the OpenShift File Integrity Operator 1.3.8: RHSA-2025:23542 OpenShift File Integrity Operator Update ¶ 6.2.1.1. Bug fixes Previously, the file-integrity-operator pods and the aide pods running the database used by recently installed FIO would go into a terminating state, adding error log entries that were not useful. With this release, the pods needed by FIO do not go into terminating state unless a relevant error occurred or they completed their work. (CMP-3757) ¶ This update includes upgraded dependencies in the underlying base images.","",""
"FILE INTEGRITY OPERATOR > FILE INTEGRITY OPERATOR RELEASE NOTES","6.2.2","OpenShift File Integrity Operator 1.3.7","The following advisory is available for the OpenShift File Integrity Operator 1.3.7: RHSA-2025:21913 OpenShift File Integrity Operator Update ¶ This update includes upgraded dependencies in underlying base images.","",""
"FILE INTEGRITY OPERATOR > FILE INTEGRITY OPERATOR RELEASE NOTES","6.2.3","OpenShift File Integrity Operator 1.3.6","The following advisory is available for the OpenShift File Integrity Operator 1.3.6: RHBA-2025:11535 OpenShift File Integrity Operator Bug Fix Update ¶ 6.2.3.1. Bug fixes Previously, running the oc annotate fileintegrities/<fileintegrity-name> file- integrity.openshift.io/re-init-on-failed= command would trigger a reinitialization on all nodes. Now, it only reinitializes the nodes where failures occurred. (OCPBUGS-18933) Previously, resetting FIO cleared the NodeHasIntegrityFailure alert. This occurred because the metric file_integrity_operator_node_failed setting was also reset. With this release, restarting FIO does not affect the NodeHasIntegrityFailure alert. (OCPBUGS-42807) ¶ Previously, when a new node was added to a cluster by scaling up the machineset object, FIO marked the new node as Failed before the node was ready. With this release FIO waits until the new node is ready. (OCPBUGS-36483) Previously, the Advanced Intrusion Detection Environment (AIDE) daemonset pods would constantly force-initialize the AIDE database. With this release, FIO initializes the AIDE database only once. (OCPBUGS-37300) Previously, some link paths in the Machine Config Operator (MCO) configuration, such as /hostroot/etc/ipsec.d/openshift.conf and hostroot/etc/mco/internal-registry-pull- secret.json, were modified during an MCO update. This led to failed file integrity checks on nodes after the update, which disrupted user experience. With this update, the modified file link paths in the MCO configuration have been updated. File integrity checks now pass after an update, helping to ensure a stable cluster. (OCPBUGS-41628)","",""
"FILE INTEGRITY OPERATOR > FILE INTEGRITY OPERATOR RELEASE NOTES","6.2.4","OpenShift File Integrity Operator 1.3.5","The following advisory is available for the OpenShift File Integrity Operator 1.3.5: RHBA-2024:10366 OpenShift File Integrity Operator Update ¶ This update includes upgraded dependencies in underlying base images.","",""
"FILE INTEGRITY OPERATOR > FILE INTEGRITY OPERATOR RELEASE NOTES","6.2.5","OpenShift File Integrity Operator 1.3.4","The following advisory is available for the OpenShift File Integrity Operator 1.3.4: RHBA-2024:2946 OpenShift File Integrity Operator Bug Fix and Enhancement Update ¶ 6.2.5.1. Bug fixes Previously, File Integrity Operator would issue a NodeHasIntegrityFailure alert due to multus certificate rotation. With this release, the alert and failing status are now correctly triggered. (OCPBUGS-31257)","",""
"FILE INTEGRITY OPERATOR > FILE INTEGRITY OPERATOR RELEASE NOTES","6.2.6","OpenShift File Integrity Operator 1.3.3","The following advisory is available for the OpenShift File Integrity Operator 1.3.3: RHBA-2023:5652 OpenShift File Integrity Operator Bug Fix and Enhancement Update ¶ This update addresses a CVE in an underlying dependency. ¶ 6.2.6.1. New features and enhancements You can install and use the File Integrity Operator in an OpenShift Container Platform cluster running in FIPS mode. ¶ To enable FIPS mode for your cluster, you must run the installation program from a Red Hat Enterprise Linux (RHEL) computer configured to operate in FIPS mode. For more information about configuring FIPS mode on RHEL, see Switching RHEL to FIPS mode . When running Red Hat Enterprise Linux (RHEL) or Red Hat Enterprise Linux CoreOS (RHCOS) booted in FIPS mode, OpenShift Container Platform core components use the RHEL cryptographic libraries that have been submitted to NIST for FIPS 140-2/140-3 Validation on only the x86_64, ppc64le, and s390x architectures. ¶ 6.2.6.2. Bug fixes Previously, some FIO pods with private default mount propagation in combination with hostPath: path: / volume mounts would break the CSI driver relying on multipath. This problem has been fixed and the CSI driver works correctly. (Some OpenShift Operator pods blocking unmounting of CSI volumes when multipath is in use) This update resolves CVE-2023-39325. (CVE-2023-39325)","",""
"FILE INTEGRITY OPERATOR > FILE INTEGRITY OPERATOR RELEASE NOTES","6.2.7","OpenShift File Integrity Operator 1.3.2","The following advisory is available for the OpenShift File Integrity Operator 1.3.2: RHBA-2023:5107 OpenShift File Integrity Operator Bug Fix Update ¶ This update addresses a CVE in an underlying dependency.","",""
"FILE INTEGRITY OPERATOR > FILE INTEGRITY OPERATOR RELEASE NOTES","6.2.8","OpenShift File Integrity Operator 1.3.1","The following advisory is available for the OpenShift File Integrity Operator 1.3.1: RHBA-2023:3600 OpenShift File Integrity Operator Bug Fix Update ¶ 6.2.8.1. New features and enhancements FIO now includes kubelet certificates as default files, excluding them from issuing warnings when they're managed by OpenShift Container Platform. (OCPBUGS-14348) ¶ FIO now correctly directs email to the address for Red Hat Technical Support. (OCPBUGS- 5023) ¶ 6.2.8.2. Bug fixes Previously, FIO would not clean up FileIntegrityNodeStatus CRDs when nodes are removed from the cluster. FIO has been updated to correctly clean up node status CRDs on node removal. (OCPBUGS-4321) ¶ Previously, FIO would also erroneously indicate that new nodes failed integrity checks. FIO has been updated to correctly show node status CRDs when adding new nodes to the cluster. This provides correct node status notifications. (OCPBUGS-8502) ¶ Previously, when FIO was reconciling FileIntegrity CRDs, it would pause scanning until the reconciliation was done. This caused an overly aggressive re-initiatization process on nodes not impacted by the reconciliation. This problem also resulted in unnecessary daemonsets for machine config pools which are unrelated to the FileIntegrity being changed. FIO correctly handles these cases and only pauses AIDE scanning for nodes that are affected by file integrity changes. (CMP-1097) ¶ 6.2.8.3. Known Issues In FIO 1.3.1, increasing nodes in IBM Z® clusters might result in Failed File Integrity node status. For more information, see Adding nodes in IBM Power® clusters can result in failed File Integrity node status .","",""
"FILE INTEGRITY OPERATOR > FILE INTEGRITY OPERATOR RELEASE NOTES","6.2.9","OpenShift File Integrity Operator 1.2.1","The following advisory is available for the OpenShift File Integrity Operator 1.2.1: ¶ RHBA-2023:1684 OpenShift File Integrity Operator Bug Fix Update ¶ This release includes updated container dependencies.","",""
"FILE INTEGRITY OPERATOR > FILE INTEGRITY OPERATOR RELEASE NOTES","6.2.10","OpenShift File Integrity Operator 1.2.0","The following advisory is available for the OpenShift File Integrity Operator 1.2.0: ¶ RHBA-2023:1273 OpenShift File Integrity Operator Enhancement Update ¶ 6.2.10.1. New features and enhancements The File Integrity Operator Custom Resource (CR) now contains an initialDelay feature that specifies the number of seconds to wait before starting the first AIDE integrity check. For more information, see Creating the FileIntegrity custom resource. ¶ The File Integrity Operator is now stable and the release channel is upgraded to stable. Future releases will follow Semantic Versioning. To access the latest release, see Updating the File Integrity Operator.","",""
"FILE INTEGRITY OPERATOR > FILE INTEGRITY OPERATOR RELEASE NOTES","6.2.11","OpenShift File Integrity Operator 1.0.0","The following advisory is available for the OpenShift File Integrity Operator 1.0.0: RHBA-2023:0037 OpenShift File Integrity Operator Bug Fix Update","",""
"FILE INTEGRITY OPERATOR > FILE INTEGRITY OPERATOR RELEASE NOTES","6.2.12","OpenShift File Integrity Operator 0.1.32","The following advisory is available for the OpenShift File Integrity Operator 0.1.32: RHBA-2022:7095 OpenShift File Integrity Operator Bug Fix Update ¶ 6.2.12.1. Bug fixes Previously, alerts issued by the File Integrity Operator did not set a namespace, making it difficult to understand from which namespace the alert originated. Now, the Operator sets the appropriate namespace, providing more information about the alert. (BZ#2112394) Previously, The File Integrity Operator did not update the metrics service on Operator startup, causing the metrics targets to be unreachable. With this release, the File Integrity Operator now ensures the metrics service is updated on Operator startup. (BZ#2115821)","",""
"FILE INTEGRITY OPERATOR > FILE INTEGRITY OPERATOR RELEASE NOTES","6.2.13","OpenShift File Integrity Operator 0.1.30","The following advisory is available for the OpenShift File Integrity Operator 0.1.30: RHBA-2022:5538 OpenShift File Integrity Operator Bug Fix and Enhancement Update ¶ 6.2.13.1. New features and enhancements The File Integrity Operator is now supported on the following architectures: IBM Power® IBM Z® and IBM® LinuxONE ¶ 6.2.13.2. Bug fixes Previously, alerts issued by the File Integrity Operator did not set a namespace, making it difficult to understand where the alert originated. Now, the Operator sets the appropriate namespace, increasing understanding of the alert. (BZ#2101393)","",""
"FILE INTEGRITY OPERATOR > FILE INTEGRITY OPERATOR RELEASE NOTES","6.2.14","OpenShift File Integrity Operator 0.1.24","The following advisory is available for the OpenShift File Integrity Operator 0.1.24: RHBA-2022:1331 OpenShift File Integrity Operator Bug Fix ¶ 6.2.14.1. New features and enhancements You can now configure the maximum number of backups stored in the FileIntegrity Custom Resource (CR) with the config.maxBackups attribute. This attribute specifies the number of AIDE database and log backups left over from the re-init process to keep on the node. Older ¶ backups beyond the configured number are automatically pruned. The default is set to five backups. ¶ 6.2.14.2. Bug fixes Previously, upgrading the Operator from versions older than 0.1.21 to 0.1.22 could cause the re- init feature to fail. This was a result of the Operator failing to update configMap resource labels. Now, upgrading to the latest version fixes the resource labels. (BZ#2049206) ¶ Previously, when enforcing the default configMap script contents, the wrong data keys were compared. This resulted in the aide-reinit script not being updated properly after an Operator upgrade, and caused the re-init process to fail. Now, daemonSets run to completion and the AIDE database re-init process executes successfully. ( BZ#2072058)","",""
"FILE INTEGRITY OPERATOR > FILE INTEGRITY OPERATOR RELEASE NOTES","6.2.15","OpenShift File Integrity Operator 0.1.22","The following advisory is available for the OpenShift File Integrity Operator 0.1.22: ¶ RHBA-2022:0142 OpenShift File Integrity Operator Bug Fix ¶ 6.2.15.1. Bug fixes Previously, a system with a File Integrity Operator installed might interrupt the OpenShift Container Platform update, due to the /etc/kubernetes/aide.reinit file. This occurred if the /etc/kubernetes/aide.reinit file was present, but later removed prior to the ostree validation. With this update, /etc/kubernetes/aide.reinit is moved to the /run directory so that it does not conflict with the OpenShift Container Platform update. (BZ#2033311)","",""
"FILE INTEGRITY OPERATOR > FILE INTEGRITY OPERATOR RELEASE NOTES","6.2.16","OpenShift File Integrity Operator 0.1.21","The following advisory is available for the OpenShift File Integrity Operator 0.1.21: ¶ RHBA-2021:4631 OpenShift File Integrity Operator Bug Fix and Enhancement Update ¶ 6.2.16.1. New features and enhancements The metrics related to FileIntegrity scan results and processing metrics are displayed on the monitoring dashboard on the web console. The results are labeled with the prefix of file_integrity_operator_. ¶ If a node has an integrity failure for more than 1 second, the default PrometheusRule provided in the operator namespace alerts with a warning. ¶ The following dynamic Machine Config Operator and Cluster Version Operator related filepaths are excluded from the default AIDE policy to help prevent false positives during node updates: ¶ /etc/machine-config-daemon/currentconfig ¶ /etc/pki/ca-trust/extracted/java/cacerts ¶ /etc/cvo/updatepayloads ¶ /root/.kube ¶ The AIDE daemon process has stability improvements over v0.1.16, and is more resilient to errors ¶ The AIDE daemon process has stability improvements over v0.1.16, and is more resilient to errors that might occur when the AIDE database is initialized. ¶ 6.2.16.2. Bug fixes Previously, when the Operator automatically upgraded, outdated daemon sets were not removed. With this release, outdated daemon sets are removed during the automatic upgrade.","",""
"FILE INTEGRITY OPERATOR > FILE INTEGRITY OPERATOR RELEASE NOTES","6.2.17","Additional resources","Understanding the File Integrity Operator","",""
"FILE INTEGRITY OPERATOR > FILE INTEGRITY OPERATOR SUPPORT","6.3.1","File Integrity Operator lifecycle","The File Integrity Operator is a ""Rolling Stream"" Operator, meaning updates are available asynchronously of OpenShift Container Platform releases. For more information, see OpenShift Operator Life Cycles on the Red Hat Customer Portal.","",""
"FILE INTEGRITY OPERATOR > FILE INTEGRITY OPERATOR SUPPORT","6.3.2","Getting support","If you experience difficulty with a procedure described in this documentation, or with OpenShift Container Platform in general, visit the Red Hat Customer Portal . From the Customer Portal, you can: ¶ Search or browse through the Red Hat Knowledgebase of articles and solutions relating to Red Hat products. Submit a support case to Red Hat Support. Access other product documentation. To identify issues with your cluster, you can use Insights in OpenShift Cluster Manager. Insights provides details about issues and, if available, information on how to solve a problem. If you have a suggestion for improving this documentation or have found an error, submit a Jira issue for the most relevant documentation component. Please provide specific details, such as the section name and OpenShift Container Platform version.","",""
"FILE INTEGRITY OPERATOR > INSTALLING THE FILE INTEGRITY OPERATOR","6.4.1","Installing the File Integrity Operator using the web console","You must have admin privileges. ¶ 1. In the OpenShift Container Platform web console, navigate to Operators OperatorHub. ¶ 2. Search for the File Integrity Operator, then click Install. ¶ 3. Keep the default selection of Installation mode and namespace to ensure that the Operator will be installed to the openshift-file-integrity namespace. ¶ 4. Click Install. To confirm that the installation is successful: ¶ 1. Navigate to the Operators Installed Operators page. ¶ 2. Check that the Operator is installed in the openshift-file-integrity namespace and its status is ¶ Succeeded. ¶ If the Operator is not installed successfully: ¶ 1. Navigate to the Operators Installed Operators page and inspect the Status column for any errors or failures. ¶ 2. Navigate to the Workloads Pods page and check the logs in any pods in the openshift-file- integrity project that are reporting issues.","",""
"FILE INTEGRITY OPERATOR > INSTALLING THE FILE INTEGRITY OPERATOR","6.4.2","Installing the File Integrity Operator using the CLI","You must have admin privileges. ¶ 1. Create a Namespace object YAML file by running: ¶ $ oc create -f <file-name>.yaml ¶ kind: Namespace ¶ openshift.io/cluster-monitoring: ""true"" pod-security.kubernetes.io/enforce: privileged 1 ¶ name: openshift-file-integrity ¶ 1 In OpenShift Container Platform 4.19, the pod security label must be set to privileged at the namespace level. ¶ 2. Create the OperatorGroup object YAML file: ¶ $ oc create -f <file-name>.yaml ¶ name: file-integrity-operator namespace: openshift-file-integrity targetNamespaces: openshift-file-integrity ¶ 3. Create the Subscription object YAML file: ¶ $ oc create -f <file-name>.yaml ¶ name: file-integrity-operator namespace: openshift-file-integrity channel: ""stable"" name: file-integrity-operator ¶ 1. Verify the installation succeeded by inspecting the CSV file: ¶ $ oc get csv -n openshift-file-integrity ¶ 2. Verify that the File Integrity Operator is up and running: ¶ $ oc get deploy -n openshift-file-integrity","",""
"FILE INTEGRITY OPERATOR > INSTALLING THE FILE INTEGRITY OPERATOR","6.4.3","Additional resources","Using Operator Lifecycle Manager in disconnected environments","",""
"FILE INTEGRITY OPERATOR > UPDATING THE FILE INTEGRITY OPERATOR","6.5.1","Preparing for an Operator update","The subscription of an installed Operator specifies an update channel that tracks and receives updates for the Operator. You can change the update channel to start tracking and receiving updates from a newer channel. ¶ The names of update channels in a subscription can differ between Operators, but the naming scheme typically follows a common convention within a given Operator. For example, channel names might follow a minor release update stream for the application provided by the Operator (1.2, 1.3) or a release frequency (stable, fast). ¶ You cannot change installed Operators to a channel that is older than the current channel. ¶ Red Hat Customer Portal Labs include the following application that helps administrators prepare to update their Operators: ¶ Red Hat OpenShift Container Platform Operator Update Information Checker ¶ You can use the application to search for Operator Lifecycle Manager-based Operators and verify the available Operator version per update channel across different versions of OpenShift Container Platform. Cluster Version Operator-based Operators are not included.","",""
"FILE INTEGRITY OPERATOR > UPDATING THE FILE INTEGRITY OPERATOR","6.5.2","Changing the update channel for an Operator","You can change the update channel for an Operator by using the OpenShift Container Platform web console. ¶ TIP If the approval strategy in the subscription is set to Automatic, the update process initiates as soon as a new Operator version is available in the selected channel. If the approval strategy is set to Manual, you must manually approve pending updates. ¶ An Operator previously installed using Operator Lifecycle Manager (OLM). ¶ 1. In the Administrator perspective of the web console, navigate to Operators Installed Operators. ¶ 2. Click the name of the Operator you want to change the update channel for. ¶ 3. Click the Subscription tab. ¶ 4. Click the name of the update channel under Update channel. ¶ 5. Click the newer update channel that you want to change to, then click Save. ¶ 6. For subscriptions with an Automatic approval strategy, the update begins automatically. ¶ 6. For subscriptions with an Automatic approval strategy, the update begins automatically. Navigate back to the Operators Installed Operators page to monitor the progress of the update. When complete, the status changes to Succeeded and Up to date. For subscriptions with a Manual approval strategy, you can manually approve the update from the Subscription tab.","",""
"FILE INTEGRITY OPERATOR > UPDATING THE FILE INTEGRITY OPERATOR","6.5.3","Manually approving a pending Operator update","If an installed Operator has the approval strategy in its subscription set to Manual, when new updates are released in its current update channel, the update must be manually approved before installation can begin. ¶ An Operator previously installed using Operator Lifecycle Manager (OLM). ¶ 1. In the Administrator perspective of the OpenShift Container Platform web console, navigate to Operators Installed Operators. ¶ 2. Operators that have a pending update display a status with Upgrade available. Click the name of the Operator you want to update. ¶ 3. Click the Subscription tab. Any updates requiring approval are displayed next to Upgrade status. For example, it might display 1 requires approval. ¶ 4. Click 1 requires approval, then click Preview Install Plan. ¶ 5. Review the resources that are listed as available for update. When satisfied, click Approve. ¶ 6. Navigate back to the Operators Installed Operators page to monitor the progress of the ¶ update. When complete, the status changes to Succeeded and Up to date.","",""
"FILE INTEGRITY OPERATOR > UNDERSTANDING THE FILE INTEGRITY OPERATOR","6.6.1","Creating the FileIntegrity custom resource","An instance of a FileIntegrity custom resource (CR) represents a set of continuous file integrity scans for one or more nodes. ¶ Each FileIntegrity CR is backed by a daemon set running AIDE on the nodes matching the FileIntegrity CR specification. ¶ For all-in-one control plane and worker nodes, separate FileIntegrity CRs that use node- role.kubernetes.io/master and node-role.kubernetes.io/worker selectors can schedule many daemon sets that run Advanced Intrusion Detection Environment (AIDE) on the same nodes, because schedulable control plane nodes often have both labels. Redundant scans waste resources and can complicate file integrity monitoring. You can avoid this by using a single FileIntegrity CR whose nodeSelector targets each node only once for your cluster layout. ¶ 1. Create the following example FileIntegrity CR named worker-fileintegrity.yaml to enable scans on worker nodes: ¶ Example FileIntegrity CR ¶ apiVersion: fileintegrity.openshift.io/v1alpha1 kind: FileIntegrity ¶ name: worker-fileintegrity namespace: openshift-file-integrity ¶ node-role.kubernetes.io/worker: """" ¶ key: ""myNode"" operator: ""Exists"" effect: ""NoSchedule"" name: ""myconfig"" namespace: ""openshift-file-integrity"" key: ""config"" gracePeriod: 20 maxBackups: 5 initialDelay: 60 debug: false phase: Active ¶ spec.node Specifies the selector for scheduling node scans. Selector ¶ spec.toler Specify tolerations to schedule on nodes with custom taints. When not specified, a ations default toleration allowing running on main and infra nodes is applied. ¶ spec.confi Specify a ConfigMap containing an AIDE configuration to use. g ¶ spec.confi The number of seconds to pause in between AIDE integrity checks. Frequent AIDE g.gracePe checks on a node might be resource intensive, so it can be useful to specify a longer riod interval. Default is 900 seconds (15 minutes). ¶ spec.confi The maximum number of AIDE database and log backups (leftover from the re-init g.maxBac process) to keep on a node. Older backups beyond this number are automatically kups pruned by the daemon. Default is set to 5. ¶ spec.confi The number of seconds to wait before starting the first AIDE integrity check. Default g.initialDe is set to 0. lay ¶ status.ph The running status of the FileIntegrity instance. Statuses areInitializing, ase Pending, or Active. ¶ Initializing The FileIntegrity object is currently initializing or re-initializing the AIDE database. ¶ Pending The FileIntegrity deployment is still being created. ¶ Active The scans are active and ongoing. ¶ 2. Apply the YAML file to the openshift-file-integrity namespace: $ oc apply -f worker-fileintegrity.yaml -n openshift-file-integrity ¶ Confirm the FileIntegrity object was created successfully by running the following command: $ oc get fileintegrities -n openshift-file-integrity ¶ NAME AGE ¶ worker-fileintegrity 14s","",""
"FILE INTEGRITY OPERATOR > UNDERSTANDING THE FILE INTEGRITY OPERATOR","6.6.2","Checking the FileIntegrity custom resource status","The FileIntegrity custom resource (CR) reports its status through the . status.phase subresource. ¶ To query the FileIntegrity CR status, run: $ oc get fileintegrities/worker-fileintegrity -o jsonpath=""{ .status.phase }"" Active","",""
"FILE INTEGRITY OPERATOR > UNDERSTANDING THE FILE INTEGRITY OPERATOR","6.6.3","FileIntegrity custom resource phases","Pending - The phase after the custom resource (CR) is created. Active - The phase when the backing daemon set is up and running. Initializing - The phase when the AIDE database is being reinitialized.","",""
"FILE INTEGRITY OPERATOR > UNDERSTANDING THE FILE INTEGRITY OPERATOR","6.6.4","Understanding the FileIntegrityNodeStatuses object","The scan results of the FileIntegrity CR are reported in another object called FileIntegrityNodeStatuses. ¶ $ oc get fileintegritynodestatuses ¶ NAME AGE ¶ worker-fileintegrity-ip-10-0-130-192.ec2.internal 101s 109s worker-fileintegrity-ip-10-0-147-133.ec2.internal 102s ¶ worker-fileintegrity-ip-10-0-165-160.ec2.internal ¶ It might take some time for the FileIntegrityNodeStatus object results to be available. ¶ There is one result object per node. The nodeName attribute of each FileIntegrityNodeStatus object corresponds to the node being scanned. The status of the file integrity scan is represented in the results array, which holds scan conditions. ¶ $ oc get fileintegritynodestatuses.fileintegrity.openshift.io -ojsonpath='{.items[*].results}' | jq ¶ The fileintegritynodestatus object reports the latest status of an AIDE run and exposes the status as Failed, Succeeded, or Errored in a status field. ¶ $ oc get fileintegritynodestatuses -w ¶ NAME NODE STATUS ip-10-0-134-186.us-east- example-fileintegrity-ip-10-0-134-186.us-east-2.compute.internal ip-10-0-150-230.us-east- ip-10-0-169-137.us-east- 2.compute.internal Succeeded ip-10-0-180-200.us-east- ip-10-0-194-66.us-east- example-fileintegrity-ip-10-0-150-230.us-east-2.compute.internal ip-10-0-222-188.us-east- ip-10-0-134-186.us-east- 2.compute.internal Succeeded ¶ example-fileintegrity-ip-10-0-169-137.us-east-2.compute.internal ¶ 2.compute.internal Succeeded ¶ example-fileintegrity-ip-10-0-180-200.us-east-2.compute.internal ¶ 2.compute.internal Succeeded ¶ example-fileintegrity-ip-10-0-194-66.us-east-2.compute.internal ¶ 2.compute.internal Failed ¶ example-fileintegrity-ip-10-0-222-188.us-east-2.compute.internal ¶ 2.compute.internal Succeeded ¶ example-fileintegrity-ip-10-0-134-186.us-east-2.compute.internal ¶ 2.compute.internal Succeeded ¶ example-fileintegrity-ip-10-0-222-188.us-east-2.compute.internal ip-10-0-222-188.us-east- 2.compute.internal Succeeded ip-10-0-194-66.us-east- example-fileintegrity-ip-10-0-194-66.us-east-2.compute.internal ip-10-0-150-230.us-east- 2.compute.internal Failed ip-10-0-180-200.us-east- example-fileintegrity-ip-10-0-150-230.us-east-2.compute.internal 2.compute.internal Succeeded example-fileintegrity-ip-10-0-180-200.us-east-2.compute.internal 2.compute.internal Succeeded","",""
"FILE INTEGRITY OPERATOR > UNDERSTANDING THE FILE INTEGRITY OPERATOR > FileIntegrityNodeStatus CR status types","6.6.5.1","FileIntegrityNodeStatus CR success example","Example output of a condition with a success status ¶ ""condition"": ""Succeeded"", ""lastProbeTime"": ""2020-09-15T12:45:57Z"" ¶ ""condition"": ""Succeeded"", ""lastProbeTime"": ""2020-09-15T12:46:03Z"" ¶ ""condition"": ""Succeeded"", ""lastProbeTime"": ""2020-09-15T12:45:48Z"" ¶ In this case, all three scans succeeded and so far there are no other conditions.","",""
"FILE INTEGRITY OPERATOR > UNDERSTANDING THE FILE INTEGRITY OPERATOR > FileIntegrityNodeStatus CR status types","6.6.5.2","FileIntegrityNodeStatus CR failure status example","To simulate a failure condition, modify one of the files AIDE tracks. For example, modify /etc/resolv.conf on one of the worker nodes: ¶ $ oc debug node/ip-10-0-130-192.ec2.internal ¶ Creating debug namespace/openshift-debug-node-ldfbj ... Starting pod/ip-10-0-130-192ec2internal-debug ... To use host binaries, run `chroot /host` Pod IP: 10.0.130.192 If you don't see a command prompt, try pressing enter. sh-4.2# echo ""# integrity test"" >> /host/etc/resolv.conf sh-4.2# exit ¶ Removing debug pod ... Removing debug namespace/openshift-debug-node-ldfbj ... ¶ After some time, the Failed condition is reported in the results array of the corresponding FileIntegrityNodeStatus object. The previous Succeeded condition is retained, which allows you to pinpoint the time the check failed. ¶ $ oc get fileintegritynodestatuses.fileintegrity.openshift.io/worker-fileintegrity-ip-10-0-130- 192.ec2.internal -ojsonpath='{.results}' | jq -r ¶ Alternatively, if you are not mentioning the object name, run: ¶ $ oc get fileintegritynodestatuses.fileintegrity.openshift.io -ojsonpath='{.items[*].results}' | jq ¶ ""condition"": ""Succeeded"", ""lastProbeTime"": ""2020-09-15T12:54:14Z"" ""condition"": ""Failed"", ""filesChanged"": 1, ""lastProbeTime"": ""2020-09-15T12:57:20Z"", ""resultConfigMapName"": ""aide-ds-worker-fileintegrity-ip-10-0-130-192.ec2.internal-failed"", ""resultConfigMapNamespace"": ""openshift-file-integrity"" ¶ The Failed condition points to a config map that gives more details about what exactly failed and why: ¶ $ oc describe cm aide-ds-worker-fileintegrity-ip-10-0-130-192.ec2.internal-failed ¶ Name: aide-ds-worker-fileintegrity-ip-10-0-130-192.ec2.internal-failed Namespace: openshift-file-integrity Labels: file-integrity.openshift.io/node=ip-10-0-130-192.ec2.internal ¶ file-integrity.openshift.io/owner=worker-fileintegrity file-integrity.openshift.io/result-log= Annotations: file-integrity.openshift.io/files-added: 0 file-integrity.openshift.io/files-changed: 1 ¶ file-integrity.openshift.io/files-removed: 0 ¶ Data ¶ integritylog: ----- AIDE 0.15.1 found differences between database and filesystem!! Start timestamp: 2020-09-15 12:58:15 ¶ Summary: ¶ Total number of files: 31553 ¶ Added files: 0 ¶ Removed files: 0 ¶ Changed files: 1 ¶ -------------------------------------------------- Changed files: -------------------------------------------------- ¶ changed: /hostroot/etc/resolv.conf ¶ -------------------------------------------------- Detailed information about changes: -------------------------------------------------- ¶ File: /hostroot/etc/resolv.conf SHA512 : sTQYpB/AL7FeoGtu/1g7opv6C+KT1CBJ , qAeM+a8yTgHPnIHMaRlS+so61EN8VOpg ¶ Events: <none> ¶ Due to the config map data size limit, AIDE logs over 1 MB are added to the failure config map as a base64-encoded gzip archive. Use the following command to extract the log: ¶ $ oc get cm <failure-cm-name> -o json | jq -r '.data.integritylog' | base64 -d | gunzip ¶ Compressed logs are indicated by the presence of a file- integrity.openshift.io/compressed annotation key in the config map.","",""
"FILE INTEGRITY OPERATOR > UNDERSTANDING THE FILE INTEGRITY OPERATOR","6.6.6","Understanding events","Transitions in the status of the FileIntegrity and FileIntegrityNodeStatus objects are logged by events. The creation time of the event reflects the latest transition, such as Initializing to Active, and not necessarily the latest scan result. However, the newest event always reflects the most recent status. ¶ $ oc get events --field-selector reason=FileIntegrityStatus ¶ LAST SEEN TYPE REASON OBJECT MESSAGE ¶ 97s Normal FileIntegrityStatus fileintegrity/example-fileintegrity Pending ¶ 67s Normal FileIntegrityStatus fileintegrity/example-fileintegrity Initializing 37s Normal FileIntegrityStatus fileintegrity/example-fileintegrity Active ¶ When a node scan fails, an event is created with the add/changed/removed and config map information. ¶ $ oc get events --field-selector reason=NodeIntegrityStatus ¶ LAST SEEN TYPE REASON OBJECT MESSAGE 0-134-173.ec2.internal fileintegrity/example-fileintegrity no changes to node ip-10- 0-168-238.ec2.internal fileintegrity/example-fileintegrity no changes to node ip-10- 0-169-175.ec2.internal fileintegrity/example-fileintegrity no changes to node ip-10- 0-152-92.ec2.internal fileintegrity/example-fileintegrity no changes to node ip-10- 0-158-144.ec2.internal fileintegrity/example-fileintegrity no changes to node ip-10- 0-131-30.ec2.internal fileintegrity/example-fileintegrity no changes to node ip-10- 87m Warning NodeIntegrityStatus 92.ec2.internal has changed! a:1,c:1,r:0 \ fileintegrity/example-fileintegrity node ip-10-0-152- 10-0-152-92.ec2.internal-failed log:openshift-file-integrity/aide-ds-example-fileintegrity-ip- ¶ Changes to the number of added, changed, or removed files results in a new event, even if the status of the node has not transitioned. ¶ $ oc get events --field-selector reason=NodeIntegrityStatus ¶ LAST SEEN TYPE REASON OBJECT MESSAGE 0-134-173.ec2.internal fileintegrity/example-fileintegrity no changes to node ip-10- 0-168-238.ec2.internal fileintegrity/example-fileintegrity no changes to node ip-10- 0-169-175.ec2.internal fileintegrity/example-fileintegrity no changes to node ip-10- 0-152-92.ec2.internal fileintegrity/example-fileintegrity no changes to node ip-10- 0-158-144.ec2.internal fileintegrity/example-fileintegrity no changes to node ip-10- 0-131-30.ec2.internal fileintegrity/example-fileintegrity no changes to node ip-10- 87m Warning NodeIntegrityStatus 92.ec2.internal has changed! a:1,c:1,r:0 \ fileintegrity/example-fileintegrity node ip-10-0-152- 10-0-152-92.ec2.internal-failed log:openshift-file-integrity/aide-ds-example-fileintegrity-ip- 40m Warning NodeIntegrityStatus 92.ec2.internal has changed! a:3,c:1,r:0 \ fileintegrity/example-fileintegrity node ip-10-0-152- 10-0-152-92.ec2.internal-failed log:openshift-file-integrity/aide-ds-example-fileintegrity-ip-","",""
"FILE INTEGRITY OPERATOR > CONFIGURING THE CUSTOM FILE INTEGRITY OPERATOR","6.7.1","Viewing FileIntegrity object attributes","As with any Kubernetes custom resources (CRs), you can run oc explain fileintegrity, and then look at the individual attributes using: ¶ $ oc explain fileintegrity.spec ¶ $ oc explain fileintegrity.spec.config","",""
"FILE INTEGRITY OPERATOR > CONFIGURING THE CUSTOM FILE INTEGRITY OPERATOR","6.7.2","Important attributes","Attribute Description ¶ spec.nodeSelector Specifies a map of key-value pairs that labels for a node must match for a cluster to schedule Advanced Intrusion Detection Environment (AIDE) pods on that node. Typically, you can configure only a single key- value pair. For example, node- role.kubernetes.io/worker: """" schedules AIDE on all compute nodes, while node.openshift.io/os_id: ""rhel"" schedules AIDE on all RHEL nodes. ¶ spec.debug A boolean attribute. If set to true, the daemon running in the AIDE deamon set's pods would output extra information. ¶ spec.tolerations Specify tolerations to schedule on nodes with custom taints. When not specified, a default toleration is applied, which allows tolerations to run on control plane nodes. ¶ spec.config.gracePeriod The number of seconds to pause in between AIDE integrity checks. Frequent AIDE checks on a node can be resource intensive, so it can be useful to specify a longer interval. Defaults to 900, or 15 minutes. ¶ maxBackups The maximum number of AIDE database and log backups leftover from the re-init process to keep on a node. Older backups beyond this number are automatically pruned by the daemon. ¶ spec.config.name Name of a configMap that contains custom AIDE configuration. If omitted, a default configuration is created. ¶ Attribute Description spec.config.namespace Namespace of a configMap that contains custom spec.config.key AIDE configuration. If unset, the FIO generates a spec.config.initialDelay default configuration suitable for RHCOS systems. ¶ Key that contains actual AIDE configuration in a config map specified by name and namespace. The default value is aide.conf. ¶ The number of seconds to wait before starting the first AIDE integrity check. Default is set to 0. This attribute is optional.","",""
"FILE INTEGRITY OPERATOR > CONFIGURING THE CUSTOM FILE INTEGRITY OPERATOR","6.7.3","Examine the default configuration","The default File Integrity Operator configuration is stored in a config map with the same name as the FileIntegrity CR. ¶ To examine the default config, run: ¶ $ oc describe cm/worker-fileintegrity","",""
"FILE INTEGRITY OPERATOR > CONFIGURING THE CUSTOM FILE INTEGRITY OPERATOR","6.7.4","Understanding the default File Integrity Operator configuration","Below is an excerpt from the aide.conf key of the config map: ¶ @@define DBDIR /hostroot/etc/kubernetes @@define LOGDIR /hostroot/etc/kubernetes database=file:@@{DBDIR}/aide.db.gz database_out=file:@@{DBDIR}/aide.db.gz gzip_dbout=yes verbose=5 report_url=file:@@{LOGDIR}/aide.log report_url=stdout PERMS = p+u+g+acl+selinux+xattrs CONTENT_EX = sha512+ftype+p+u+g+n+acl+selinux+xattrs ¶ /hostroot/boot/ CONTENT_EX /hostroot/root/\..* PERMS /hostroot/root/ CONTENT_EX ¶ The default configuration for a FileIntegrity instance provides coverage for files under the following directories: ¶ /root ¶ /boot ¶ /usr /etc The following directories are not covered: /var /opt Some OpenShift Container Platform-specific excludes under /etc/","",""
"FILE INTEGRITY OPERATOR > CONFIGURING THE CUSTOM FILE INTEGRITY OPERATOR","6.7.5","Supplying a custom AIDE configuration","Any entries that configure AIDE internal behavior such as DBDIR, LOGDIR, database, and database_out are overwritten by the Operator. The Operator would add a prefix to /hostroot/ before all paths to be watched for integrity changes. This makes reusing existing AIDE configs that might often not be tailored for a containerized environment and start from the root directory easier. ¶ /hostroot is the directory where the pods running AIDE mount the host's file system. Changing the configuration triggers a reinitializing of the database.","",""
"FILE INTEGRITY OPERATOR > CONFIGURING THE CUSTOM FILE INTEGRITY OPERATOR","6.7.6","Defining a custom File Integrity Operator configuration","This example focuses on defining a custom configuration for a scanner that runs on the control plane nodes based on the default configuration provided for the worker-fileintegrity CR. This workflow might be useful if you are planning to deploy a custom software running as a daemon set and storing its data under /opt/mydaemon on the control plane nodes. ¶ 1. Make a copy of the default configuration. ¶ 2. Edit the default configuration with the files that must be watched or excluded. ¶ 3. Store the edited contents in a new config map. ¶ 4. Point the FileIntegrity object to the new config map through the attributes in spec.config. ¶ 5. Extract the default configuration: $ oc extract cm/worker-fileintegrity --keys=aide.conf ¶ This creates a file named aide.conf that you can edit. To illustrate how the Operator post- processes the paths, this example adds an exclude directory without the prefix: ¶ $ vim aide.conf ¶ /hostroot/etc/kubernetes/static-pod-resources !/hostroot/etc/kubernetes/aide.* ¶ !/hostroot/etc/kubernetes/manifests !/hostroot/etc/docker/certs.d !/hostroot/etc/selinux/targeted !/hostroot/etc/openvswitch/conf.db ¶ Exclude a path specific to control plane nodes: ¶ !/opt/mydaemon/ ¶ Store the other content in /etc: ¶ /hostroot/etc/ CONTENT_EX ¶ 6. Create a config map based on this file: ¶ $ oc create cm master-aide-conf --from-file=aide.conf ¶ 7. Define a FileIntegrity CR manifest that references the config map: ¶ apiVersion: fileintegrity.openshift.io/v1alpha1 kind: FileIntegrity ¶ name: master-fileintegrity namespace: openshift-file-integrity ¶ node-role.kubernetes.io/master: """" ¶ name: master-aide-conf namespace: openshift-file-integrity ¶ The Operator processes the provided config map file and stores the result in a config map with the same name as the FileIntegrity object: ¶ $ oc describe cm/master-fileintegrity | grep /opt/mydaemon ¶ !/hostroot/opt/mydaemon","",""
"FILE INTEGRITY OPERATOR > CONFIGURING THE CUSTOM FILE INTEGRITY OPERATOR","6.7.7","Changing the custom File Integrity configuration","To change the File Integrity configuration, never change the generated config map. Instead, change the config map that is linked to the FileIntegrity object through the spec.name, namespace, and key attributes. ¶ 6.8. PERFORMING ADVANCED CUSTOM FILE INTEGRITY OPERATOR TASKS","",""
"FILE INTEGRITY OPERATOR > CONFIGURING THE CUSTOM FILE INTEGRITY OPERATOR","6.8.1","Reinitializing the database","If the File Integrity Operator detects a change that was planned, it might be required to reinitialize the ¶ If the File Integrity Operator detects a change that was planned, it might be required to reinitialize the database. ¶ Annotate the FileIntegrity custom resource (CR) with file-integrity.openshift.io/re-init: ¶ $ oc annotate fileintegrities/worker-fileintegrity file-integrity.openshift.io/re-init= ¶ The old database and log files are backed up and a new database is initialized. The old database and logs are retained on the nodes under /etc/kubernetes, as seen in the following output from a pod spawned using oc debug: ¶ ls -lR /host/etc/kubernetes/aide.* rw-------. 1 root root 1839782 Sep 17 15:08 /host/etc/kubernetes/aide.db.gz rw-------. 1 root root 1839783 Sep 17 14:30 /host/etc/kubernetes/aide.db.gz.backup- 20200917T15_07_38 rw-------. 1 root root 73728 Sep 17 15:07 /host/etc/kubernetes/aide.db.gz.backup- 20200917T15_07_55 rw-r--r--. 1 root root 0 Sep 17 15:08 /host/etc/kubernetes/aide.log rw-------. 1 root root 613 Sep 17 15:07 /host/etc/kubernetes/aide.log.backup- 20200917T15_07_38 rw-r--r--. 1 root root 0 Sep 17 15:07 /host/etc/kubernetes/aide.log.backup- 20200917T15_07_55 ¶ To provide some permanence of record, the resulting config maps are not owned by the FileIntegrity object, so manual cleanup is necessary. As a result, any previous integrity failures would still be visible in the FileIntegrityNodeStatus object.","",""
"FILE INTEGRITY OPERATOR > CONFIGURING THE CUSTOM FILE INTEGRITY OPERATOR","6.8.2","Machine config integration","In OpenShift Container Platform 4, the cluster node configuration is delivered through MachineConfig objects. You can assume that the changes to files that are caused by a MachineConfig object are expected and should not cause the file integrity scan to fail. To suppress changes to files caused by MachineConfig object updates, the File Integrity Operator watches the node objects; when a node is being updated, the AIDE scans are suspended for the duration of the update. When the update finishes, the database is reinitialized and the scans resume. ¶ This pause and resume logic only applies to updates through the MachineConfig API, as they are reflected in the node object annotations.","",""
"FILE INTEGRITY OPERATOR > CONFIGURING THE CUSTOM FILE INTEGRITY OPERATOR","6.8.3","Exploring the daemon sets","Each FileIntegrity object represents a scan on a number of nodes. The scan itself is performed by pods managed by a daemon set. ¶ To find the daemon set that represents a FileIntegrity object, run: ¶ $ oc -n openshift-file-integrity get ds/aide-worker-fileintegrity ¶ To list the pods in that daemon set, run: ¶ $ oc -n openshift-file-integrity get pods -lapp=aide-worker-fileintegrity ¶ To view logs of a single AIDE pod, call oc logs on one of the pods. ¶ $ oc -n openshift-file-integrity logs pod/aide-worker-fileintegrity-mr8x6 ¶ Starting the AIDE runner daemon initializing AIDE db initialization finished running aide check ¶ The config maps created by the AIDE daemon are not retained and are deleted after the File Integrity Operator processes them. However, on failure and error, the contents of these config maps are copied to the config map that the FileIntegrityNodeStatus object points to.","",""
"FILE INTEGRITY OPERATOR > TROUBLESHOOTING THE FILE INTEGRITY OPERATOR","6.9.1","General troubleshooting","Issue You want to generally troubleshoot issues with the File Integrity Operator. ¶ Resolution Enable the debug flag in the FileIntegrity object. The debug flag increases the verbosity of the daemons that run in the DaemonSet pods and run the AIDE checks.","",""
"FILE INTEGRITY OPERATOR > TROUBLESHOOTING THE FILE INTEGRITY OPERATOR","6.9.2","Checking the AIDE configuration","Issue You want to check the AIDE configuration. ¶ Resolution The AIDE configuration is stored in a config map with the same name as the FileIntegrity object. All AIDE configuration config maps are labeled with file-integrity.openshift.io/aide-conf.","",""
"FILE INTEGRITY OPERATOR > TROUBLESHOOTING THE FILE INTEGRITY OPERATOR","6.9.3","Determining the FileIntegrity object's phase","Issue You want to determine if the FileIntegrity object exists and see its current status. ¶ Resolution To see the FileIntegrity object's current status, run: ¶ $ oc get fileintegrities/worker-fileintegrity -o jsonpath=""{ .status }"" ¶ Once the FileIntegrity object and the backing daemon set are created, the status should switch to Active. If it does not, check the Operator pod logs.","",""
"FILE INTEGRITY OPERATOR > TROUBLESHOOTING THE FILE INTEGRITY OPERATOR","6.9.4","Determining that the daemon set's pods are running on the expected nodes","Issue You want to confirm that the daemon set exists and that its pods are running on the nodes you expect them to run on. ¶ Resolution Run: $ oc -n openshift-file-integrity get pods -lapp=aide-worker-fileintegrity ¶ Adding -owide includes the IP address of the node that the pod is running on. ¶ To check the logs of the daemon pods, run oc logs. Check the return value of the AIDE command to see if the check passed or failed.","",""
"FILE INTEGRITY OPERATOR > UNINSTALLING THE FILE INTEGRITY OPERATOR","6.10.1","Uninstall the File Integrity Operator using the web console","To remove the File Integrity Operator, you must first delete the FileIntegrity objects in all namespaces. After the objects are removed, you can then remove the Operator and its namespace. ¶ You have access to an OpenShift Container Platform cluster that uses an account with cluster- admin permissions. The File Integrity Operator is installed. ¶ 1. Navigate to the Operators Installed Operators File Integrity Operator page. ¶ 2. From the File Integrity tab, ensure the Show operands in: All namespacesdefault option is selected to list all FileIntegrity objects in all namespaces. ¶ 3. Click the Options menu and then click Delete FileIntegrity to delete a FileIntegrity ¶ object. Ensure all FileIntegrity objects are deleted. ¶ 4. Go to the Administration Operators Installed Operators page. ¶ 5. Click the Options menu on the File Integrity Operator entry and select Uninstall ¶ 6. Go to the Home Projects page. ¶ 7. Search for openshift-file-integrity. ¶ 8. Click the Options menu for the openshift-file-integrity project entry, and then click ¶ Delete Project. A Delete Project dialog box opens on the web console. ¶ Type openshift-file-integrity in the Delete Project dialog box and then click the Delete button.","",""
"SECURITY PROFILES OPERATOR","7.1","SECURITY PROFILES OPERATOR OVERVIEW","OpenShift Container Platform Security Profiles Operator (SPO) provides a way to define secure computing (seccomp) profiles and SELinux profiles as custom resources, synchronizing profiles to every node in a given namespace. For the latest updates, see the release notes. ¶ The SPO can distribute custom resources to each node while a reconciliation loop ensures that the profiles stay up-to-date. See Understanding the Security Profiles Operator . ¶ The SPO manages SELinux policies and seccomp profiles for namespaced workloads. For more information, see Enabling the Security Profiles Operator. ¶ You can create seccomp and SELinux profiles, bind policies to pods, record workloads, and synchronize all worker nodes in a namespace. ¶ Use Advanced Security Profile Operator tasks to enable the log enricher, configure webhooks and metrics, or restrict profiles to a single namespace. ¶ Troubleshoot the Security Profiles Operator as needed, or engage Red Hat support. ¶ You can Uninstall the Security Profiles Operator by removing the profiles before removing the","",""
"SECURITY PROFILES OPERATOR > SECURITY PROFILES OPERATOR RELEASE NOTES","7.2.1","Security Profiles Operator 0.10.0","The following advisory is available for the Security Profiles Operator 0.10.0: RHSA-2026:2852 - OpenShift Security Profiles Operator update ¶ 7.2.1.1. Bug fixes In some instances when Security Profiles Operator (SPO) 0.9.0 was used with OpenShift Container Platform version 4.20 and above, SPO would create the profilerecording resource but the workload would fail. Failure of the workload prevented the creation of the needed container for running the Operator. With the 0.10.0 release of SPO. the profilerecording resource is reliably created, therefore the needed container for running the Operator is reliably created. CMP-3537. ¶ For version 0.9.0 of Security Profiles Operator (SPO), the spod pods would fail to run with the error message fsmount:fscontext:proc/: could not get mount id: operation not permitted. With the release of version 0.10.0, the spod pods run reliably. CMP-4007. ¶ In releases of SPO 0.9.0 and earlier, there was a bug in syntax of the selinux usage. With this ¶ release of SPO, the change is from <policyName>_.process to <policyName>.process. The new syntax omits the _. Examples in the documentation now show this updated usage. CMP- ¶ 7.2.1.2. New features and enhancements With the release of SPO v0.10.0, the Operator now supports Red Hat Enterprise Linux CoreOS (RHCOS) 10 containers. CMP-4033 ¶ In this release of the Security Profiles Operator, the Advanced Audit Logging Framework is available as a General Availability (GA) feature. The Advanced Audit Logging Framework uses the Audit JSON Log Enricher to capture and log terminal-based command activity in Red Hat Enterprise Linux CoreOS (RHCOS) containers, including oc rsh, oc exec, and oc debug commands. For more details, see Advanced Audit Logging Framework .","",""
"SECURITY PROFILES OPERATOR > SECURITY PROFILES OPERATOR RELEASE NOTES","7.2.2","Security Profiles Operator 0.9.0","The following advisory is available for the Security Profiles Operator 0.9.0: RHBA-2025:15655 - OpenShift Security Profiles Operator update ¶ This update manages security profiles as cluster-wide resources rather than namespace resources. To update Security Profiles Operator to a version later than 0.8.6 requires manual migration. For migration instructions, see Security Profiles Operator 0.9.0 Update Migration Guide . ¶ 7.2.2.1. Bug fixes Before this update, the spod pods could fail to start and enter into a CrashLoopBackOff state due to an error in parsing the semanage configuration file. This issue is caused by a change to the RHEL 9 image naming convention beginning in OpenShift Container Platform 4.19. (OCPBUGS-55829) ¶ Before this update, the Security Profiles Operator would fail to apply a RawSelinuxProfile to newly added nodes due to a reconciler type mismatch error. With this update, the operator now correctly handles RawSelinuxProfile objects and policies are applied to all nodes as expected. (OCPBUGS-33718)","",""
"SECURITY PROFILES OPERATOR > SECURITY PROFILES OPERATOR RELEASE NOTES","7.2.3","Security Profiles Operator 0.8.6","The following advisory is available for the Security Profiles Operator 0.8.6: ¶ RHBA-2024:10380 - OpenShift Security Profiles Operator update ¶ This update includes upgraded dependencies in underlying base images.","",""
"SECURITY PROFILES OPERATOR > SECURITY PROFILES OPERATOR RELEASE NOTES","7.2.4","Security Profiles Operator 0.8.5","The following advisory is available for the Security Profiles Operator 0.8.5: ¶ RHBA-2024:5016 - OpenShift Security Profiles Operator bug fix update ¶ 7.2.4.1. Bug fixes When attempting to install the Security Profile Operator from the web console, the option to enable Operator-recommended cluster monitoring was unavailable for the namespace. With ¶ this update, you can now enabled Operator-recommend cluster monitoring in the namespace. (OCPBUGS-37794) ¶ Previously, the Security Profiles Operator would intermittently be not visible in the OperatorHub, which caused limited access to install the Operator via the web console. With this update, the Security Profiles Operator is present in the OperatorHub.","",""
"SECURITY PROFILES OPERATOR > SECURITY PROFILES OPERATOR RELEASE NOTES","7.2.5","Security Profiles Operator 0.8.4","The following advisory is available for the Security Profiles Operator 0.8.4: ¶ RHBA-2024:4781 - OpenShift Security Profiles Operator bug fix update ¶ This update addresses CVEs in underlying dependencies. ¶ 7.2.5.1. New features and enhancements You can now specify a default security profile in the image attribute of a ProfileBinding object by setting a wildcard. For more information, see Binding workloads to profiles with ProfileBindings (SELinux) and Binding workloads to profiles with ProfileBindings (Seccomp) .","",""
"SECURITY PROFILES OPERATOR > SECURITY PROFILES OPERATOR RELEASE NOTES","7.2.6","Security Profiles Operator 0.8.2","The following advisory is available for the Security Profiles Operator 0.8.2: ¶ RHBA-2023:5958 - OpenShift Security Profiles Operator bug fix update ¶ 7.2.6.1. Bug fixes Previously, SELinuxProfile objects did not inherit custom attributes from the same namespace. With this update, the issue has now been resolved and SELinuxProfile object attributes are inherited from the same namespace as expected. (OCPBUGS-17164) ¶ Previously, RawSELinuxProfiles would hang during the creation process and would not reach an Installed state. With this update, the issue has been resolved and RawSELinuxProfiles are created successfully. (OCPBUGS-19744) ¶ Previously, patching the enableLogEnricher to true would cause the seccompProfile log- enricher-trace pods to be stuck in a Pending state. With this update, log-enricher-trace pods reach an Installed state as expected. ( OCPBUGS-22182) ¶ Previously, the Security Profiles Operator generated high cardinality metrics, causing Prometheus pods using high amounts of memory. With this update, the following metrics will no longer apply in the Security Profiles Operator namespace: ¶ rest_client_request_duration_seconds ¶ rest_client_request_size_bytes ¶ rest_client_response_size_bytes (OCPBUGS-22406)","",""
"SECURITY PROFILES OPERATOR > SECURITY PROFILES OPERATOR RELEASE NOTES","7.2.7","Security Profiles Operator 0.8.0","The following advisory is available for the Security Profiles Operator 0.8.0: ¶ RHBA-2023:4689 - OpenShift Security Profiles Operator bug fix update ¶ 7.2.7.1. Bug fixes Previously, while trying to install Security Profiles Operator in a disconnected cluster, the secure hashes provided were incorrect due to a SHA relabeling issue. With this update, the SHAs provided work consistently with disconnected environments. (OCPBUGS-14404)","",""
"SECURITY PROFILES OPERATOR > SECURITY PROFILES OPERATOR RELEASE NOTES","7.2.8","Security Profiles Operator 0.7.1","The following advisory is available for the Security Profiles Operator 0.7.1: RHSA-2023:2029 - OpenShift Security Profiles Operator bug fix update ¶ 7.2.8.1. New features and enhancements Security Profiles Operator (SPO) now automatically selects the appropriate selinuxd image for RHEL 8- and 9-based Red Hat Enterprise Linux CoreOS (RHCOS) systems. ¶ Users that mirror images for disconnected environments must mirror both selinuxd images provided by the Security Profiles Operator. ¶ You can now enable memory optimization inside of an spod daemon. For more information, see Enabling memory optimization in the spod daemon . ¶ SPO memory optimization is not enabled by default. ¶ The daemon resource requirements are now configurable. For more information, see Customizing daemon resource requirements. The priority class name is now configurable in the spod configuration. For more information, see Setting a custom priority class name for the spod daemon pod . ¶ 7.2.8.2. Deprecated and removed features The default nginx-1.19.1 seccomp profile is now removed from the Security Profiles Operator deployment. ¶ 7.2.8.3. Bug fixes Previously, a Security Profiles Operator (SPO) SELinux policy did not inherit low-level policy definitions from the container template. If you selected another template, such as net_container, the policy would not work because it required low-level policy definitions that only existed in the container template. This issue occurred when the SPO SELinux policy attempted to translate SELinux policies from the SPO custom format to the Common Intermediate Language (CIL) format. With this update, the container template appends to any SELinux policies that require translation from SPO to CIL. Additionally, the SPO SELinux policy can inherit low-level policy definitions from any supported policy template. (OCPBUGS-12879) ¶ 7.2.8.4. Known issue When uninstalling the Security Profiles Operator, the MutatingWebhookConfiguration object is not deleted and must be manually removed. As a workaround, delete the MutatingWebhookConfiguration object after uninstalling the Security Profiles Operator. These steps are defined in Uninstalling the Security Profiles Operator. (OCPBUGS-4687)","",""
"SECURITY PROFILES OPERATOR > SECURITY PROFILES OPERATOR RELEASE NOTES","7.2.9","Security Profiles Operator 0.5.2","The following advisory is available for the Security Profiles Operator 0.5.2: RHBA-2023:0788 - OpenShift Security Profiles Operator bug fix update ¶ This update addresses a CVE in an underlying dependency. ¶ 7.2.9.1. Known issue When uninstalling the Security Profiles Operator, the MutatingWebhookConfiguration object is not deleted and must be manually removed. As a workaround, delete the MutatingWebhookConfiguration object after uninstalling the Security Profiles Operator. These steps are defined in Uninstalling the Security Profiles Operator. (OCPBUGS-4687)","",""
"SECURITY PROFILES OPERATOR > SECURITY PROFILES OPERATOR RELEASE NOTES","7.2.10","Security Profiles Operator 0.5.0","The following advisory is available for the Security Profiles Operator 0.5.0: RHBA-2022:8762 - OpenShift Security Profiles Operator bug fix update ¶ 7.2.10.1. Known issue When uninstalling the Security Profiles Operator, the MutatingWebhookConfiguration object is not deleted and must be manually removed. As a workaround, delete the MutatingWebhookConfiguration object after uninstalling the Security Profiles Operator. These steps are defined in Uninstalling the Security Profiles Operator. (OCPBUGS-4687)","",""
"SECURITY PROFILES OPERATOR > SECURITY PROFILES OPERATOR SUPPORT","7.3.1","Security Profiles Operator lifecycle","The Security Profiles Operator is a ""Rolling Stream"" Operator, meaning updates are available asynchronously of OpenShift Container Platform releases. For more information, see OpenShift Operator Life Cycles on the Red Hat Customer Portal.","",""
"SECURITY PROFILES OPERATOR > SECURITY PROFILES OPERATOR SUPPORT","7.3.2","Getting support","If you experience difficulty with a procedure described in this documentation, or with OpenShift Container Platform in general, visit the Red Hat Customer Portal . From the Customer Portal, you can: ¶ Search or browse through the Red Hat Knowledgebase of articles and solutions relating to Red Hat products. ¶ Submit a support case to Red Hat Support. Access other product documentation. To identify issues with your cluster, you can use Insights in OpenShift Cluster Manager. Insights provides details about issues and, if available, information on how to solve a problem. If you have a suggestion for improving this documentation or have found an error, submit a Jira issue for the most relevant documentation component. Please provide specific details, such as the section name and OpenShift Container Platform version.","",""
"SECURITY PROFILES OPERATOR > UNDERSTANDING THE SECURITY PROFILES OPERATOR","7.4.1","About Security Profiles","Security profiles can increase security at the container level in your cluster. Seccomp security profiles list the syscalls a process can make. Permissions are broader than SELinux, enabling users to restrict operations system-wide, such as write. ¶ SELinux security profiles provide a label-based system that restricts the access and usage of processes, applications, or files in a system. All files in an environment have labels that define permissions. SELinux profiles can define access within a given structure, such as directories.","",""
"SECURITY PROFILES OPERATOR > ENABLING THE SECURITY PROFILES OPERATOR","7.5.1","Installing the Security Profiles Operator","You must have access to the web console as a user with cluster-admin privileges. ¶ 1. In the OpenShift Container Platform web console, navigate to Operators OperatorHub. ¶ 2. Search for the Security Profiles Operator, then click Install. ¶ 3. Keep the default selection of Installation mode and namespace to ensure that the Operator will be installed to the openshift-security-profiles namespace. ¶ 4. Click Install. ¶ To confirm that the installation is successful: ¶ 1. Navigate to the Operators Installed Operators page. ¶ 2. Check that the Security Profiles Operator is installed in the openshift-security-profiles ¶ namespace and its status is Succeeded. If the Operator is not installed successfully: ¶ 1. Navigate to the Operators Installed Operators page and inspect the Status column for any errors or failures. ¶ 2. Navigate to the Workloads Pods page and check the logs in any pods in the openshift- security-profiles project that are reporting issues.","",""
"SECURITY PROFILES OPERATOR > ENABLING THE SECURITY PROFILES OPERATOR","7.5.2","Installing the Security Profiles Operator using the CLI","You must have cluster-admin privileges. ¶ 1. Define a Namespace object: Example namespace-object.yaml ¶ kind: Namespace ¶ name: openshift-security-profiles ¶ openshift.io/cluster-monitoring: ""true"" ¶ 2. Create the Namespace object: ¶ $ oc create -f namespace-object.yaml ¶ 3. Define an OperatorGroup object: ¶ Example operator-group-object.yaml ¶ name: security-profiles-operator namespace: openshift-security-profiles ¶ 4. Create the OperatorGroup object: ¶ $ oc create -f operator-group-object.yaml ¶ 5. Define a Subscription object: ¶ Example subscription-object.yaml ¶ name: security-profiles-operator-sub namespace: openshift-security-profiles channel: release-alpha-rhel-8 name: security-profiles-operator ¶ 6. Create the Subscription object: ¶ $ oc create -f subscription-object.yaml ¶ If you are setting the global scheduler feature and enable defaultNodeSelector, you must create the namespace manually and update the annotations of the openshift- security-profiles namespace, or the namespace where the Security Profiles Operator was installed, with openshift.io/node-selector: """". This removes the default node selector and prevents deployment failures. ¶ 1. Verify the installation succeeded by inspecting the following CSV file: ¶ $ oc get csv -n openshift-security-profiles ¶ 2. Verify that the Security Profiles Operator is operational by running the following command: ¶ $ oc get deploy -n openshift-security-profiles","",""
"SECURITY PROFILES OPERATOR > ENABLING THE SECURITY PROFILES OPERATOR","7.5.3","Configuring logging verbosity","The Security Profiles Operator supports the default logging verbosity of 0 and an enhanced verbosity of 1. ¶ To enable enhanced logging verbosity, patch the spod configuration and adjust the value by ¶ $ oc -n openshift-security-profiles patch spod \ spod --type=merge -p '{""spec"":{""verbosity"":1}}' ¶ securityprofilesoperatordaemon.security-profiles-operator.x-k8s.io/spod patched","",""
"SECURITY PROFILES OPERATOR > MANAGING SECCOMP PROFILES","7.6.1","Creating seccomp profiles","Use the SeccompProfile object to create profiles. SeccompProfile objects can restrict syscalls within a container, limiting the access of your application. ¶ 1. Create a project by running the following command: ¶ $ oc new-project my-namespace ¶ 2. Create the SeccompProfile object: ¶ apiVersion: security-profiles-operator.x-k8s.io/v1beta1 kind: SeccompProfile ¶ name: profile1 ¶ defaultAction: SCMP_ACT_LOG ¶ The seccomp profile will be saved in /var/lib/kubelet/seccomp/operator/<namespace>/<name>.json. An init container creates the root directory of the Security Profiles Operator to run the Operator without root group or user ID privileges. A symbolic link is created from the rootless profile storage /var/lib/openshift-security-profiles to the default seccomp root path inside of the kubelet root ¶ /var/lib/kubelet/seccomp/operator.","",""
"SECURITY PROFILES OPERATOR > MANAGING SECCOMP PROFILES","7.6.2","Applying seccomp profiles to a pod","Create a pod to apply one of the created profiles. ¶ 1. Create a pod object that defines a securityContext: ¶ name: test-pod ¶ type: Localhost localhostProfile: operator/profile1.json ¶ name: test-container ¶ 2. View the profile path of the seccompProfile.localhostProfile attribute by running the following ¶ $ oc get seccompprofile profile1 --output wide ¶ NAME STATUS AGE SECCOMPPROFILE.LOCALHOSTPROFILE profile1 Installed 14s operator/profile1.json ¶ 3. View the path to the localhost profile by running the following command: ¶ $ oc get sp profile1 --output=jsonpath='{.status.localhostProfile}' ¶ operator/profile1.json ¶ 4. Apply the localhostProfile output to the patch file: ¶ type: Localhost localhostProfile: operator/profile1.json ¶ 5. Apply the profile to any other workload, such as a Deployment object, by running the following ¶ $ oc -n my-namespace patch deployment myapp --patch-file patch.yaml --type=merge ¶ deployment.apps/myapp patched ¶ Confirm the profile was applied correctly by running the following command: ¶ $ oc -n my-namespace get deployment myapp -- output=jsonpath='{.spec.template.spec.securityContext}' | jq . ¶ ""seccompProfile"": { ""localhostProfile"": ""operator/profile1.json"", ""type"": ""localhost"" ¶ 7.6.2.1. Binding workloads to profiles with ProfileBindings You can use the ProfileBinding resource to bind a security profile to the SecurityContext of a container. ¶ 1. To bind a pod that uses a quay.io/security-profiles-operator/test-nginx-unprivileged:1.21 image to the example SeccompProfile profile, create a ProfileBinding object in the same namespace with the pod and the SeccompProfile objects: ¶ apiVersion: security-profiles-operator.x-k8s.io/v1alpha1 kind: ProfileBinding ¶ name: nginx-binding profileRef: ¶ kind: SeccompProfile 1 name: profile 2 image: quay.io/security-profiles-operator/test-nginx-unprivileged:1.21 3 ¶ 1 The kind: variable refers to the kind of the profile. ¶ 2 The name: variable refers to the name of the profile. 3 You can enable a default security profile by using a wildcard in the image attribute: image: ¶ ""*"" ¶ Using the image: ""*"" wildcard attribute binds all new pods with a default security profile in a given namespace. ¶ 2. Label the namespace with enable-binding=true by running the following command: ¶ $ oc label ns my-namespace spo.x-k8s.io/enable-binding=true ¶ 3. Define a pod named test-pod.yaml: ¶ name: test-pod ¶ name: test-container ¶ 4. Create the pod: ¶ $ oc create -f test-pod.yaml ¶ If the pod already exists, you must re-create the pod for the binding to work properly. ¶ Confirm the pod inherits the ProfileBinding by running the following command: ¶ $ oc get pod test-pod -o jsonpath='{.spec.containers[*].securityContext.seccompProfile}' ¶ {""localhostProfile"":""operator/profile.json"",""type"":""Localhost""}","",""
"SECURITY PROFILES OPERATOR > MANAGING SECCOMP PROFILES","7.6.3","Recording profiles from workloads","The Security Profiles Operator can record system calls with ProfileRecording objects, making it easier to create baseline profiles for applications. When using the log enricher for recording seccomp profiles, verify the log enricher feature is enabled. See Additional resources for more information. ¶ A container with privileged: true security context restraints prevents log-based recording. Privileged containers are not subject to seccomp policies, and log-based recording makes use of a special seccomp profile to record events. ¶ 1. Create a project by running the following command: ¶ $ oc new-project my-namespace ¶ 2. Label the namespace with enable-recording=true by running the following command: ¶ $ oc label ns my-namespace spo.x-k8s.io/enable-recording=true ¶ 3. Create a ProfileRecording object containing a recorder: logs variable: ¶ apiVersion: security-profiles-operator.x-k8s.io/v1alpha1 kind: ProfileRecording ¶ name: test-recording kind: SeccompProfile recorder: logs podSelector: ¶ app: my-app ¶ 4. Create a workload to record: ¶ name: my-pod ¶ app: my-app ¶ type: RuntimeDefault ¶ name: nginx ports: containerPort: 8080 name: redis ¶ image: quay.io/security-profiles-operator/redis:6.2.1 ¶ 5. Confirm the pod is in a Running state by entering the following command: $ oc -n my-namespace get pods ¶ NAME READY STATUS RESTARTS AGE ¶ my-pod 2/2 Running 0 18s ¶ 6. Confirm the enricher indicates that it receives audit logs for those containers: $ oc -n openshift-security-profiles logs --since=1m --selector name=spod -c log-enricher ¶ I0523 14:19:08.747313 430694 enricher.go:445] log-enricher ""msg""=""audit"" ""container""=""redis"" ""executable""=""/usr/local/bin/redis-server"" ""namespace""=""my-namespace"" ""node""=""xiyuan-23-5g2q9-worker-eastus2-6rpgf"" ""pid""=656802 ""pod""=""my-pod"" ""syscallID""=0 ""syscallName""=""read"" ""timestamp""=""1684851548.745:207179"" ""type""=""seccomp"" ¶ 1. Remove the pod: $ oc -n my-namespace delete pod my-pod ¶ 2. Confirm the Security Profiles Operator reconciles the two seccomp profiles: $ oc get seccompprofiles -lspo.x-k8s.io/recording-id=test-recording ¶ Example output for seccompprofile ¶ NAME STATUS AGE ¶ test-recording-nginx Installed 2m48s ¶ test-recording-redis Installed 2m48s ¶ 7.6.3.1. Merging per-container profile instances By default, each container instance records into a separate profile. The Security Profiles Operator can merge the per-container profiles into a single profile. Merging profiles is useful when deploying applications using ReplicaSet or Deployment objects. ¶ 1. Edit a ProfileRecording object to include a mergeStrategy: containers variable: ¶ apiVersion: security-profiles-operator.x-k8s.io/v1alpha1 SeccompProfile CRD kind: ProfileRecording ¶ # The name of the Recording is the same as the resulting # after reconciliation. name: test-recording kind: SeccompProfile recorder: logs mergeStrategy: containers podSelector: ¶ app: sp-record ¶ 2. Label the namespace by running the following command: ¶ $ oc label ns my-namespace security.openshift.io/scc.podSecurityLabelSync=false pod- security.kubernetes.io/enforce=privileged pod-security.kubernetes.io/audit=privileged pod- security.kubernetes.io/warn=privileged --overwrite=true ¶ 3. Create the workload with the following YAML: ¶ apiVersion: apps/v1 kind: Deployment ¶ name: nginx-deploy replicas: 3 ¶ app: sp-record ¶ app: sp-record serviceAccountName: spo-record-sa name: nginx-record ports: containerPort: 8080 ¶ 4. To record the individual profiles, delete the deployment by running the following command: $ oc delete deployment nginx-deploy -n my-namespace ¶ 5. To merge the profiles, delete the profile recording by running the following command: $ oc delete profilerecording test-recording -n my-namespace ¶ 6. To start the merge operation and generate the results profile, run the following command: ¶ $ oc get seccompprofiles -lspo.x-k8s.io/recording-id=test-recording -n my-namespace ¶ Example output for seccompprofiles ¶ NAME STATUS AGE ¶ test-recording-nginx-record Installed 55s ¶ 7. To view the permissions used by any of the containers, run the following command: $ oc get seccompprofiles test-recording-nginx-record -o yaml","",""
"SECURITY PROFILES OPERATOR > MANAGING SECCOMP PROFILES","7.6.4","Additional resources","Managing security context constraints Managing SCCs in OpenShift Using the log enricher About security profiles","",""
"SECURITY PROFILES OPERATOR > MANAGING SELINUX PROFILES","7.7.1","Creating SELinux profiles","Use the SelinuxProfile object to create profiles. ¶ The SelinuxProfile object has several features that allow for better security hardening and readability: ¶ Restricts the profiles to inherit from to the current namespace or a system-wide profile. Because there are typically many profiles installed on the system, but only a subset should be used by cluster workloads, the inheritable system profiles are listed in the spod instance in spec.selinuxOptions.allowedSystemProfiles. ¶ Performs basic validation of the permissions, classes and labels. Adds a new keyword @self that describes the process using the policy. This allows reusing a policy between workloads and namespaces easily, as the usage of the policy is based on the name and namespace. Adds features for better security hardening and readability compared to writing a profile directly in the SELinux CIL language. ¶ 1. Create a project by running the following command: ¶ $ oc new-project nginx-deploy ¶ 2. Create a policy that can be used with a non-privileged workload by creating the following SelinuxProfile object: ¶ apiVersion: security-profiles-operator.x-k8s.io/v1alpha2 kind: SelinuxProfile ¶ name: nginx-secure ¶ allow: '@self': tcp_socket: listen http_cache_port_t: tcp_socket: name_bind node_t: tcp_socket: node_bind ¶ inherit: kind: System ¶ name: container ¶ 3. Wait for selinuxd to install the policy by running the following command: ¶ $ oc wait --for=condition=ready selinuxprofile nginx-secure ¶ selinuxprofile.security-profiles-operator.x-k8s.io/nginx-secure condition met ¶ The policies are placed into an emptyDir in the container owned by the Security Profiles Operator. The policies are saved in Common Intermediate Language (CIL) format in /etc/selinux.d/<name>_<namespace>.cil. ¶ 4. Access the pod by running the following command: ¶ $ oc -n openshift-security-profiles rsh -c selinuxd ds/spod ¶ 1. View the file contents with cat by running the following command: ¶ $ cat /etc/selinux.d/nginx-secure.cil ¶ (block nginx-secure (blockinherit container) (allow process nginx-secure.process ( tcp_socket ( listen ))) ¶ (allow process http_cache_port_t ( tcp_socket ( name_bind ))) (allow process node_t ( tcp_socket ( node_bind ))) ) ¶ 2. Verify that a policy has been installed by running the following command: ¶ $ semodule -l | grep nginx-secure ¶ nginx-secure","",""
"SECURITY PROFILES OPERATOR > MANAGING SELINUX PROFILES > Applying SELinux profiles to a pod","7.7.2.3","Replicating controllers and SecurityContextConstraints","When you deploy SELinux policies for replicating controllers, such as deployments or daemon sets, note that the Pod objects spawned by the controllers are not running with the identity of the user who creates the workload. Unless a ServiceAccount is selected, the pods might revert to using a restricted SecurityContextConstraints (SCC) which does not allow use of custom security policies. ¶ 1. Create a project by running the following command: ¶ $ oc new-project nginx-secure ¶ 2. Create the following RoleBinding object to allow SELinux policies to be used in the nginx- secure namespace: ¶ kind: RoleBinding apiVersion: rbac.authorization.k8s.io/v1 ¶ name: spo-nginx namespace: nginx-secure subjects: kind: ServiceAccount name: spo-deploy-test roleRef: kind: Role name: spo-nginx apiGroup: rbac.authorization.k8s.io ¶ 3. Create the Role object: ¶ apiVersion: rbac.authorization.k8s.io/v1 kind: Role ¶ creationTimestamp: null name: spo-nginx namespace: nginx-secure rules: apiGroups: security.openshift.io securitycontextconstraints resourceNames: privileged verbs: use ¶ 4. Create the ServiceAccount object: ¶ kind: ServiceAccount ¶ creationTimestamp: null name: spo-deploy-test namespace: nginx-secure ¶ 5. Create the Deployment object: ¶ apiVersion: apps/v1 kind: Deployment ¶ name: selinux-test namespace: nginx-secure ¶ app: selinux-test ¶ replicas: 3 app: selinux-test app: selinux-test serviceAccountName: spo-deploy-test seLinuxOptions: type: nginx-secure.process 1 name: nginx-unpriv ports: containerPort: 8080 ¶ 1 The .seLinuxOptions.type must exist before the Deployment is created. ¶ The SELinux type is not specified in the workload and is handled by the SCC. When the pods are created by the deployment and the ReplicaSet, the pods will run with the appropriate profile. ¶ Ensure that your SCC is usable by only the correct service account. Refer to Additional resources for more information.","",""
"SECURITY PROFILES OPERATOR > MANAGING SELINUX PROFILES > Recording profiles from workloads","7.7.3.1","Merging per-container profile instances","By default, each container instance records into a separate profile. The Security Profiles Operator can merge the per-container profiles into a single profile. Merging profiles is useful when deploying applications using ReplicaSet or Deployment objects. ¶ 1. Edit a ProfileRecording object to include a mergeStrategy: containers variable: ¶ apiVersion: security-profiles-operator.x-k8s.io/v1alpha1 SelinuxProfile CRD kind: ProfileRecording ¶ # The name of the Recording is the same as the resulting # after reconciliation. name: test-recording kind: SelinuxProfile recorder: logs mergeStrategy: containers podSelector: ¶ app: sp-record ¶ 2. Label the namespace by running the following command: ¶ $ oc label ns my-namespace security.openshift.io/scc.podSecurityLabelSync=false pod- security.kubernetes.io/enforce=privileged pod-security.kubernetes.io/audit=privileged pod- security.kubernetes.io/warn=privileged --overwrite=true ¶ 3. Create the workload with the following YAML: ¶ apiVersion: apps/v1 kind: Deployment ¶ name: nginx-deploy replicas: 3 ¶ app: sp-record ¶ app: sp-record serviceAccountName: spo-record-sa name: nginx-record ports: containerPort: 8080 ¶ 4. To record the individual profiles, delete the deployment by running the following command: $ oc delete deployment nginx-deploy -n my-namespace ¶ 5. To merge the profiles, delete the profile recording by running the following command: $ oc delete profilerecording test-recording -n my-namespace ¶ 6. To start the merge operation and generate the results profile, run the following command: $ oc get selinuxprofiles -lspo.x-k8s.io/recording-id=test-recording -n my-namespace ¶ Example output for selinuxprofiles ¶ NAME USAGE STATE ¶ test-recording-nginx-record test-recording-nginx-record.process Installed ¶ 7. To view the permissions used by any of the containers, run the following command: $ oc get selinuxprofiles test-recording-nginx-record -o yaml ¶ 7.7.3.2. About seLinuxContext: RunAsAny Recording of SELinux policies is implemented with a webhook that injects a special SELinux type to the pods being recorded. The SELinux type makes the pod run in permissive mode, logging all the AVC denials into audit.log. By default, a workload is not allowed to run with a custom SELinux policy, but uses an auto-generated type. ¶ To record a workload, the workload must use a service account that has permissions to use an SCC that allows the webhook to inject the permissive SELinux type. The privileged SCC contains seLinuxContext: RunAsAny. ¶ In addition, the namespace must be labeled with pod-security.kubernetes.io/enforce: privileged if your cluster enables the Pod Security Admission because only the privileged Pod Security Standard allows using a custom SELinux policy.","",""
"SECURITY PROFILES OPERATOR > MANAGING SELINUX PROFILES","7.7.4","Additional resources","Managing security context constraints ¶ Managing SCCs in OpenShift ¶ Using the log enricher ¶ About security profiles","",""
"SECURITY PROFILES OPERATOR > ADVANCED SECURITY PROFILES OPERATOR TASKS","7.8.1","Restrict the allowed syscalls in seccomp profiles","The Security Profiles Operator does not restrict syscalls in seccomp profiles by default. You can define the list of allowed syscalls in the spod configuration. ¶ To define the list of allowedSyscalls, adjust the spec parameter by running the following ¶ $ oc -n openshift-security-profiles patch spod spod --type merge \ p '{""spec"":{""allowedSyscalls"": [""exit"", ""exit_group"", ""futex"", ""nanosleep""]}}' ¶ The Operator will install only the seccomp profiles, which have a subset of syscalls defined into the allowed list. All profiles not complying with this ruleset are rejected. ¶ When the list of allowed syscalls is modified in the spod configuration, the Operator will identify the already installed profiles which are non-compliant and remove them automatically.","",""
"SECURITY PROFILES OPERATOR > ADVANCED SECURITY PROFILES OPERATOR TASKS","7.8.2","Base syscalls for a container runtime","You can use the baseProfileName attribute to establish the minimum required syscalls for a given runtime to start a container. ¶ Edit the SeccompProfile kind object and add baseProfileName: runc-v1.0.0 to the spec field: ¶ apiVersion: security-profiles-operator.x-k8s.io/v1beta1 kind: SeccompProfile ¶ name: example-name ¶ defaultAction: SCMP_ACT_ERRNO baseProfileName: runc-v1.0.0 syscalls: ¶ action: SCMP_ACT_ALLOW names: exit_group","",""
"SECURITY PROFILES OPERATOR > ADVANCED SECURITY PROFILES OPERATOR TASKS","7.8.3","Enabling memory optimization in the spod daemon","The controller running inside of spod daemon process watches all pods available in the cluster when profile recording is enabled. This can lead to very high memory usage in large clusters, resulting in the spod daemon running out of memory or crashing. ¶ To prevent crashes, the spod daemon can be configured to only load the pods labeled for profile recording into the cache memory. ¶ SPO memory optimization is not enabled by default. ¶ 1. Enable memory optimization by running the following command: ¶ $ oc -n openshift-security-profiles patch spod spod --type=merge -p '{""spec"": {""enableMemoryOptimization"":true}}' ¶ 2. To record a security profile for a pod, the pod must be labeled with spo.x-k8s.io/enable- recording: ""true"": ¶ name: my-recording-pod ¶ spo.x-k8s.io/enable-recording: ""true""","",""
"SECURITY PROFILES OPERATOR > ADVANCED SECURITY PROFILES OPERATOR TASKS","7.8.4","Customizing daemon resource requirements","The default resource requirements of the daemon container can be adjusted by using the field daemonResourceRequirements from the spod configuration. ¶ To specify the memory and cpu requests and limits of the daemon container, run the following ¶ $ oc -n openshift-security-profiles patch spod spod --type merge -p \ '{""spec"":{""daemonResourceRequirements"": { \ ""requests"": {""memory"": ""256Mi"", ""cpu"": ""250m""}, \ ""limits"": {""memory"": ""512Mi"", ""cpu"": ""500m""}}}}'","",""
"SECURITY PROFILES OPERATOR > ADVANCED SECURITY PROFILES OPERATOR TASKS","7.8.5","Setting a custom priority class name for the spod daemon pod","The default priority class name of the spod daemon pod is set to system-node-critical. A custom priority class name can be configured in the spod configuration by setting a value in the priorityClassName field. ¶ Configure the priority class name by running the following command: ¶ $ oc -n openshift-security-profiles patch spod spod --type=merge -p '{""spec"": {""priorityClassName"":""my-priority-class""}}' ¶ securityprofilesoperatordaemon.openshift-security-profiles.x-k8s.io/spod patched","",""
"SECURITY PROFILES OPERATOR > ADVANCED SECURITY PROFILES OPERATOR TASKS","7.8.6","Using metrics","The openshift-security-profiles namespace provides metrics endpoints, which are secured by the kube-rbac-proxy container. All metrics are exposed by the metrics service within the openshift- security-profiles namespace. ¶ The Security Profiles Operator includes a cluster role and corresponding binding spo-metrics-client to retrieve the metrics from within the cluster. There are two metrics paths available: ¶ metrics.openshift-security-profiles/metrics: for controller runtime metrics metrics.openshift-security-profiles/metrics-spod: for the Operator daemon metrics ¶ 1. To view the status of the metrics service, run the following command: $ oc get svc/metrics -n openshift-security-profiles ¶ NAME TYPE CLUSTER-IP EXTERNAL-IP PORT(S) AGE metrics ClusterIP 10.0.0.228 <none> 443/TCP 43s ¶ 2. To retrieve the metrics, query the service endpoint using the default ServiceAccount token in the openshift-security-profiles namespace by running the following command: ¶ $ oc run --rm -i --restart=Never --image=registry.fedoraproject.org/fedora-minimal:latest \ n openshift-security-profiles metrics-test -- bash -c \ 'curl -ks -H ""Authorization: Bearer $(cat ¶ /var/run/secrets/kubernetes.io/serviceaccount/token)"" https://metrics.openshift-security- profiles/metrics-spod' ¶ # HELP security_profiles_operator_seccomp_profile_total Counter about seccomp profile operations. # TYPE security_profiles_operator_seccomp_profile_total counter security_profiles_operator_seccomp_profile_total{operation=""delete""} 1 security_profiles_operator_seccomp_profile_total{operation=""update""} 2 ¶ 3. To retrieve metrics from a different namespace, link the ServiceAccount to the spo-metrics- client ClusterRoleBinding by running the following command: ¶ $ oc get clusterrolebinding spo-metrics-client -o wide ¶ NAME ROLE AGE USERS GROUPS SERVICEACCOUNTS ¶ spo-metrics-client ClusterRole/spo-metrics-client 35m openshift-security- ¶ profiles/default ¶ 7.8.6.1. controller-runtime metrics ¶ The controller-runtime metrics and the DaemonSet endpoint metrics-spod provide a set of default metrics. Additional metrics are provided by the daemon, which are always prefixed with security_profiles_operator_. ¶ Metric key Possible labels Type Purpose Counter Amount of seccomp seccomp_profile_tot operation= profile operations. al {delete,update} Counter Amount of seccomp profile audit operations. seccomp_profile_au node, namespace, Requires the log dit_total pod, container, enricher to be enabled. executable, syscall Amount of seccomp profile bpf operations. seccomp_profile_bp node, Counter Requires the bpf f_total mount_namespace, recorder to be enabled. profile Amount of seccomp profile errors. seccomp_profile_err reason={ Counter or_total SeccompNotSupport Amount of SELinux edOnNode, profile operations. InvalidSeccompProfi Amount of SELinux le, profile audit operations. CannotSaveSeccom Requires the log pProfile, enricher to be enabled. CannotRemoveSecc ompProfile, CannotUpdateSecco mpProfile, CannotUpdateNodeS tatus ¶ selinux_profile_total operation= Counter {delete,update} ¶ selinux_profile_audit node, namespace, Counter _total pod, container, executable, scontext,tcontext ¶ Metric key Possible labels Type Purpose ¶ selinux_profile_error reason={ Counter Amount of SELinux _total CannotSaveSelinuxP profile errors. olicy, CannotUpdatePolicy Status, CannotRemoveSelin uxPolicy, CannotContactSelin uxd, CannotWritePolicyFil e, CannotGetPolicyStat us","",""
"SECURITY PROFILES OPERATOR > ADVANCED SECURITY PROFILES OPERATOR TASKS > Using the log enricher","7.8.7.1","Using the log enricher to trace an application","You can use the Security Profiles Operator log enricher to trace an application. ¶ 1. To trace an application, create a SeccompProfile logging profile: ¶ apiVersion: security-profiles-operator.x-k8s.io/v1beta1 kind: SeccompProfile ¶ name: log ¶ defaultAction: SCMP_ACT_LOG ¶ 2. Create a pod object to use the profile: ¶ name: log-pod namespace: default ¶ type: Localhost localhostProfile: operator/log.json name: log-container ¶ 3. Examine the log enricher output by running the following command: ¶ $ oc -n openshift-security-profiles logs -f ds/spod log-enricher ¶ Example 7.1. Example output ¶ I0623 12:59:11.479869 1854764 enricher.go:111] log-enricher ""msg""=""audit"" ""container""=""log-container"" ""executable""=""/"" ""namespace""=""default"" ""node""=""127.0.0.1"" ""pid""=1905792 ""pod""=""log-pod"" ""syscallID""=3 ""syscallName""=""close"" ""timestamp""=""1624453150.205:1061"" ""type""=""seccomp"" I0623 12:59:11.487323 1854764 enricher.go:111] log-enricher ""msg""=""audit"" ""container""=""log-container"" ""executable""=""/"" ""namespace""=""default"" ""node""=""127.0.0.1"" ""pid""=1905792 ""pod""=""log-pod"" ""syscallID""=157 ""syscallName""=""prctl"" ""timestamp""=""1624453150.205:1062"" ""type""=""seccomp"" I0623 12:59:11.492157 1854764 enricher.go:111] log-enricher ""msg""=""audit"" ""container""=""log-container"" ""executable""=""/"" ""namespace""=""default"" ""node""=""127.0.0.1"" ""pid""=1905792 ""pod""=""log-pod"" ""syscallID""=157 ""syscallName""=""prctl"" ""timestamp""=""1624453150.205:1063"" ""type""=""seccomp"" I0623 12:59:20.258523 1854764 enricher.go:111] log-enricher ""msg""=""audit"" ""container""=""log-container"" ""executable""=""/usr/sbin/nginx"" ""namespace""=""default"" ""node""=""127.0.0.1"" ""pid""=1905792 ""pod""=""log-pod"" ""syscallID""=12 ""syscallName""=""brk"" ""timestamp""=""1624453150.235:2873"" ""type""=""seccomp"" I0623 12:59:20.263349 1854764 enricher.go:111] log-enricher ""msg""=""audit"" ""container""=""log-container"" ""executable""=""/usr/sbin/nginx"" ""namespace""=""default"" ""node""=""127.0.0.1"" ""pid""=1905792 ""pod""=""log-pod"" ""syscallID""=21 ""syscallName""=""access"" ""timestamp""=""1624453150.235:2874"" ""type""=""seccomp"" I0623 12:59:20.354091 1854764 enricher.go:111] log-enricher ""msg""=""audit"" ""container""=""log-container"" ""executable""=""/usr/sbin/nginx"" ""namespace""=""default"" ""node""=""127.0.0.1"" ""pid""=1905792 ""pod""=""log-pod"" ""syscallID""=257 ""syscallName""=""openat"" ""timestamp""=""1624453150.235:2875"" ""type""=""seccomp"" I0623 12:59:20.358844 1854764 enricher.go:111] log-enricher ""msg""=""audit"" ""container""=""log-container"" ""executable""=""/usr/sbin/nginx"" ""namespace""=""default"" ""node""=""127.0.0.1"" ""pid""=1905792 ""pod""=""log-pod"" ""syscallID""=5 ""syscallName""=""fstat"" ""timestamp""=""1624453150.235:2876"" ""type""=""seccomp"" I0623 12:59:20.363510 1854764 enricher.go:111] log-enricher ""msg""=""audit"" ""container""=""log-container"" ""executable""=""/usr/sbin/nginx"" ""namespace""=""default"" ""node""=""127.0.0.1"" ""pid""=1905792 ""pod""=""log-pod"" ""syscallID""=9 ""syscallName""=""mmap"" ""timestamp""=""1624453150.235:2877"" ""type""=""seccomp"" I0623 12:59:20.454127 1854764 enricher.go:111] log-enricher ""msg""=""audit"" ""container""=""log-container"" ""executable""=""/usr/sbin/nginx"" ""namespace""=""default"" ""node""=""127.0.0.1"" ""pid""=1905792 ""pod""=""log-pod"" ""syscallID""=3 ""syscallName""=""close"" ""timestamp""=""1624453150.235:2878"" ""type""=""seccomp"" I0623 12:59:20.458654 1854764 enricher.go:111] log-enricher ""msg""=""audit"" ""container""=""log-container"" ""executable""=""/usr/sbin/nginx"" ""namespace""=""default"" ""node""=""127.0.0.1"" ""pid""=1905792 ""pod""=""log-pod"" ""syscallID""=257 ""syscallName""=""openat"" ""timestamp""=""1624453150.235:2879"" ""type""=""seccomp""","",""
"SECURITY PROFILES OPERATOR > ADVANCED SECURITY PROFILES OPERATOR TASKS","7.8.8","Configuring webhooks","Profile binding and profile recording objects can use webhooks. Profile binding and recording object configurations are MutatingWebhookConfiguration CRs, managed by the Security Profiles Operator. ¶ To change the webhook configuration, the spod CR exposes a webhookOptions field that allows modification of the failurePolicy, namespaceSelector, and objectSelector variables. This allows you to set the webhooks to ""soft-fail"" or restrict them to a subset of a namespaces so that even if the webhooks failed, other namespaces or resources are not affected. ¶ 1. Set the recording.spo.io webhook configuration to record only pods labeled with spo- record=true by creating the following patch file: ¶ webhookOptions: name: recording.spo.io objectSelector: matchExpressions: key: spo-record operator: In values: ""true"" ¶ 2. Patch the spod/spod instance by running the following command: ¶ $ oc -n openshift-security-profiles patch spod \ spod -p $(cat /tmp/spod-wh.patch) --type=merge ¶ 3. To view the resulting MutatingWebhookConfiguration object, run the following command: ¶ $ oc get MutatingWebhookConfiguration \ spo-mutating-webhook-configuration -oyaml","",""
"SECURITY PROFILES OPERATOR > TROUBLESHOOTING THE SECURITY PROFILES OPERATOR","7.9.1","Inspecting seccomp profiles","Corrupted seccomp profiles can disrupt your workloads. Ensure that the user cannot abuse the system by not allowing other workloads to map any part of the path /var/lib/kubelet/seccomp/operator. ¶ 1. Confirm that the profile is reconciled by running the following command: ¶ $ oc -n openshift-security-profiles logs openshift-security-profiles-<id> ¶ Example 7.2. Example output ¶ I1019 19:34:14.942464 1 main.go:90] setup ""msg""=""starting openshift-security- profiles"" ""buildDate""=""2020-10-19T19:31:24Z"" ""compiler""=""gc"" ""gitCommit""=""a3ef0e1ea6405092268c18f240b62015c247dd9d"" ""gitTreeState""=""dirty"" ""goVersion""=""go1.15.1"" ""platform""=""linux/amd64"" ""version""=""0.2.0-dev"" I1019 19:34:15.348389 1 listener.go:44] controller-runtime/metrics ""msg""=""metrics server is starting to listen"" ""addr""="":8080"" I1019 19:34:15.349076 1 main.go:126] setup ""msg""=""starting manager"" I1019 19:34:15.349449 1 internal.go:391] controller-runtime/manager ""msg""=""starting metrics server"" ""path""=""/metrics"" I1019 19:34:15.350201 1 controller.go:142] controller ""msg""=""Starting EventSource"" ""controller""=""profile"" ""reconcilerGroup""=""security-profiles-operator.x-k8s.io"" ""reconcilerKind""=""SeccompProfile"" ""source""={""Type"":{""metadata"": ¶ {""creationTimestamp"":null},""spec"":{""defaultAction"":""""}}} I1019 19:34:15.450674 1 controller.go:149] controller ""msg""=""Starting Controller"" ""controller""=""profile"" ""reconcilerGroup""=""security-profiles-operator.x-k8s.io"" ""reconcilerKind""=""SeccompProfile"" I1019 19:34:15.450757 1 controller.go:176] controller ""msg""=""Starting workers"" ""controller""=""profile"" ""reconcilerGroup""=""security-profiles-operator.x-k8s.io"" ""reconcilerKind""=""SeccompProfile"" ""worker count""=1 I1019 19:34:15.453102 1 profile.go:148] profile ""msg""=""Reconciled profile from SeccompProfile"" ""namespace""=""openshift-security-profiles"" ""profile""=""nginx-1.19.1"" ""name""=""nginx-1.19.1"" ""resource version""=""728"" I1019 19:34:15.453618 1 profile.go:148] profile ""msg""=""Reconciled profile from SeccompProfile"" ""namespace""=""openshift-security-profiles"" ""profile""=""openshift-security- profiles"" ""name""=""openshift-security-profiles"" ""resource version""=""729"" ¶ 2. Confirm that the seccomp profiles are saved into the correct path by running the following ¶ $ oc exec -t -n openshift-security-profiles openshift-security-profiles-<id> \ - ls /var/lib/kubelet/seccomp/operator/my-namespace/my-workload ¶ profile-block.json profile-complain.json","",""
"SECURITY PROFILES OPERATOR > UNINSTALLING THE SECURITY PROFILES OPERATOR","7.10.1","Uninstall the Security Profiles Operator using the web console","To remove the Security Profiles Operator, you must first delete the seccomp and SELinux profiles. After the profiles are removed, you can then remove the Operator and its namespace by deleting the openshift-security-profiles project. ¶ You have access to the web console as a user with cluster-admin privileges. ¶ The Security Profiles Operator is installed. ¶ To remove the Security Profiles Operator by using the OpenShift Container Platform web console: ¶ 1. Navigate to the Operators Installed Operators page. ¶ 2. Delete all seccomp profiles, SELinux profiles, and webhook configurations. ¶ 3. Switch to the Administration Operators Installed Operators page. ¶ 4. Click the Options menu on the Security Profiles Operator entry and select Uninstall ¶ 5. Switch to the Home Projects page. ¶ 6. Search for security profiles. ¶ 7. Click the Options menu next to the openshift-security-profiles project, and select Delete Project. ¶ a. Confirm the deletion by typing openshift-security-profiles in the dialog box, and click Delete. ¶ 8. Delete the MutatingWebhookConfiguration object by running the following command: ¶ $ oc delete MutatingWebhookConfiguration spo-mutating-webhook-configuration","",""
"NBDE TANG SERVER OPERATOR","8.1","NBDE TANG SERVER OPERATOR OVERVIEW","Network-bound Disk Encryption (NBDE) provides an automated unlocking of LUKS-encrypted volumes using one or more dedicated network-binding servers. The client side of NBDE is called the Clevis decryption policy framework and the server side is represented by Tang. ¶ The NBDE Tang Server Operator allows the automation of deployments of one or several Tang servers in the OpenShift Container Platform (OCP) environment.","",""
"NBDE TANG SERVER OPERATOR","8.2","NBDE TANG SERVER OPERATOR RELEASE NOTES","The following release notes track the development of the NBDE Tang Server Operator in OpenShift Container Platform. ¶ RHEA-2023:7491 The NBDE Tang Server Operator 1.0 has been released in the Red Hat OpenShift Enterprise 4 catalog. ¶ RHEA-2024:0854 The NBDE Tang Server Operator 1.0.1 has been moved from the alpha channel to the stable channel. ¶ RHBA-2024:8681 The 1.0.2 update contains fixes that increase the Container Health Index of containers deployed with the NBDE Tang Server Operator to the highest grade. ¶ RHEA-2024:10970 The 1.0.3 update contains changes that re-increase the Container Health Index to the highest grade. ¶ RHBA-2025:0663 The NBDE Tang Server Operator 1.1 includes the golang package version 1.23.2 and the golang.org/x/net/html package version 0.33.0. The updates improve the Container Health Index. ¶ RHBA-2025:4453 The 1.1.1 update provides a fix for CVE-2025-22866.","",""
"NBDE TANG SERVER OPERATOR > UNDERSTANDING THE NBDE TANG SERVER OPERATOR","8.3.1","Additional resources","Tang-Operator: Providing NBDE in OpenShift Tang Server Operator Configuring automated unlocking of encrypted volumes using policy-based decryption","",""
"NBDE TANG SERVER OPERATOR > INSTALLING THE NBDE TANG SERVER OPERATOR","8.4.1","Installing the NBDE Tang Server Operator using the web console","You can install the NBDE Tang Server Operator from the OperatorHub using the web console. ¶ You must have cluster-admin privileges on an OpenShift Container Platform cluster. ¶ 1. In the OpenShift Container Platform web console, navigate to Operators OperatorHub. ¶ 2. Search for the NBDE Tang Server Operator: ¶ 3. Click Install. ¶ 4. On the Operator Installation screen, keep the Update channel, Version, Installation mode, ¶ Installed Namespace, and Update approval fields on the default values. ¶ 5. After you confirm the installation options by clicking Install, the console displays the installation ¶ 5. After you confirm the installation options by clicking Install, the console displays the installation confirmation. ¶ 1. Navigate to the Operators Installed Operators page. ¶ 2. Check that the NBDE Tang Server Operator is installed and its status is Succeeded.","",""
"NBDE TANG SERVER OPERATOR > INSTALLING THE NBDE TANG SERVER OPERATOR","8.4.2","Installing the NBDE Tang Server Operator using CLI","You can install the NBDE Tang Server Operator from the OperatorHub using the CLI. ¶ You must have cluster-admin privileges on an OpenShift Container Platform cluster. You have installed the OpenShift CLI (oc). ¶ 1. Use the following command to list available Operators on OperatorHub, and limit the output to Tang-related results: ¶ $ oc get packagemanifests -n openshift-marketplace | grep tang ¶ Example output Red Hat tang-operator ¶ In this case, the corresponding packagemanifest name is tang-operator. ¶ 2. Create a Subscription object YAML file to subscribe a namespace to the NBDE Tang Server Operator, for example, tang-operator.yaml: ¶ Example subscription YAML for tang-operator ¶ name: tang-operator namespace: openshift-operators channel: stable 1 name: tang-operator 2 source: redhat-operators 3 sourceNamespace: openshift-marketplace 4 ¶ 1 Specify the channel name from where you want to subscribe the Operator. ¶ 2 Specify the name of the Operator to subscribe to. ¶ 3 Specify the name of the CatalogSource that provides the Operator. ¶ 4 The namespace of the CatalogSource. Use openshift-marketplace for the default OperatorHub CatalogSources. ¶ 3. Apply the Subscription to the cluster: $ oc apply -f tang-operator.yaml ¶ Check that the NBDE Tang Server Operator controller runs in the openshift-operators namespace: ¶ $ oc -n openshift-operators get pods ¶ NAME READY STATUS RESTARTS AGE ¶ tang-operator-controller-manager-694b754bd6-4zk7x 2/2 Running 0 12s ¶ 8.5. CONFIGURING AND MANAGING TANG SERVERS USING THE NBDE TANG SERVER OPERATOR ¶ With the NBDE Tang Server Operator, you can deploy and quickly configure Tang servers. On the deployed Tang servers, you can list existing keys and rotate them.","",""
"NBDE TANG SERVER OPERATOR > INSTALLING THE NBDE TANG SERVER OPERATOR","8.5.1","Deploying a Tang server using the NBDE Tang Server Operator","You can deploy and quickly configure one or more Tang servers using the NBDE Tang Server Operator in the web console. You must have cluster-admin privileges on an OpenShift Container Platform cluster. You have installed the NBDE Tang Server Operator on your OCP cluster. ¶ 1. In the OpenShift Container Platform web console, navigate to Operators OperatorHub. ¶ 2. Select Project, and click Create Project: ¶ 3. On the Create Project page, fill in the required information, for example: ¶ 4. Click Create. ¶ 5. NBDE Tang Server replicas require a Persistent Volume Claim (PVC) for storing encryption ¶ keys. In the web console, navigate to Storage PersistentVolumeClaims: ¶ 6. On the following PersistentVolumeClaims screen, click Create PersistentVolumeClaim. ¶ 7. On the Create PersistentVolumeClaim page, select a storage that fits your deployment scenario. Consider how often you want to rotate the encryption keys. Name your PVC and choose the claimed storage capacity, for example: ¶ 8. Navigate to Operators Installed Operators, and click NBDE Tang Server. ¶ 9. Click Create instance. ¶ 10. On the Create TangServer page, choose the name of the Tang Server instance, amount of replicas, and specify the name of the previously created Persistent Volume Claim, for example: ¶ 11. After you enter the required values a change settings that differ from the default values in your scenario, click Create.","",""
"NBDE TANG SERVER OPERATOR > INSTALLING THE NBDE TANG SERVER OPERATOR","8.5.2","Rotating keys using the NBDE Tang Server Operator","With the NBDE Tang Server Operator, you also can rotate your Tang server keys. The precise interval at which you should rotate them depends on your application, key sizes, and institutional policy. ¶ You must have cluster-admin privileges on an OpenShift Container Platform cluster. ¶ You deployed a Tang server using the NBDE Tang Server Operator on your OpenShift cluster. ¶ You have installed the OpenShift CLI (oc). ¶ 1. List the existing keys on your Tang server, for example: ¶ $ oc -n nbde describe tangserver ¶ Status: ¶ Active Keys: File Name: QS82aXnPKA4XpfHr3umbA0r2iTbRcpWQ0VI2Qdhi6xg Generated: 2022-02-08 15:44:17.030090484 +0000 sha1: PvYQKtrTuYsMV2AomUeHrUWkCGg sha256: QS82aXnPKA4XpfHr3umbA0r2iTbRcpWQ0VI2Qdhi6xg ¶ 2. Create a YAML file for moving your active keys to hidden keys, for example, minimal- keyretrieve-rotate-tangserver.yaml: ¶ Example key-rotation YAML for tang-operator ¶ apiVersion: daemons.redhat.com/v1alpha1 kind: TangServer ¶ name: tangserver namespace: nbde finalizers: ¶ finalizer.daemons.tangserver.redhat.com ¶ replicas: 1 hiddenKeys: ¶ sha1: ""PvYQKtrTuYsMV2AomUeHrUWkCGg"" 1 ¶ 1 Specify the SHA-1 thumbprint of your active key to rotate it. ¶ 3. Apply the YAML file: ¶ $ oc apply -f minimal-keyretrieve-rotate-tangserver.yaml ¶ 1. After a certain amount of time depending on your configuration, check that the previous activeKey value is the new hiddenKey value and the activeKey key file is newly generated, for example: ¶ $ oc -n nbde describe tangserver ¶ Hidden Keys: ¶ sha1: PvYQKtrTuYsMV2AomUeHrUWkCGg ¶ Replicas: 1 ¶ Status: ¶ Active Keys: ¶ File Name: T-0wx1HusMeWx4WMOk4eK97Q5u4dY5tamdDs7_ughnY.jwk ¶ Generated: 2023-10-25 15:38:18.134939752 +0000 ¶ sha1: vVxkNCNq7gygeeA9zrHrbc3_NZ4 ¶ sha256: T-0wx1HusMeWx4WMOk4eK97Q5u4dY5tamdDs7_ughnY ¶ Hidden Keys: ¶ File Name: .QS82aXnPKA4XpfHr3umbA0r2iTbRcpWQ0VI2Qdhi6xg.jwk ¶ Generated: 2023-10-25 15:37:29.126928965 +0000 ¶ Hidden: 2023-10-25 15:38:13.515467436 +0000 ¶ sha1: PvYQKtrTuYsMV2AomUeHrUWkCGg ¶ sha256: QS82aXnPKA4XpfHr3umbA0r2iTbRcpWQ0VI2Qdhi6xg","",""
"NBDE TANG SERVER OPERATOR > INSTALLING THE NBDE TANG SERVER OPERATOR","8.5.3","Deleting hidden keys with the NBDE Tang Server Operator","After you rotate your Tang server keys, the previously active keys become hidden and are no longer advertised by the Tang instance. You can use the NBDE Tang Server Operator to remove encryption keys no longer used. ¶ Do not remove any hidden keys unless you are sure that all bound Clevis clients already use new keys. ¶ You must have cluster-admin privileges on an OpenShift Container Platform cluster. You deployed a Tang server using the NBDE Tang Server Operator on your OpenShift cluster. You have installed the OpenShift CLI (oc). ¶ 1. List the existing keys on your Tang server, for example: $ oc -n nbde describe tangserver ¶ Status: ¶ Active Keys: File Name: PvYQKtrTuYsMV2AomUeHrUWkCGg.jwk Generated: 2022-02-08 15:44:17.030090484 +0000 sha1: PvYQKtrTuYsMV2AomUeHrUWkCGg sha256: QS82aXnPKA4XpfHr3umbA0r2iTbRcpWQ0VI2Qdhi6xg ¶ 2. Create a YAML file for removing all hidden keys, for example, hidden-keys-deletion- tangserver.yaml: ¶ Example hidden-keys-deletion YAML for tang-operator ¶ apiVersion: daemons.redhat.com/v1alpha1 kind: TangServer ¶ name: tangserver namespace: nbde finalizers: ¶ finalizer.daemons.tangserver.redhat.com ¶ replicas: 1 hiddenKeys: [] 1 ¶ 1 The empty array as the value of the hiddenKeys entry indicates you want to preserve no hidden keys on your Tang server. ¶ 3. Apply the YAML file: ¶ $ oc apply -f hidden-keys-deletion-tangserver.yaml ¶ 1. After a certain amount of time depending on your configuration, check that the previous active key still exists, but no hidden key is available, for example: ¶ $ oc -n nbde describe tangserver ¶ Hidden Keys: sha1: PvYQKtrTuYsMV2AomUeHrUWkCGg ¶ Replicas: 1 Status: ¶ Active Keys: File Name: T-0wx1HusMeWx4WMOk4eK97Q5u4dY5tamdDs7_ughnY.jwk Generated: 2023-10-25 15:38:18.134939752 +0000 sha1: vVxkNCNq7gygeeA9zrHrbc3_NZ4 sha256: T-0wx1HusMeWx4WMOk4eK97Q5u4dY5tamdDs7_ughnY ¶ Status: ¶ Ready: 1 ¶ Running: 1 ¶ Service External URL: http://35.222.247.84:7500/adv ¶ Tang Server Error: No ¶ Events: ¶ 8.6. IDENTIFYING URL OF A TANG SERVER DEPLOYED WITH THE NBDE TANG SERVER OPERATOR ¶ Before you can configure your Clevis clients to use encryption keys advertised by your Tang servers, you must identify the URLs of the servers.","",""
"NBDE TANG SERVER OPERATOR > INSTALLING THE NBDE TANG SERVER OPERATOR","8.6.1","Identifying URL of the NBDE Tang Server Operator using the web console","You can identify the URLs of Tang servers deployed with the NBDE Tang Server Operator from the OperatorHub by using the OpenShift Container Platform web console. After you identify the URLs, you use the clevis luks bind command on your clients containing LUKS-encrypted volumes that you want to unlock automatically by using keys advertised by the Tang servers. See the Configuring manual enrollment of LUKS-encrypted volumes section in the RHEL 9 Security hardening document for detailed steps describing the configuration of clients with Clevis. ¶ You must have cluster-admin privileges on an OpenShift Container Platform cluster. ¶ You deployed a Tang server by using the NBDE Tang Server Operator on your OpenShift cluster. ¶ 1. In the OpenShift Container Platform web console, navigate to Operators Installed Operators Tang Server. ¶ 2. On the NBDE Tang Server Operator details page, select Tang Server. ¶ 3. The list of Tang servers deployed and available for your cluster appears. Click the name of the Tang server you want to bind with a Clevis client. ¶ 4. The web console displays an overview of the selected Tang server. You can find the URL of your Tang server in the Tang Server External Url section of the screen: ¶ In this example, the URL of the Tang server is http://34.28.173.205:7500. ¶ You can check that the Tang server is advertising by using curl, wget, or similar tools, for example: ¶ $ curl 2> /dev/null http://34.28.173.205:7500/adv | jq ¶ ""payload"": ""eyJrZXlzIj...eSJdfV19"", ""protected"": ""eyJhbGciOiJFUzUxMiIsImN0eSI6Imp3ay1zZXQranNvbiJ9"", ""signature"": ""AUB0qSFx0FJLeTU...aV_GYWlDx50vCXKNyMMCRx""","",""
"NBDE TANG SERVER OPERATOR > INSTALLING THE NBDE TANG SERVER OPERATOR","8.6.2","Identifying URL of the NBDE Tang Server Operator using CLI","You can identify the URLs of Tang servers deployed with the NBDE Tang Server Operator from the OperatorHub by using the CLI. After you identify the URLs, you use the clevis luks bind command on your clients containing LUKS-encrypted volumes that you want to unlock automatically by using keys ¶ advertised by the Tang servers. See the Configuring manual enrollment of LUKS-encrypted volumes section in the RHEL 9 Security hardening document for detailed steps describing the configuration of clients with Clevis. ¶ You must have cluster-admin privileges on an OpenShift Container Platform cluster. ¶ You have installed the OpenShift CLI (oc). ¶ You deployed a Tang server by using the NBDE Tang Server Operator on your OpenShift cluster. ¶ 1. List details about your Tang server, for example: $ oc -n nbde describe tangserver ¶ Status: ¶ Ready: 1 ¶ Running: 1 ¶ Service External URL: http://34.28.173.205:7500/adv ¶ Tang Server Error: No ¶ Events: ¶ 2. Use the value of the Service External URL: item without the /adv part. In this example, the URL of the Tang server is http://34.28.173.205:7500. ¶ You can check that the Tang server is advertising by using curl, wget, or similar tools, for example: ¶ $ curl 2> /dev/null http://34.28.173.205:7500/adv | jq ¶ ""payload"": ""eyJrZXlzIj...eSJdfV19"", ""protected"": ""eyJhbGciOiJFUzUxMiIsImN0eSI6Imp3ay1zZXQranNvbiJ9"", ""signature"": ""AUB0qSFx0FJLeTU...aV_GYWlDx50vCXKNyMMCRx""","",""
"NBDE TANG SERVER OPERATOR > INSTALLING THE NBDE TANG SERVER OPERATOR","8.6.3","Additional resources","Configuring manual enrollment of LUKS-encrypted volumes","",""
"CERT-MANAGER OPERATOR FOR RED HAT OPENSHIFT","9.1.1","About the cert-manager Operator for Red Hat OpenShift","The cert-manager project introduces certificate authorities and certificates as resource types in the Kubernetes API, which makes it possible to provide certificates on-demand to developers working within your cluster. The cert-manager Operator for Red Hat OpenShift provides a supported way to integrate cert-manager into your OpenShift Container Platform cluster. ¶ The cert-manager Operator for Red Hat OpenShift provides the following features: ¶ Support for integrating with external certificate authorities ¶ Tools to manage certificates ¶ Ability for developers to self-serve certificates ¶ Automatic certificate renewal ¶ Do not attempt to use both cert-manager Operator for Red Hat OpenShift for OpenShift Container Platform and the community cert-manager Operator at the same time in your cluster. ¶ Also, you should not install cert-manager Operator for Red Hat OpenShift for OpenShift Container Platform in multiple namespaces within a single OpenShift cluster. ¶ 9.1.2. cert-manager Operator for Red Hat OpenShift issuer providers ¶ To configure certificate authorities for your cluster, review the issuer providers offered with the cert- manager Operator for Red Hat OpenShift. You can use the following issuer types to automate certificate validation and issuance: ¶ Automated Certificate Management Environment (ACME) ¶ Certificate Authority (CA) ¶ Self-signed ¶ Vault ¶ Venafi ¶ Nokia NetGuard Certificate Manager (NCM) ¶ Google cloud Certificate Authority Service (Google CAS) ¶ OpenShift Container Platform does not test all factors associated with third-party cert- manager Operator for Red Hat OpenShift provider functionality. For more information about third-party support, see the OpenShift Container Platform third-party support policy.","",""
"CERT-MANAGER OPERATOR FOR RED HAT OPENSHIFT","9.1.3","Certificate request methods","To obtain certificates for your workloads, choose a request method supported by the cert-manager Operator for Red Hat OpenShift. You can select the approach that fits your operational requirements and automation workflow. ¶ There are two ways to request a certificate using the cert-manager Operator for Red Hat OpenShift: ¶ Using the cert-manager.io/CertificateRequest object With this method a service developer creates a CertificateRequest object with a valid issuerRef pointing to a configured issuer (configured by a service infrastructure administrator). A service infrastructure administrator then accepts or denies the certificate request. Only accepted certificate requests create a corresponding certificate. ¶ Using the cert-manager.io/Certificate object With this method, a service developer creates a Certificate object with a valid issuerRef and obtains a certificate from a secret that they pointed to the Certificate object.","",""
"CERT-MANAGER OPERATOR FOR RED HAT OPENSHIFT","9.1.4","Supported cert-manager Operator for Red Hat OpenShift versions","To maintain a supported configuration, review the compatibility of the cert-manager Operator for Red Hat OpenShift with different OpenShift Container Platform releases. To find the list of supported versions of the cert-manager Operator for Red Hat OpenShift across different OpenShift Container Platform releases, see the ""Platform Agnostic Operators"" section in ""OpenShift Container Platform update and support policy"".","",""
"CERT-MANAGER OPERATOR FOR RED HAT OPENSHIFT","9.1.5","About FIPS compliance for cert-manager Operator for Red Hat OpenShift","Starting with version 1.14.0, cert-manager Operator for Red Hat OpenShift is designed for FIPS compliance. When running on OpenShift Container Platform in FIPS mode, it uses the RHEL cryptographic libraries submitted to NIST for FIPS validation on the x86_64, ppc64le, and s390X architectures. For more information about the NIST validation program, see ""Cryptographic module validation program"". For the latest NIST status for the individual versions of the RHEL cryptographic libraries submitted for validation, see ""Compliance activities and government standards"". ¶ To enable FIPS mode, you must install cert-manager Operator for Red Hat OpenShift on an OpenShift Container Platform cluster configured to operate in FIPS mode. For more information, see ""Do you need extra security for your cluster?""","",""
"CERT-MANAGER OPERATOR FOR RED HAT OPENSHIFT > Additional resources","9.2.1.1","New features and enhancements","TLS adherence for cert-manager operands is a Technology Preview feature only. Technology Preview features are not supported with Red Hat production service level agreements (SLAs) and might not be functionally complete. Red Hat does not recommend using them in production. These features provide early access to upcoming product features, enabling customers to test functionality and provide feedback during the development process. ¶ TrustManager Technology Preview no longer requires a cluster preview FeatureSet With this release, the cert-manager Operator for Red Hat OpenShift no longer requires the featuregates.config.openshift.io/cluster object to use a preview FeatureSet, such as TechPreviewNoUpgrade, in order to enable the TrustManager Technology Preview operand. Previously, enabling TrustManager required both of the following conditions to be met: ¶ The cluster FeatureSet must be set to a preview value, such as TechPreviewNoUpgrade, DevPreviewNoUpgrade, or CustomNoUpgrade. ¶ The Operator subscription must opt in to TrustManager by setting UNSUPPORTED_ADDON_FEATURES=TrustManager=true. Customers running clusters with the Default FeatureSet were unable to evaluate TrustManager without first switching the cluster to a preview FeatureSet, which is a disruptive, cluster-wide change that prevents upgrades. ¶ With this update, the cluster FeatureSet requirement is removed. Enabling TrustManager now requires only that the Operator subscription includes UNSUPPORTED_ADDON_FEATURES=TrustManager=true. TrustManager remains a Technology Preview feature and is disabled by default. ¶ For more information, see Enabling the TrustManager Operand. ¶ New performance-tuning override arguments for the cert-manager controller With this release, the cert-manager Operator for Red Hat OpenShift supports configuring performance-tuning parameters for the cert-manager controller by using the overrideArgs field of the CertManager custom resource (CR). Previously, users had to rely on spec.unsupportedConfigOverrides to tune these settings. You can now set the following arguments under spec.controllerConfig.overrideArgs: ¶ -concurrent-workers: The number of concurrent workers for each controller. The default value is 5. ¶ -kube-api-qps: The maximum number of queries per second sent to the Kubernetes API server. The default value is 20. ¶ -kube-api-burst: The maximum burst of queries per second sent to the Kubernetes API server. Must be greater than or equal to --kube-api-qps. The default value is 50. ¶ -max-concurrent-challenges: The maximum number of ACME challenges that can be scheduled as processing at the same time. The default value is 60. The Operator validates that --kube-api-burst is greater than or equal to --kube-api-qps when both values are set. If this constraint is not met, the Operator sets the Degraded condition on the CertManager CR and does not apply the invalid configuration to the controller deployment. ¶ For more information, see Overridable arguments for the cert-manager components . ¶ Cluster TLS security profile applied to cert-manager operands With this release, the cert-manager Operator for Red Hat OpenShift can read the cluster TLS security profile from the apiserver.config.openshift.io/cluster object and automatically apply the corresponding TLS configuration to the cert-manager controller, webhook, and CA injector deployments. Previously, the TLS configuration for cert-manager operands was not tied to the cluster-wide TLS security profile. Cluster administrators who configured a stricter TLS profile at the cluster level had no automated mechanism to propagate those settings to cert-manager operands, creating a gap in cluster-wide TLS posture enforcement. ¶ With this update, when the spec.tlsAdherence field of the CertManager custom resource (CR) is set to StrictAllComponents, the Operator reads the spec.tlsSecurityProfile value from ¶ apiserver.config.openshift.io/cluster and applies the corresponding TLS arguments to the cert- manager operand deployments. The Operator reconciles the deployments whenever the cluster TLS profile changes. ¶ TLS arguments are applied per operand component as follows: ¶ cert-manager-webhook: serving TLS flags and metrics endpoint TLS flags. ¶ cert-manager (controller): metrics endpoint TLS flags only. ¶ cert-manager-cainjector: metrics endpoint TLS flags only. TLS profile enforcement is not yet supported for the IstioCSR and TrustManager operand. ¶ To support this feature, the Operator now requires get, list, and watch permissions on the apiservers resource in the config.openshift.io API group. ¶ This feature is gated by the TLSAdherence feature gate. To use this feature, you must enable the TechPreviewNoUpgrade feature set. For more information, see Understanding feature gates. ¶ Elliptic curve preferences are not configurable because cert-manager does not yet support specifying curve preferences upstream. ¶ {FeatureName} is a Technology Preview feature only. Technology Preview features are not supported with Red Hat production service level agreements (SLAs) and might not be functionally complete. Red Hat does not recommend using them in production. These features provide early access to upcoming product features, enabling customers to test functionality and provide feedback during the development process. ¶ 9.2.1.2. Fixed issues Before this update, the cert-manager Operator for Red Hat OpenShift installation failed on clusters with the Console capability disabled because the ConsoleYAMLSample resources were missing the required capability annotation. With this release, the Operator installs successfully on Console-less clusters. (OCPBUGS-85579) ¶ 9.2.2. cert-manager Operator for Red Hat OpenShift 1.19.1 ¶ Review the release notes for the cert-manager Operator for Red Hat OpenShift 1.19.1 to learn what is new and updated with this release. ¶ Issued: 13 August 2026 ¶ The following advisories are available for the cert-manager Operator for Red Hat OpenShift for OpenShift Container Platform 1.19.1: ¶ RHSA-2026:54527 RHBA-2026:54529 RHSA-2026:54531 RHBA-2026:54551 Version v1.19.6 of the cert-manager Operator for Red Hat OpenShift is based on the upstream cert- manager version v1.19.6. For more information, see the cert-manager project release notes for v1.19.6 . ¶ 9.2.2.1. Fixed issues Before this update, the cert-manager Operator for Red Hat OpenShift installation failed on clusters without the console capability because the OLM bundle included ConsoleYAMLSample and ConsoleQuickStart resources that require the console.openshift.io APIs. With this release, the Operator creates the console resources at runtime only when the required APIs are available, ensuring successful installation. (OCPBUGS- 85579) ¶ 9.2.2.2. CVEs CVE-2026-33186 CVE-2026-46595 CVE-2026-39821 CVE-2026-39828 CVE-2026-39830 CVE-2026-42499 CVE-2026-25681 CVE-2026-39820 CVE-2026-46597 CVE-2026-27145 CVE-2026-42504 CVE-2026-27136 CVE-2026-42502 ¶ 9.2.3. cert-manager Operator for Red Hat OpenShift 1.19.0 ¶ Issued: 20 April 2026 The following advisories are available for the cert-manager Operator for Red Hat OpenShift 1.19.0: ¶ RHBA-2026:9064 ¶ RHBA-2026:9024 ¶ RHBA-2026:8953 ¶ RHBA-2026:9025 ¶ RHBA-2026:8956 ¶ Version v1.19.4 of the cert-manager Operator for Red Hat OpenShift is based on the upstream cert- manager version v1.19.4. For more information, see the cert-manager project release notes for v1.19.4 . ¶ 9.2.3.1. New features and enhancements Distribution of trust bundles with the trust manager operand (Technology Preview) ¶ In this release, the cert-manager Operator for Red Hat OpenShift adds support for the trust- manager operand as a Technology Preview feature. You can now install the trust-manager operand to automate the secure distribution of trust bundles, such as certificate authority (CA) certificates, to application namespaces across your cluster. For more information, see Distributing certificates by using trust-manager operand. Support for configuring the certificate request backoff duration In this release, the cert-manager Operator for Red Hat OpenShift adds support for the --certificate- request-minimum-backoff-duration flag. With this flag, you can configure the minimum backoff period for certificate requests by override the default configuration. For more information, see Overridable arguments for the cert-manager components . ¶ 9.2.3.2. Fixed issues Before this update, the ClusterIssuer form view lacked an option to remove the self-signed field. As a consequence, you could not create issuer types other than self-signed. With this release, the form view sets the certificate authority (CA) as the default issuer type. As a result, you can switch to other issuer types by using the form view. (OCPBUGS-65620) ¶ 9.2.4. cert-manager Operator for Red Hat OpenShift 1.18.1 ¶ Issued: 2026-01-26 ¶ The following advisories are available for the cert-manager Operator for Red Hat OpenShift 1.18.1: ¶ RHSA-2026:1166 ¶ RHSA-2026:1168 ¶ RHSA-2026:1176 ¶ RHBA-2026:1319 ¶ Version 1.18.1 of the cert-manager Operator for Red Hat OpenShift is based on the upstream cert- manager version v1.18.4. For more information, see the cert-manager project release notes for v1.18.4 . ¶ 9.2.4.1. New features and enhancements The final images useubi9-minimal as base images ¶ With this update, the cert-manager Operator for Red Hat OpenShift images use ubi9-minimal as ¶ With this update, the cert-manager Operator for Red Hat OpenShift images use ubi9-minimal as their base images providing improved security compliance. No manual action is required, as the Operator automatically uses the updated images upon installation or upgrade. ¶ 9.2.4.2. CVEs CVE-2025-66418 ¶ CVE-2025-66471 ¶ CVE-2025-61729 ¶ CVE-2025-21441 ¶ CVE-2025-61727 ¶ CVE-2025-61729 ¶ 9.2.5. cert-manager Operator for Red Hat OpenShift 1.18.0 ¶ Issued: 2025-11-12 ¶ The following advisories are available for the cert-manager Operator for Red Hat OpenShift 1.18.0: ¶ RHBA-2025:21087 ¶ RHBA-2025:21086 ¶ RHBA-2025:21088 ¶ RHBA-2025:21114 ¶ Version 1.18.0 of the cert-manager Operator for Red Hat OpenShift is based on the upstream cert- manager version v1.18.3. For more information, see the cert-manager project release notes for v1.18.3 . ¶ 9.2.5.1. New features and enhancements Istio-CSR integration with cert-manager Operator for Red Hat OpenShift (Generally Available) ¶ With this release, the integration of the cert-manager Operator for Red Hat OpenShift with Istio- CSR, which was previously provided as a Technology Preview feature, is fully supported. This feature offers enhanced support for securing workloads and control plane components within Red Hat OpenShift Service Mesh or Istio environments. By utilizing the cert-manager Operator for Red Hat OpenShift managed Istio-CSR agent, Istio can obtain, sign, deliver, and renew certificates required for mutual TLS (mTLS). For more information, see Integrating the cert-manager Operator with Istio- CSR. Replica count configuration for cert-manager Operator for Red Hat OpenShift operands With this release, you can override the default replica counts for the cert-manager Operator for Red Hat OpenShift controller, webhook, and cainjector operands. To configure these values, specify the new overrideReplicas fields in the CertManager custom resource. With this enhancement, you can configure high availability (HA) and scale operands based on your specific operational requirements. For more information, see Common configurable fields in the CertManager CR for the cert-manager components. Root filesystem is read-only for cert-manager Operator for Red Hat OpenShift containers With this release, to improve security, the cert-manager Operator for Red Hat OpenShift and all its ¶ operands have the readOnlyRootFilesystem security context set to true by default. This enhancement hardens the containers and prevents a potential attacker from modifying the contents of the container's root file system. Network policy hardening is now available for cert-manager Operator for Red Hat OpenShift components With this release, the cert-manager Operator for Red Hat OpenShift includes predefined NetworkPolicy resources to enhance security by controlling ingress and egress traffic for its components. These policies cover internal traffic, such as ingress to metrics and webhook servers, and egress to the OpenShift API and DNS servers. ¶ By default, this feature is disabled to prevent connectivity issues during upgrades. You must explicitly enable it in the CertManager custom resource. For more information, see Network policy configuration for cert-manager Operator for Red Hat OpenShift. ¶ 9.2.5.2. Known issues The upstream cert-manager v1.18 release updated the ACME HTTP-01 challenge ingress path type from ImplementationSpecific to Exact. The OpenShift Route API does not have an equivalent for the Exact path type, which prevents the ingress-to-route controller from supporting it. As a result, ingress resources created for HTTP-01 challenges cannot route traffic to the solver pod, causing the challenge to fail with a 503 error. To mitigate this issue, the ACMEHTTP01IngressPathTypeExact feature gate is disabled by default in this release. ¶ 9.2.6. cert-manager Operator for Red Hat OpenShift 1.17.1 ¶ Issued: 2025-03-25 ¶ The following advisories are available for the cert-manager Operator for Red Hat OpenShift 1.17.1: ¶ RHBA-2026:5642 ¶ RHSA-2026:5645 ¶ RHBA-2026:5749 ¶ Version 1.17.1 of the cert-manager Operator for Red Hat OpenShift is based on the upstream cert- manager version v1.17.4. For more information, see the cert-manager project release notes for v1.17.4 . ¶ 9.2.6.1. New features and enhancements The final images useubi9-minimal as base images ¶ With this update, the cert-manager Operator for Red Hat OpenShift images use ubi9-minimal as their base images providing improved security compliance. No manual action is required, as the Operator automatically uses the updated images upon installation or upgrade. ¶ 9.2.6.2. CVEs CVE-2025-47907 ¶ CVE-2025-58183 ¶ CVE-2025-61726 ¶ CVE-2025-61728 ¶ CVE-2025-61729 CVE-2025-68121 ¶ 9.2.7. cert-manager Operator for Red Hat OpenShift 1.17.0 ¶ Issued: 2025-08-06 The following advisories are available for the cert-manager Operator for Red Hat OpenShift 1.17.0: ¶ RHBA-2025:13182 RHBA-2025:13134 RHBA-2025:13133 Version 1.17.0 of the cert-manager Operator for Red Hat OpenShift is based on the upstream cert- manager version v1.17.4. For more information, see the cert-manager project release notes for v1.17.4 .","",""
"CERT-MANAGER OPERATOR FOR RED HAT OPENSHIFT","9.2.8","Bug fixes","Previously, the status field in the IstioCSR custom resource (CR) was not set to Ready even after the successful deployment of IstioCSR. With this fix, the status field is correctly set to Ready, ensuring consistent and reliable status reporting. ( CM-546) ¶ 9.2.8.1. New features and enhancements Support to configure resource requests and limits for ACME HTTP01 solver pods With this release, the cert-manager Operator for Red Hat OpenShift supports configuring CPU and memory resource requests and limits for ACME HTTP01 solver pods. You can configure the CPU and memory resource requests and limits by using the following overridable arguments in the CertManager custom resource (CR): ¶ -acme-http01-solver-resource-limits-cpu -acme-http01-solver-resource-limits-memory -acme-http01-solver-resource-request-cpu -acme-http01-solver-resource-request-memory For more information, see Overridable arguments for the certmanager components . ¶ 9.2.8.2. CVEs CVE-2025-22866 CVE-2025-22868 CVE-2025-22872 CVE-2025-22870 CVE-2025-27144 ¶ CVE-2025-22871 ¶ 9.2.9. cert-manager Operator for Red Hat OpenShift 1.16.2 ¶ Issued: 2025-10-16 The following advisories are available for the cert-manager Operator for Red Hat OpenShift 1.16.2: ¶ RHSA-2025:18219 RHBA-2025:18223 RHBA-2025:18229 Version 1.16.2 of the cert-manager Operator for Red Hat OpenShift is based on the upstream cert- manager version v1.16.5. For more information, see the cert-manager project release notes for v1.16.5 .","",""
"CERT-MANAGER OPERATOR FOR RED HAT OPENSHIFT","9.2.10","CVEs","CVE-2024-12718 CVE-2025-4138 CVE-2025-4517 CVE-2025-49794 CVE-2025-49796 CVE-2025-5914 CVE-2025-6020 CVE-2025-6965 CVE-2025-7425 CVE-2025-8941 ¶ 9.2.11. cert-manager Operator for Red Hat OpenShift 1.16.1 ¶ Issued: 2025-07-10 The following advisories are available for the cert-manager Operator for Red Hat OpenShift 1.16.1: ¶ RHBA-2025:10765 RHBA-2025:10766 RHBA-2025:10785 Version 1.16.1 of the cert-manager Operator for Red Hat OpenShift is based on the upstream cert- manager version v1.16.5. For more information, see the cert-manager project release notes for v1.16.5 .","",""
"CERT-MANAGER OPERATOR FOR RED HAT OPENSHIFT","9.2.12","Bug fixes","Previously, cert-manager Operator for Red Hat OpenShift failed to create the cert-manager- tokenrequest role due to insufficient RBAC permissions. This resulted in RoleCreateFailed errors and a degraded static-resource controller. With this release, the issue is resolved by adding the necessary serviceaccounts/token create permission to the RBAC configuration. As a result, the cert-manager- tokenrequest role and role binding are now successfully created, and RoleCreateFailed errors no longer appear in the operator logs. (OCPBUGS-56758)","",""
"CERT-MANAGER OPERATOR FOR RED HAT OPENSHIFT","9.2.13","CVEs","CVE-2025-22871 ¶ CVE-2025-30204 ¶ CVE-2025-22872 ¶ CVE-2025-27144 ¶ CVE-2025-22870 ¶ 9.2.14. cert-manager Operator for Red Hat OpenShift 1.16.0 ¶ Issued: 2025-05-27 ¶ The following advisories are available for the cert-manager Operator for Red Hat OpenShift 1.16.0: ¶ RHEA-2025:8163 ¶ RHEA-2025:8164 ¶ RHEA-2025:8165 ¶ RHEA-2025:8198 ¶ Version 1.16.0 of the cert-manager Operator for Red Hat OpenShift is based on the upstream cert- manager version v1.16.4. For more information, see the cert-manager project release notes for v1.16.4 .","",""
"CERT-MANAGER OPERATOR FOR RED HAT OPENSHIFT","9.2.15","New features and enhancements","Disconnected environment support ¶ With this release, the cert-manager Operator for Red Hat OpenShift has been verified to be mirrored to and installed in a disconnected environment. ¶ The Operator has also been validated to work with the following issuer types in disconnected environments: ACME, CA, Self-signed, and Vault. Specifically, private or self-hosted ACME servers have been validated, as Let's Encrypt or other public ACME services are not feasible options in disconnected environments. The oc-mirror plugin v2 is the preferred method to mirror Operator images. For more information, see Mirroring images for a disconnected installation by using the oc-mirror plugin v2 . ¶ Extended operand metrics support ¶ With this release, cert-manager webhook and cainjector operands now expose Prometheus metrics on port 9402 by default via the /metrics service endpoint. You can configure OpenShift Monitoring to collect metrics from all cert-manager operands by enabling the built-in user workload monitoring stack. For more information, see Monitoring cert-manager Operator for Red Hat OpenShift . ¶ Streaming Lists enablement With this release, the cert-manager Operator for Red Hat OpenShift now uses the new upstream WatchListClient feature. This enables use of the Streaming Lists feature of the Kubernetes API server, which reduces the load on the API server. The peak memory use of the cert-manager components when they start up is optimized on OpenShift Container Platform 4.14 and later.","",""
"CERT-MANAGER OPERATOR FOR RED HAT OPENSHIFT","9.2.16","CVEs","CVE-2024-45337 CVE-2024-45338 CVE-2025-22866","",""
"CERT-MANAGER OPERATOR FOR RED HAT OPENSHIFT","9.2.17","Known Issues","When using the Venafi issuer with username and password authentication in cert-manager version 1.16.0, the default client ID is hard-coded as cert-manager.io and cannot be customized. This limitation can affect users requiring a specific client ID for authentication with the Venafi platform. ¶ 9.2.18. cert-manager Operator for Red Hat OpenShift 1.15.2 ¶ Issued: 2025-11-25 The following advisories are available for the cert-manager Operator for Red Hat OpenShift 1.15.2: ¶ RHSA-2025:22014 RHBA-2025:22015 RHBA-2025:22044 Version 1.15.2 of the cert-manager Operator for Red Hat OpenShift is based on the upstream cert- manager version v1.15.5. For more information, see the cert-manager project release notes for v1.15.5 .","",""
"CERT-MANAGER OPERATOR FOR RED HAT OPENSHIFT","9.2.19","CVEs","CVE-2025-27144 ¶ 9.2.20. cert-manager Operator for Red Hat OpenShift 1.15.1 ¶ Issued: 2025-03-13 The following advisories are available for the cert-manager Operator for Red Hat OpenShift 1.15.1: ¶ RHEA-2025-2733 RHEA-2025-2780 RHEA-2025-2821 RHEA-2025-2828 ¶ Version 1.15.1 of the cert-manager Operator for Red Hat OpenShift is based on the upstream cert- ¶ Version 1.15.1 of the cert-manager Operator for Red Hat OpenShift is based on the upstream cert- manager version v1.15.5. For more information, see the cert-manager project release notes for v1.15.5 .","",""
"CERT-MANAGER OPERATOR FOR RED HAT OPENSHIFT","9.2.21","New features and enhancements","Integrating the cert-manager Operator for Red Hat OpenShift with Istio-CSR(Technology Preview) The cert-manager Operator for Red Hat OpenShift now supports the Istio-CSR. With this integration, cert-manager Operator's issuers can issue, sign, and renew certificates for mutual TLS (mTLS) communication. Red Hat OpenShift Service Mesh and Istio can now request these certificates directly from the cert-manager Operator. For more information, see Integrating the cert-manager Operator with Istio-CSR .","",""
"CERT-MANAGER OPERATOR FOR RED HAT OPENSHIFT","9.2.22","CVEs","CVE-2024-9287 CVE-2024-45336 CVE-2024-45341 ¶ 9.2.23. cert-manager Operator for Red Hat OpenShift 1.15.0 ¶ Issued: 2025-01-22 The following advisories are available for the cert-manager Operator for Red Hat OpenShift 1.15.0: ¶ RHEA-2025:0487 RHSA-2025:0535 RHSA-2025:0536 Version 1.15.0 of the cert-manager Operator for Red Hat OpenShift is based on the upstream cert- manager version v1.15.4. For more information, see the cert-manager project release notes for v1.15.4 .","",""
"CERT-MANAGER OPERATOR FOR RED HAT OPENSHIFT","9.2.24","New features and enhancements","Scheduling overrides for cert-manager Operator for Red Hat OpenShift With this release, you can configure scheduling overrides for cert-manager Operator for Red Hat OpenShift, including the cert-manager controller, webhook, and CA injector. Google CAS issuer The cert-manager Operator for Red Hat OpenShift now supports the Google Certificate Authority Service (CAS) issuer. The google-cas-issuer is an external issuer for cert-manager that automates certificate lifecycle management, including issuance and renewal, with CAS-managed private certificate authorities. ¶ The Google CAS issuer is validated only with version 0.9.0 and cert-manager Operator for Red Hat OpenShift version 1.15.0. These versions support tasks such as issuing, renewing, and managing certificates for the API server and ingress controller in OpenShift Container Platform clusters. ¶ Default installMode updated toAllNamespaces ¶ Starting from version 1.15.0, the default and recommended Operator Lifecycle Manager (OLM) installMode is AllNamespaces. Previously, the default was SingleNamespace. This change aligns with best practices for multi-namespace Operator management. For more information, see OCPBUGS- 23406. ¶ Redundant kube-rbac-proxy sidecar removed ¶ The Operator no longer includes the redundant kube-rbac-proxy sidecar container, reducing resource usage and complexity. For more information, see CM-436.","",""
"CERT-MANAGER OPERATOR FOR RED HAT OPENSHIFT","9.2.25","CVEs","CVE-2024-35255 ¶ CVE-2024-28180 ¶ CVE-2024-24783 ¶ CVE-2024-6104 ¶ CVE-2023-45288 ¶ CVE-2024-45337 ¶ CVE-2024-45338 ¶ 9.3. INSTALLING THE CERT-MANAGER OPERATOR FOR RED HAT OPENSHIFT ¶ The cert-manager Operator for Red Hat OpenShift is not installed in OpenShift Container Platform by default. You can install the cert-manager Operator for Red Hat OpenShift by using the web console. ¶ The cert-manager Operator for Red Hat OpenShift sets the features.operators.openshift.io/token-auth-aws, features.operators.openshift.io/token-auth-azure, and features.operators.openshift.io/token-auth-gcp annotations in the ClusterServiceVersion custom resource of the Operator. The OpenShift Container Platform web console requires the credential details when these annotations are set. Currently, the Operator does not use the values collected by the OpenShift web console and you can provide any value when asked for the input. For example, when installing on the managed OpenShift Container Platform cluster, the identity-provider-arn is asked and any value can be provided to proceed. ¶ The cert-manager Operator for Red Hat OpenShift version 1.15 or later supports the AllNamespaces, SingleNamespace, and OwnNamespace installation modes. Earlier versions, such as 1.14, support only the SingleNamespace and OwnNamespace installation modes.","",""
"CERT-MANAGER OPERATOR FOR RED HAT OPENSHIFT > Installing the cert-manager Operator for Red Hat OpenShift","9.3.1.2","Installing the cert-manager Operator for Red Hat OpenShift by using the CLI","You can install the cert-manager Operator for Red Hat OpenShift by using the command-line interface(CLI). ¶ 1. Create a new project named cert-manager-operator by running the following command: $ oc new-project cert-manager-operator ¶ 2. Create an OperatorGroup object: ¶ a. Create a YAML file, for example, operatorGroup.yaml, with the following content: ¶ name: openshift-cert-manager-operator namespace: cert-manager-operator targetNamespaces: ""cert-manager-operator"" ¶ b. For cert-manager Operator for Red Hat OpenShift v1.15.0 or later, create a YAML file with the following content: ¶ name: openshift-cert-manager-operator namespace: cert-manager-operator targetNamespaces: [] spec: {} ¶ Starting from cert-manager Operator for Red Hat OpenShift version 1.15.0, it is recommended to install the Operator using the AllNamespaces OLM installMode. Older versions can continue using the SingleNamespace or OwnNamespace OLM installMode. Support for SingleNamespace and OwnNamespace will be deprecated in future versions. ¶ c. Create the OperatorGroup object by running the following command: ¶ $ oc create -f operatorGroup.yaml ¶ 3. Create a Subscription object: ¶ a. Create a YAML file, for example, subscription.yaml, that defines the Subscription object: ¶ name: openshift-cert-manager-operator namespace: cert-manager-operator channel: stable-v1 name: openshift-cert-manager-operator ¶ b. Create the Subscription object by running the following command: $ oc create -f subscription.yaml ¶ 1. Verify that the OLM subscription is created by running the following command: $ oc get subscription -n cert-manager-operator ¶ NAME PACKAGE SOURCE CHANNEL ¶ openshift-cert-manager-operator openshift-cert-manager-operator redhat-operators ¶ stable-v1 ¶ 2. Verify whether the Operator is successfully installed by running the following command: $ oc get csv -n cert-manager-operator ¶ NAME DISPLAY VERSION REPLACES ¶ PHASE ¶ cert-manager-operator.v1.13.0 cert-manager Operator for Red Hat OpenShift 1.13.0 ¶ cert-manager-operator.v1.12.1 Succeeded ¶ 3. Verify that the status cert-manager Operator for Red Hat OpenShift is Running by running the ¶ $ oc get pods -n cert-manager-operator ¶ NAME READY STATUS RESTARTS AGE ¶ cert-manager-operator-controller-manager-695b4d46cb-r4hld 2/2 Running 0 7m4s ¶ 4. Verify that the status of cert-manager pods is Running by running the following command: $ oc get pods -n cert-manager ¶ cert-manager-58b7f649c4-dp6l4 1/1 Running 0 7m1s ¶ cert-manager-cainjector-5565b8f897-gx25h 1/1 Running 0 7m37s ¶ cert-manager-webhook-9bc98cbdd-f972x 1/1 Running 0 7m40s ¶ Supported cert-manager Operator for Red Hat OpenShift versions ¶ 9.3.2. Understanding update channels of the cert-manager Operator for Red Hat OpenShift ¶ Update channels are the mechanism by which you can declare the version of your cert-manager Operator for Red Hat OpenShift in your cluster. The cert-manager Operator for Red Hat OpenShift offers the following update channels: ¶ stable-v1 ¶ stable-v1.y ¶ 9.3.2.1. stable-v1 channel ¶ The stable-v1 channel installs and updates the latest release version of the cert-manager Operator for Red Hat OpenShift. Select the stable-v1 channel if you want to use the latest stable release of the cert- manager Operator for Red Hat OpenShift. ¶ The stable-v1 channel is the default and suggested channel while installing the cert- manager Operator for Red Hat OpenShift. ¶ The stable-v1 channel offers the following update approval strategies: ¶ Automatic If you choose automatic updates for an installed cert-manager Operator for Red Hat OpenShift, a new version of the cert-manager Operator for Red Hat OpenShift is available in the stable-v1 channel. The Operator Lifecycle Manager (OLM) automatically upgrades the running instance of your Operator without human intervention. ¶ Manual If you select manual updates, when a newer version of the cert-manager Operator for Red Hat OpenShift is available, OLM creates an update request. As a cluster administrator, you must then manually approve that update request to have the cert-manager Operator for Red Hat OpenShift updated to the new version. ¶ 9.3.2.2. stable-v1.y channel ¶ The y-stream version of the cert-manager Operator for Red Hat OpenShift installs updates from the stable-v1.y channels such as stable-v1.10, stable-v1.11, and stable-v1.12. Select the stable-v1.y channel if you want to use the y-stream version and stay updated to the z-stream version of the cert- manager Operator for Red Hat OpenShift. ¶ The stable-v1.y channel offers the following update approval strategies: ¶ Automatic If you choose automatic updates for an installed cert-manager Operator for Red Hat OpenShift, a new z-stream version of the cert-manager Operator for Red Hat OpenShift is available in the stable- v1.y channel. OLM automatically upgrades the running instance of your Operator without human intervention. ¶ Manual If you select manual updates, when a newer version of the cert-manager Operator for Red Hat OpenShift is available, OLM creates an update request. As a cluster administrator, you must then ¶ manually approve that update request to have the cert-manager Operator for Red Hat OpenShift updated to the new version of the z-stream releases.","",""
"CERT-MANAGER OPERATOR FOR RED HAT OPENSHIFT","9.3.3","Additional resources","Adding Operators to a cluster Updating installed Operators ¶ 9.4. CONFIGURING THE EGRESS PROXY FOR THE CERT-MANAGER OPERATOR FOR RED HAT OPENSHIFT ¶ If a cluster-wide egress proxy is configured in OpenShift Container Platform, Operator Lifecycle Manager (OLM) automatically configures Operators that it manages with the cluster-wide proxy. OLM automatically updates all of the Operator's deployments with the HTTP_PROXY, HTTPS_PROXY, NO_PROXY environment variables. ¶ You can inject any CA certificates that are required for proxying HTTPS connections into the cert- manager Operator for Red Hat OpenShift. ¶ 9.4.1. Injecting a custom CA certificate for the cert-manager Operator for Red Hat OpenShift ¶ If your OpenShift Container Platform cluster has the cluster-wide proxy enabled, you can inject any CA certificates that are required for proxying HTTPS connections into the cert-manager Operator for Red Hat OpenShift. ¶ You have enabled the cluster-wide proxy for OpenShift Container Platform. ¶ 1. Create a config map in the cert-manager namespace by running the following command: ¶ $ oc create configmap trusted-ca -n cert-manager ¶ 2. Inject the CA bundle that is trusted by OpenShift Container Platform into the config map by ¶ $ oc label cm trusted-ca config.openshift.io/inject-trusted-cabundle=true -n cert-manager ¶ 3. Update the deployment for the cert-manager Operator for Red Hat OpenShift to use the config map by running the following command: ¶ $ oc -n cert-manager-operator patch subscription openshift-cert-manager-operator -- type='merge' -p '{""spec"":{""config"":{""env"": [{""name"":""TRUSTED_CA_CONFIGMAP_NAME"",""value"":""trusted-ca""}]}}}' ¶ 1. Verify that the deployments have finished rolling out by running the following command: ¶ $ oc rollout status deployment/cert-manager-operator-controller-manager -n cert-manager- operator && \ oc rollout status deployment/cert-manager -n cert-manager && \ oc rollout status deployment/cert-manager-webhook -n cert-manager && \ oc rollout status deployment/cert-manager-cainjector -n cert-manager ¶ deployment ""cert-manager-operator-controller-manager"" successfully rolled out deployment ""cert-manager"" successfully rolled out deployment ""cert-manager-webhook"" successfully rolled out deployment ""cert-manager-cainjector"" successfully rolled out ¶ 2. Verify that the CA bundle was mounted as a volume by running the following command: ¶ $ oc get deployment cert-manager -n cert-manager -o=jsonpath= {.spec.template.spec.'containers[0].volumeMounts'} ¶ [{""mountPath"":""/etc/pki/tls/certs/cert-manager-tls-ca-bundle.crt"",""name"":""trusted- ca"",""subPath"":""ca-bundle.crt""}] ¶ 3. Verify that the source of the CA bundle is the trusted-ca config map by running the following ¶ $ oc get deployment cert-manager -n cert-manager -o=jsonpath= {.spec.template.spec.volumes} ¶ [{""configMap"":{""defaultMode"":420,""name"":""trusted-ca""},""name"":""trusted-ca""}]","",""
"CERT-MANAGER OPERATOR FOR RED HAT OPENSHIFT","9.4.2","Additional resources","Configuring proxy support in Operator Lifecycle Manager ¶ 9.5. CUSTOMIZING THE CERT-MANAGER OPERATOR BY USING THE CERTMANAGER CUSTOM RESOURCE ¶ You can customize the cert-manager Operator for Red Hat OpenShift after installation to suit your cluster requirements. ¶ Configure the CertManager custom resource (CR) to modify the behavior of cert-manager components, such as the cert-manager controller, CA injector, and webhook. Set environment variables for the controller pod. Define resource requests and limits to manage CPU and memory usage. ¶ Configure scheduling rules to control where pods run in your cluster. ¶ Configure the cluster APIServer custom resource (CR) to apply the cluster-wide TLS security profile to cert-manager components. ¶ Example CertManager CR YAML file ¶ ""--dns01-recursive-nameservers=8.8.8.8:53,1.1.1.1:53"" overrideEnv: name: HTTP_PROXY value: http://proxy.example.com:8080 overrideResources: cpu: ""200m"" memory: ""512Mi"" cpu: ""100m"" memory: ""256Mi"" overrideScheduling: custom: ""label"" key: ""key1"" operator: ""Equal"" value: ""value1"" effect: ""NoSchedule"" overrideReplicas: 2 ¶ webhookConfig: ¶ overrideResources: ¶ overrideScheduling: ¶ overrideReplicas: ¶ cainjectorConfig: ¶ overrideResources: ¶ overrideScheduling: ¶ overrideReplicas: ¶ To override unsupported arguments, you can add spec.unsupportedConfigOverrides section in the CertManager resource, but using spec.unsupportedConfigOverrides is unsupported.","",""
"CERT-MANAGER OPERATOR FOR RED HAT OPENSHIFT > Explanation of fields in the CertManager custom resource","9.5.1.2","Overridable arguments for the cert-manager components","You can configure the overridable arguments for the cert-manager components in the spec.controllerConfig, spec.webhookConfig, and spec.cainjectorConfig sections in the CertManager CR. ¶ The following table describes the overridable arguments for the cert-manager components: ¶ Argument Component Description ¶ -dns01-recursive-nameservers= Controller Provide a comma-separated list of <server_address> nameservers to query for the DNS-01 self check. The nameservers can be specified either as <host>:<port>, for example, 1.1.1.1:53, or use DNS ¶ over HTTPS (DoH), for example, https://1.1.1.1/dns-query. ¶ DNS over HTTPS (DoH) is supported starting only from cert-manager Operator for Red Hat OpenShift version 1.13.0 and later. ¶ -dns01-recursive-nameservers-only Controller Specify to only use recursive nameservers instead of checking the -acme-http01-solver-nameservers= Controller authoritative nameservers associated <host>:<port> with that domain. ¶ Provide a comma-separated list of <host>:<port> nameservers to query for the Automated Certificate Management Environment (ACME) HTTP01 self check. For example, -- acme-http01-solver- nameservers=1.1.1.1:53. ¶ Argument Component Description -metrics-listen-address=<host>:<port> Controller Specify the host and port for the -issuer-ambient-credentials Controller metrics endpoint. The default value is -enable-certificate-owner-ref Controller --metrics-listen- address=0.0.0.0:9402. -acme-http01-solver-resource-limits- Controller cpu You can use this argument to configure an ACME Issuer to solve -acme-http01-solver-resource-limits- Controller DNS-01 challenges by using ambient memory credentials. ¶ -acme-http01-solver-resource-request- Controller This argument sets the certificate cpu resource as an owner of the secret where the TLS certificate is stored. -acme-http01-solver-resource-request- Controller For more information, see ""Deleting a memory TLS secret automatically upon Certificate removal"". -certificate-request-minimum-backoff- Controller duration Defines the maximum CPU limit for ACME HTTP01 solver pods. The -concurrent-workers Controller default value is 100m. ¶ -kube-api-qps Controller Defines the maximum memory limit for ACME HTTP01 solver pods. The default value is 64Mi. ¶ Defines the minimum CPU request for ACME HTTP01 solver pods. The default value is 10m. ¶ Defines the minimum memory request for ACME HTTP01 solver pods. The default value is 64Mi. ¶ Specify the minimum backoff duration for certificate requests. The default value is 1h0m0s. ¶ The number of concurrent workers for each controller. The default value is 5. ¶ The maximum number of queries per second sent to the Kubernetes API server. The default value is 20. ¶ Argument Component Description -kube-api-burst Controller The maximum burst of queries per -max-concurrent-challenges Controller second sent to the Kubernetes API server. Must be greater than or equal to --kube-api-qps. The default value is 50. ¶ The maximum number of ACME challenges that can run concurrently. The default value is 60. ¶ -v=<verbosity_level> Controller, Specify the log level verbosity to Webhook, CA determine the verbosity of log injector messages. ¶ 9.5.1.3. Overridable environment variables for the cert-manager controller You can configure the overridable environment variables for the cert-manager controller in the spec.controllerConfig.overrideEnv field in the CertManager CR. ¶ The following table describes the overridable environment variables for the cert-manager controller: ¶ Environment variable Description ¶ HTTP_PROXY Proxy server for outgoing HTTP requests. ¶ HTTPS_PROXY Proxy server for outgoing HTTPS requests. ¶ NO_PROXY Commaseparated list of hosts that bypass the proxy.","",""
"CERT-MANAGER OPERATOR FOR RED HAT OPENSHIFT > Explanation of fields in the CertManager custom resource","9.5.1.4","Overridable resource parameters for the cert-manager components","You can configure the CPU and memory limits for the cert-manager components in the spec.controllerConfig, spec.webhookConfig, and spec.cainjectorConfig sections in the CertManager CR. ¶ The following table describes the overridable resource parameters for the cert-manager components: ¶ Field Description ¶ overrideResources.limits.cpu Defines the maximum amount of CPU that a component pod can use. ¶ Field Description overrideResources.limits.memory Defines the maximum amount of memory that a component pod can use. ¶ overrideResources.requests.cpu Defines the minimum amount of CPU requested by overrideResources.requests.memory the scheduler for a component pod. ¶ Defines the minimum amount of memory requested by the scheduler for a component pod.","",""
"CERT-MANAGER OPERATOR FOR RED HAT OPENSHIFT > Explanation of fields in the CertManager custom resource","9.5.1.5","Overridable scheduling parameters for the cert-manager components","You can configure the pod scheduling constraints for the cert-manager components in the spec.controllerConfig, spec.webhookConfig field, and spec.cainjectorConfig sections in the CertManager CR. ¶ The following table describes the pod scheduling parameters for the cert-manager components: ¶ Field Description ¶ overrideScheduling.nodeSelector Keyvalue pairs to constrain pods to specific nodes. ¶ overrideScheduling.tolerations List of tolerations to schedule pods on tainted nodes. ¶ Deleting a TLS secret automatically upon Certificate removal ¶ 9.5.2. Customizing cert-manager by overriding environment variables from the cert- manager Operator API ¶ To refine your deployment for specific operational requirements, override supported environment variables for the cert-manager Operator for Red Hat OpenShift. You can customize these variables through the Operator API to apply configurations, such as proxy settings or system-level adjustments, that differ from the default values. ¶ You can override the supported environment variables for the cert-manager Operator for Red Hat OpenShift by adding a spec.controllerConfig section in the CertManager resource. ¶ You have access to the OpenShift Container Platform cluster as a user with the cluster-admin role. ¶ 1. Edit the CertManager resource by running the following command: ¶ 2. Add a spec.controllerConfig section with the following override arguments: ¶ overrideEnv: name: HTTP_PROXY value: http://<proxy_url> name: HTTPS_PROXY value: https://<proxy_url> name: NO_PROXY value: <ignore_proxy_domains> ¶ HTTP_PROXY Specifies the proxy server URL. ¶ NO_PROXY Specifies a comma separated list of domains. These domains are ignored by the proxy server. ¶ For more information about the overridable environment variables, see ""Overridable environment variables for the cert-manager components"" in ""Explanation of fields in the CertManager custom resource"". ¶ 3. Save your changes and quit the text editor to apply your changes. ¶ 1. Verify that the cert-manager controller pod is redeployed by running the following command: $ oc get pods -l app.kubernetes.io/name=cert-manager -n cert-manager ¶ cert-manager-bd7fbb9fc-wvbbt 1/1 Running 0 39s ¶ 2. Verify that environment variables are updated for the cert-manager pod by running the ¶ $ oc get pod <redeployed_cert-manager_controller_pod> -n cert-manager -o yaml ¶ env: name: HTTP_PROXY ¶ value: http://<PROXY_URL> name: HTTPS_PROXY ¶ value: https://<PROXY_URL> name: NO_PROXY ¶ value: <IGNORE_PROXY_DOMAINS> ¶ Explanation of fields in the CertManager custom resource ¶ 9.5.3. Customizing cert-manager by overriding arguments from the cert-manager Operator API ¶ You can override the supported arguments for the cert-manager Operator for Red Hat OpenShift by adding a spec.controllerConfig section in the CertManager resource. ¶ You have access to the OpenShift Container Platform cluster as a user with the cluster-admin role. ¶ 1. Edit the CertManager resource by running the following command: ¶ 2. Add a spec.controllerConfig section with the following override arguments: ¶ '--dns01-recursive-nameservers=<server_address>' '--dns01-recursive-nameservers-only' '--acme-http01-solver-nameservers=<host>:<port>' '--v=<verbosity_level>' '--metrics-listen-address=<host>:<port>' '--issuer-ambient-credentials' '--acme-http01-solver-resource-limits-cpu=<quantity>' '--acme-http01-solver-resource-limits-memory=<quantity>' ¶ '--acme-http01-solver-resource-request-cpu=<quantity>' '--acme-http01-solver-resource-request-memory=<quantity>' '--certificate-request-minimum-backoff-duration=<duration>' '--concurrent-workers=<quantity>' '--kube-api-qps=<quantity>' '--kube-api-burst=<quantity>' '--max-concurrent-challenges=<quantity>' webhookConfig: '--v=<verbosity_level>' cainjectorConfig: '--v=<verbosity_level>' ¶ For information about the overridable aruguments, see ""Overridable arguments for the cert- manager components"" in ""Explanation of fields in the CertManager custom resource"". ¶ 3. Save your changes and quit the text editor to apply your changes. ¶ Verify that arguments are updated for cert-manager pods by running the following command: ¶ $ oc get pods -n cert-manager -o yaml ¶ name: cert-manager-6d4b5d4c97-kldwl ¶ args: --acme-http01-solver-nameservers=1.1.1.1:53 --concurrent-workers=5 --dns01-recursive-nameservers=1.1.1.1:53 --dns01-recursive-nameservers-only --kube-api-burst=50 --kube-api-qps=20 --max-concurrent-challenges=60 --metrics-listen-address=0.0.0.0:9042 --v=6 ¶ name: cert-manager-cainjector-866c4fd758-ltxxj ¶ args: --v=2 ¶ name: cert-manager-webhook-6d48f88495-c88gd ¶ args: --v=2 ¶ Explanation of fields in the CertManager custom resource","",""
"CERT-MANAGER OPERATOR FOR RED HAT OPENSHIFT","9.5.4","Deleting a TLS secret automatically upon Certificate removal","You can enable the --enable-certificate-owner-ref flag for the cert-manager Operator for Red Hat OpenShift by adding a spec.controllerConfig section in the CertManager resource. The --enable- certificate-owner-ref flag sets the certificate resource as an owner of the secret where the TLS certificate is stored. ¶ If you uninstall the cert-manager Operator for Red Hat OpenShift or delete certificate resources from the cluster, the secret is deleted automatically. This might cause network connectivity issues depending upon where the certificate TLS secret is being used. ¶ You have access to the OpenShift Container Platform cluster as a user with the cluster-admin role. ¶ You have installed version 1.12.0 or later of the cert-manager Operator for Red Hat OpenShift. ¶ 1. Check that the Certificate object and its secret are available by running the following command: $ oc get certificate ¶ NAME READY SECRET AGE ¶ certificate-from-clusterissuer-route53-ambient True certificate-from-clusterissuer-route53- ¶ ambient 8h ¶ 2. Edit the CertManager resource by running the following command: ¶ 3. Add a spec.controllerConfig section with the following override arguments: ¶ '--enable-certificate-owner-ref' ¶ 4. Save your changes and quit the text editor to apply your changes. ¶ Verify that the --enable-certificate-owner-ref flag is updated for cert-manager controller pod by running the following command: ¶ $ oc get pods -l app.kubernetes.io/name=cert-manager -n cert-manager -o yaml ¶ name: cert-manager-6e4b4d7d97-zmdnb ¶ args: --enable-certificate-owner-ref","",""
"CERT-MANAGER OPERATOR FOR RED HAT OPENSHIFT","9.5.5","Overriding CPU and memory limits for the cert-manager components","To ensure stable resource allocation and operation, configure CPU and memory limits for cert-manager Operator for Red Hat OpenShift components. You can set specific constraints for the cert-manager controller, CA injector, and Webhook to align with your specific cluster requirements. ¶ You have access to the OpenShift Container Platform cluster as a user with the cluster-admin role. ¶ You have installed version 1.12.0 or later of the cert-manager Operator for Red Hat OpenShift. ¶ 1. Check that the deployments of the cert-manager controller, CA injector, and Webhook are available by entering the following command: ¶ $ oc get deployment -n cert-manager ¶ NAME READY UP-TO-DATE AVAILABLE AGE 53m cert-manager 1/1 1 1 53m cert-manager-cainjector 1/1 1 1 53m ¶ cert-manager-webhook 1/1 1 1 ¶ 2. Before setting the CPU and memory limit, check the existing configuration for the cert- manager controller, CA injector, and Webhook by entering the following command: ¶ $ oc get deployment -n cert-manager -o yaml ¶ name: cert-manager ¶ name: cert-manager-controller resources: {} ¶ name: cert-manager-cainjector ¶ name: cert-manager-cainjector resources: {} ¶ name: cert-manager-webhook ¶ name: cert-manager-webhook resources: {} ¶ The spec.resources field is empty by default. The cert-manager components do not have CPU and memory limits. ¶ 3. To configure the CPU and memory limits for the cert-manager controller, CA injector, and Webhook, enter the following command: ¶ $ oc patch certmanager.operator cluster --type=merge -p="" ¶ overrideResources: cpu: 200m memory: 64Mi cpu: 10m memory: 16Mi ¶ webhookConfig: overrideResources: cpu: 200m memory: 64Mi cpu: 10m memory: 16Mi ¶ cainjectorConfig: overrideResources: cpu: 200m memory: 64Mi cpu: 10m memory: 16Mi ¶ "" ¶ For information about the overridable resource parameters, see ""Overridable resource parameters for the cert-manager components"" in ""Explanation of fields in the CertManager custom resource"". ¶ certmanager.operator.openshift.io/cluster patched ¶ 1. Verify that the CPU and memory limits are updated for the cert-manager components: ¶ $ oc get deployment -n cert-manager -o yaml ¶ name: cert-manager ¶ name: cert-manager-controller cpu: 200m memory: 64Mi cpu: 10m memory: 16Mi ¶ name: cert-manager-cainjector ¶ name: cert-manager-cainjector cpu: 200m memory: 64Mi cpu: 10m memory: 16Mi ¶ name: cert-manager-webhook ¶ name: cert-manager-webhook cpu: 200m memory: 64Mi cpu: 10m memory: 16Mi ¶ Explanation of fields in the CertManager custom resource","",""
"CERT-MANAGER OPERATOR FOR RED HAT OPENSHIFT","9.5.6","Configuring scheduling overrides for cert-manager components","You can configure the pod scheduling from the cert-manager Operator for Red Hat OpenShift API for the cert-manager Operator for Red Hat OpenShift components, such as the cert-manager controller, CA injector, and Webhook. ¶ You have access to the OpenShift Container Platform cluster as a user with the cluster-admin role. ¶ You have installed version 1.15.0 or later of the cert-manager Operator for Red Hat OpenShift. ¶ Update the certmanager.operator custom resource to configure pod scheduling overrides for the desired components by running the following command. Use the overrideScheduling field under the controllerConfig, webhookConfig, or cainjectorConfig sections to define nodeSelector and tolerations settings. ¶ $ oc patch certmanager.operator cluster --type=merge -p="" ¶ overrideScheduling: node-role.kubernetes.io/control-plane: '' key: node-role.kubernetes.io/master effect: NoSchedule ¶ webhookConfig: overrideScheduling: node-role.kubernetes.io/control-plane: '' key: node-role.kubernetes.io/master effect: NoSchedule ¶ cainjectorConfig: overrideScheduling: node-role.kubernetes.io/control-plane: '' key: node-role.kubernetes.io/master effect: NoSchedule"" ¶ "" ¶ For information about the overridable scheduling parameters, see ""Overridable scheduling parameters for the cert-manager components"" in ""Explanation of fields in the CertManager custom resource"". ¶ 1. Verify pod scheduling settings for cert-manager pods: ¶ a. Check the deployments in the cert-manager namespace to confirm they have the correct nodeSelector and tolerations by running the following command: ¶ $ oc get pods -n cert-manager -o wide ¶ NAME READY STATUS RESTARTS AGE IP NODE ¶ NOMINATED NODE READINESS GATES ¶ cert-manager-58d9c69db4-78mzp 1/1 Running 0 10m 10.129.0.36 ip- ¶ 10-0-1-106.ec2.internal <none> <none> ¶ cert-manager-cainjector-85b6987c66-rhzf7 1/1 Running 0 11m 10.128.0.39 ¶ ip-10-0-1-136.ec2.internal <none> <none> ¶ cert-manager-webhook-7f54b4b858-29bsp 1/1 Running 0 11m 10.129.0.35 ¶ ip-10-0-1-106.ec2.internal <none> <none> ¶ b. Check the nodeSelector and tolerations settings applied to deployments by running the ¶ $ oc get deployments -n cert-manager -o jsonpath='{range .items[*]}{.metadata.name} {""\n""}{.spec.template.spec.nodeSelector}{""\n""}{.spec.template.spec.tolerations}{""\n\n""} {end}' ¶ cert-manager {""kubernetes.io/os"":""linux"",""node-role.kubernetes.io/control-plane"":""""} [{""effect"":""NoSchedule"",""key"":""node-role.kubernetes.io/master"",""operator"":""Exists""}] ¶ cert-manager-cainjector {""kubernetes.io/os"":""linux"",""node-role.kubernetes.io/control-plane"":""""} [{""effect"":""NoSchedule"",""key"":""node-role.kubernetes.io/master"",""operator"":""Exists""}] ¶ cert-manager-webhook {""kubernetes.io/os"":""linux"",""node-role.kubernetes.io/control-plane"":""""} [{""effect"":""NoSchedule"",""key"":""node-role.kubernetes.io/master"",""operator"":""Exists""}] ¶ 2. Verify pod scheduling events in the cert-manager namespace by running the following ¶ $ oc get events -n cert-manager --field-selector reason=Scheduled ¶ Explanation of fields in the CertManager custom resource ¶ 9.5.7. Configuring cluster TLS security profile adherence for cert-manager components ¶ You can configure the cert-manager Operator for Red Hat OpenShift to apply the cluster-wide TLS security profile by setting the TLS adherence policy on the cluster APIServer resource. When the adherence policy is set to StrictAllComponents, cert-manager components automatically apply the cluster TLS security profile settings. ¶ TLS adherence for cert-manager operands is a Technology Preview feature only. Technology Preview features are not supported with Red Hat production service level agreements (SLAs) and might not be functionally complete. Red Hat does not recommend using them in production. These features provide early access to upcoming product features, enabling customers to test functionality and provide feedback during the development process. ¶ You installed the cert-manager Operator for Red Hat OpenShift. ¶ You enabled the TechPreviewNoUpgrade feature set. For more information, see ""Enabling features using feature gates"". ¶ 1. Edit the cluster APIServer custom resource (CR) by running the following command: ¶ $ oc edit apiserver cluster ¶ 2. Add or modify the tlsAdherence field in the spec section and set it to StrictAllComponents by using the following example: ¶ tlsSecurityProfile: type: Intermediate intermediate: {} ¶ tlsAdherence: StrictAllComponents ¶ tlsSecurityProfile.type Optional: Specifies the TLS security profile type. Valid values are Old, Intermediate, Modern, or Custom. If not specified, the default is Intermediate. When specifying a profile type, you must also include the corresponding profile-specific field, for example, intermediate: {} for the Intermediate profile. ¶ tlsAdherence: StrictAllComponents Specifies that cluster-wide TLS settings are enforced on all components, including cert- manager. ¶ 3. Save the changes and exit the editor. ¶ 1. The cert-manager Operator for Red Hat OpenShift automatically applies the cluster TLS security profile to the cert-manager controller, webhook, and CA injector deployments. Check that the TLS configuration is applied to the cert-manager components. For more information, see ""Verifying TLS security profile adherence for cert-manager components"".","",""
"CERT-MANAGER OPERATOR FOR RED HAT OPENSHIFT","9.5.8","Verifying TLS security profile adherence for cert-manager components","After configuring the cluster TLS security profile adherence, you can verify that the TLS configuration is applied to the cert-manager controller, webhook, and CA injector deployments. ¶ You installed the cert-manager Operator for Red Hat OpenShift. ¶ You enabled the TechPreviewNoUpgrade feature set. For more information, see ""Enabling features using feature gates"". ¶ You configured the cluster TLS security profile adherence for cert-manager components. For more information, see ""Configuring cluster TLS security profile adherence for cert-manager components"". ¶ 1. Verify that the cert-manager controller deployment has the TLS configuration applied by ¶ $ oc get deployment -n cert-manager cert-manager -o yaml | grep -A 15 ""args:"" ¶ args: --v=2 --cluster-resource-namespace=$(POD_NAMESPACE) --leader-election-namespace=kube-system --acme-http01-solver-image=registry.redhat.io/cert-manager/cert-manager-acmesolver- rhel9@sha256:... --max-concurrent-challenges=60 --metrics-tls-min-version=VersionTLS12 --metrics-tls-cipher- suites=TLS_ECDHE_ECDSA_WITH_AES_128_GCM_SHA256,TLS_ECDHE_RSA_WITH_AE S_128_GCM_SHA256 ¶ The --metrics-tls-min-version flag shows the minimum TLS version configured based on the cluster TLS security profile. The --metrics-tls-cipher-suites flag shows TLS cipher suites configured based on the cluster TLS security profile. ¶ 2. Verify that the webhook deployment has the TLS configuration applied by running the following ¶ $ oc get deployment -n cert-manager cert-manager-webhook -o yaml | grep -A 20 ""args:"" ¶ args: --v=2 --dynamic-serving-ca-secret-namespace=$(POD_NAMESPACE) --dynamic-serving-ca-secret-name=cert-manager-webhook-ca --dynamic-serving-dns-names=cert-manager-webhook --tls-min-version=VersionTLS12 --tls-cipher- suites=TLS_ECDHE_ECDSA_WITH_AES_128_GCM_SHA256,TLS_ECDHE_RSA_WITH_AE S_128_GCM_SHA256 --metrics-tls-min-version=VersionTLS12 --metrics-tls-cipher- suites=TLS_ECDHE_ECDSA_WITH_AES_128_GCM_SHA256,TLS_ECDHE_RSA_WITH_AE S_128_GCM_SHA256 ¶ The webhook deployment includes serving TLS flags (--tls-min-version and --tls-cipher- suites) for the webhook HTTPS endpoint, and TLS flags for the metrics endpoint. ¶ 3. Verify that the CA injector deployment has the TLS configuration applied by running the ¶ $ oc get deployment -n cert-manager cert-manager-cainjector -o yaml | grep -A 10 ""args:"" ¶ args: --v=2 --leader-election-namespace=kube-system --metrics-tls-min-version=VersionTLS12 --metrics-tls-cipher- suites=TLS_ECDHE_ECDSA_WITH_AES_128_GCM_SHA256,TLS_ECDHE_RSA_WITH_AE S_128_GCM_SHA256 ¶ The CA injector deployment includes metrics endpoint TLS flags. ¶ TLS profile enforcement is not available for the IstioCSR and TrustManager operands. ¶ When the cluster TLS security profile is set to Modern (TLS 1.3), the cipher suite flags are automatically omitted. ¶ Understanding feature gates ¶ Understanding TLS security profiles ¶ 9.6. AUTHENTICATING THE CERT-MANAGER OPERATOR FOR RED HAT OPENSHIFT ¶ To enable the cert-manager Operator for Red Hat OpenShift to manage components on your cloud provider, authenticate the Operator by configuring cloud credentials. You can grant the Operator access to external services required for certificate issuance, such as DNS providers.","",""
"CERT-MANAGER OPERATOR FOR RED HAT OPENSHIFT","9.6.1","Authenticating on AWS","To securely access AWS resources from your applications, authenticate your workloads on AWS by using the cert-manager Operator for Red Hat OpenShift. ¶ You have installed version 1.11.1 or later of the cert-manager Operator for Red Hat OpenShift. ¶ You have configured the Cloud Credential Operator to operate in mint or passthrough mode. ¶ 1. Create a CredentialsRequest resource YAML file, for example, sample-credential- request.yaml, as follows: ¶ kind: CredentialsRequest ¶ name: cert-manager namespace: openshift-cloud-credential-operator providerSpec: ¶ kind: AWSProviderSpec statementEntries: action: ¶ ""route53:GetChange"" effect: Allow resource: ""arn:aws:route53:::change/*"" action: ""route53:ChangeResourceRecordSets"" ""route53:ListResourceRecordSets"" effect: Allow resource: ""arn:aws:route53:::hostedzone/*"" action: ""route53:ListHostedZonesByName"" effect: Allow resource: ""*"" secretRef: name: aws-creds serviceAccountNames: cert-manager ¶ 2. Create a CredentialsRequest resource by running the following command: ¶ $ oc create -f sample-credential-request.yaml ¶ 3. Update the subscription object for cert-manager Operator for Red Hat OpenShift by running ¶ 3. Update the subscription object for cert-manager Operator for Red Hat OpenShift by running ¶ $ oc -n cert-manager-operator patch subscription openshift-cert-manager-operator -- type=merge -p '{""spec"":{""config"":{""env"": [{""name"":""CLOUD_CREDENTIALS_SECRET_NAME"",""value"":""aws-creds""}]}}}' ¶ 1. Get the name of the redeployed cert-manager controller pod by running the following ¶ $ oc get pods -l app.kubernetes.io/name=cert-manager -n cert-manager ¶ cert-manager-bd7fbb9fc-wvbbt 1/1 Running 0 15m39s ¶ 2. Verify that the cert-manager controller pod is updated with AWS credential volumes that are mounted under the path specified in mountPath by running the following command: ¶ $ oc get -n cert-manager pod/<cert-manager_controller_pod_name> -o yaml ¶ args: ¶ mountPath: /.aws ¶ name: cloud-credentials name: cloud-credentials ¶ secret: secretName: aws-creds","",""
"CERT-MANAGER OPERATOR FOR RED HAT OPENSHIFT","9.6.2","Authenticating with AWS Security Token Service","To securely access AWS resources from your applications without managing long-lived keys, authenticate your workloads by using the AWS Security Token Service (STS). ¶ You have extracted and prepared the ccoctl binary. ¶ You have configured an OpenShift Container Platform cluster with AWS STS by using the Cloud Credential Operator in manual mode. ¶ 1. Create a directory to store a CredentialsRequest resource YAML file by running the following ¶ $ mkdir credentials-request ¶ 2. Create a CredentialsRequest resource YAML file under the credentials-request directory, such as, sample-credential-request.yaml, by applying the following yaml: ¶ kind: CredentialsRequest ¶ name: cert-manager namespace: openshift-cloud-credential-operator providerSpec: ¶ kind: AWSProviderSpec statementEntries: action: ¶ ""route53:GetChange"" effect: Allow resource: ""arn:aws:route53:::change/*"" action: ""route53:ChangeResourceRecordSets"" ""route53:ListResourceRecordSets"" effect: Allow resource: ""arn:aws:route53:::hostedzone/*"" action: ""route53:ListHostedZonesByName"" effect: Allow resource: ""*"" secretRef: name: aws-creds serviceAccountNames: cert-manager ¶ 3. Use the ccoctl tool to process CredentialsRequest objects by running the following command: ¶ $ ccoctl aws create-iam-roles \ -name <user_defined_name> --region=<aws_region> \ -credentials-requests-dir=<path_to_credrequests_dir> \ -identity-provider-arn <oidc_provider_arn> --output-dir=<path_to_output_dir> ¶ 2023/05/15 18:10:34 Role arn:aws:iam::XXXXXXXXXXXX:role/<user_defined_name>-cert- manager-aws-creds created 2023/05/15 18:10:34 Saved credentials configuration to: <path_to_output_dir>/manifests/cert-manager-aws-creds-credentials.yaml 2023/05/15 18:10:35 Updated Role policy for Role <user_defined_name>-cert-manager- aws-creds ¶ Copy the <aws_role_arn> from the output to use in the next step. For example, ""arn:aws:iam::XXXXXXXXXXXX:role/<user_defined_name>-cert-manager-aws-creds"" ¶ 4. Add the eks.amazonaws.com/role-arn=""<aws_role_arn>"" annotation to the service account by running the following command: ¶ $ oc -n cert-manager annotate serviceaccount cert-manager eks.amazonaws.com/role-arn="" <aws_role_arn>"" ¶ 5. To create a new pod, delete the existing cert-manager controller pod by running the following ¶ $ oc delete pods -l app.kubernetes.io/name=cert-manager -n cert-manager ¶ The AWS credentials are applied to a new cert-manager controller pod within a minute. ¶ 1. Get the name of the updated cert-manager controller pod by running the following command: $ oc get pods -l app.kubernetes.io/name=cert-manager -n cert-manager ¶ cert-manager-bd7fbb9fc-wvbbt 1/1 Running 0 39s ¶ 2. Verify that AWS credentials are updated by running the following command: $ oc set env -n cert-manager po/<cert_manager_controller_pod_name> --list ¶ # pods/cert-manager-57f9555c54-vbcpg, container cert-manager-controller # POD_NAMESPACE from field path metadata.namespace AWS_ROLE_ARN=XXXXXXXXXXXX AWS_WEB_IDENTITY_TOKEN_FILE=/var/run/secrets/eks.amazonaws.com/serviceaccount/to ken ¶ Configuring the Cloud Credential Operator utility","",""
"CERT-MANAGER OPERATOR FOR RED HAT OPENSHIFT","9.6.3","Authenticating on Google Cloud","To securely access Google Cloud resources, authenticate your workloads on Google Cloud by using the cert-manager Operator for Red Hat OpenShift. ¶ You have installed version 1.11.1 or later of the cert-manager Operator for Red Hat OpenShift. ¶ You have configured the Cloud Credential Operator to operate in mint or passthrough mode. ¶ 1. Create a CredentialsRequest resource YAML file, such as, sample-credential-request.yaml by applying the following yaml: ¶ kind: CredentialsRequest ¶ name: cert-manager namespace: openshift-cloud-credential-operator providerSpec: ¶ kind: GCPProviderSpec predefinedRoles: roles/dns.admin secretRef: name: gcp-credentials serviceAccountNames: cert-manager ¶ The dns.admin role provides admin privileges to the service account for managing Google Cloud DNS resources. To ensure that the cert-manager runs with the service account that has the least privilege, you can create a custom role with the following permissions: ¶ dns.resourceRecordSets.* ¶ dns.changes.* ¶ dns.managedZones.list ¶ 2. Create a CredentialsRequest resource by running the following command: ¶ $ oc create -f sample-credential-request.yaml ¶ 3. Update the subscription object for cert-manager Operator for Red Hat OpenShift by running ¶ $ oc -n cert-manager-operator patch subscription openshift-cert-manager-operator -- type=merge -p '{""spec"":{""config"":{""env"": [{""name"":""CLOUD_CREDENTIALS_SECRET_NAME"",""value"":""gcp-credentials""}]}}}' ¶ 1. Get the name of the redeployed cert-manager controller pod by running the following ¶ $ oc get pods -l app.kubernetes.io/name=cert-manager -n cert-manager ¶ NAME READY STATUS RESTARTS AGE ¶ cert-manager-bd7fbb9fc-wvbbt 1/1 Running 0 15m39s ¶ 2. Verify that the cert-manager controller pod is updated with Google Cloud credential volumes that are mounted under the path specified in mountPath by running the following command: ¶ $ oc get -n cert-manager pod/<cert-manager_controller_pod_name> -o yaml ¶ args: volumeMounts: mountPath: /.config/gcloud name: cloud-credentials .... name: cloud-credentials secret: items: key: service_account.json path: application_default_credentials.json secretName: gcp-credentials","",""
"CERT-MANAGER OPERATOR FOR RED HAT OPENSHIFT","9.6.4","Authenticating with Google Cloud Workload Identity","To securely access Google Cloud resources from your applications without managing long-lived keys, authenticate your workloads by using Google Cloud Workload Identity. ¶ You extracted and prepared the ccoctl binary. You have installed version 1.11.1 or later of the cert-manager Operator for Red Hat OpenShift. You have configured an OpenShift Container Platform cluster with Google Cloud Workload Identity by using the Cloud Credential Operator in a manual mode. ¶ 1. Create a directory to store a CredentialsRequest resource YAML file by running the following ¶ $ mkdir credentials-request ¶ 2. In the credentials-request directory, create a YAML file that contains the following CredentialsRequest manifest: ¶ kind: CredentialsRequest ¶ name: cert-manager namespace: openshift-cloud-credential-operator providerSpec: ¶ kind: GCPProviderSpec predefinedRoles: roles/dns.admin secretRef: name: gcp-credentials serviceAccountNames: cert-manager ¶ The dns.admin role provides admin privileges to the service account for managing Google Cloud DNS resources. To ensure that the cert-manager runs with the service account that has the least privilege, you can create a custom role with the following permissions: ¶ dns.resourceRecordSets.* ¶ dns.changes.* ¶ dns.managedZones.list ¶ 3. Use the ccoctl tool to process CredentialsRequest objects by running the following command: ¶ $ ccoctl gcp create-service-accounts \ -name <user_defined_name> --output-dir=<path_to_output_dir> \ -credentials-requests-dir=<path_to_credrequests_dir> \ -workload-identity-pool <workload_identity_pool> \ -workload-identity-provider <workload_identity_provider> \ -project <gcp_project_id> ¶ Example command ¶ $ ccoctl gcp create-service-accounts \ -name abcde-20230525-4bac2781 --output-dir=/home/outputdir \ -credentials-requests-dir=/home/credentials-requests \ -workload-identity-pool abcde-20230525-4bac2781 \ -workload-identity-provider abcde-20230525-4bac2781 \ -project openshift-gcp-devel ¶ 4. Apply the secrets generated in the manifests directory of your cluster by running the following ¶ $ ls <path_to_output_dir>/manifests/*-credentials.yaml | xargs -I{} oc apply -f {} ¶ 5. Update the subscription object for cert-manager Operator for Red Hat OpenShift by running ¶ $ oc -n cert-manager-operator patch subscription openshift-cert-manager-operator -- type=merge -p '{""spec"":{""config"":{""env"": [{""name"":""CLOUD_CREDENTIALS_SECRET_NAME"",""value"":""gcp-credentials""}]}}}' ¶ 1. Get the name of the redeployed cert-manager controller pod by running the following ¶ $ oc get pods -l app.kubernetes.io/name=cert-manager -n cert-manager ¶ cert-manager-bd7fbb9fc-wvbbt 1/1 Running 0 15m39s ¶ 2. Verify that the cert-manager controller pod is updated with Google Cloud workload identity credential volumes that are mounted under the path specified in mountPath by running the ¶ $ oc get -n cert-manager pod/<cert-manager_controller_pod_name> -o yaml ¶ args: volumeMounts: mountPath: /var/run/secrets/openshift/serviceaccount name: bound-sa-token mountPath: /.config/gcloud name: cloud-credentials name: bound-sa-token projected: sources: serviceAccountToken: audience: openshift path: token name: cloud-credentials secret: items: ¶ key: service_account.json path: application_default_credentials.json ¶ secretName: gcp-credentials ¶ Configuring the Cloud Credential Operator utility ¶ Manual mode with short-term credentials for components ¶ Default behavior of the Cloud Credential Operator","",""
"CERT-MANAGER OPERATOR FOR RED HAT OPENSHIFT > CONFIGURING AN ACME ISSUER","9.7.1","About ACME issuers","The ACME issuer type for the cert-manager Operator for Red Hat OpenShift represents an Automated Certificate Management Environment (ACME) certificate authority (CA) server. ACME CA servers rely on a challenge to verify that a client owns the domain names that the certificate is being requested for. If the challenge is successful, the cert-manager Operator for Red Hat OpenShift can issue the certificate. If the challenge fails, the cert-manager Operator for Red Hat OpenShift does not issue the certificate. ¶ Private DNS zones are not supported with Let's Encrypt and internet ACME servers. ¶ 9.7.1.1. Supported ACME challenges types To validate domain ownership with ACME issuers, you can use the challenge types supported by the cert-manager Operator for Red Hat OpenShift. ¶ The cert-manager Operator for Red Hat OpenShift supports the following challenge types for ACME issuers: ¶ HTTP-01 With the HTTP-01 challenge type, you provide a computed key at an HTTP URL endpoint in your domain. If the ACME CA server can get the key from the URL, it can validate you as the owner of the domain. For more information, see HTTP01 in the upstream cert-manager documentation. ¶ HTTP-01 requires that the Let's Encrypt servers can access the route of the cluster. If an internal or private cluster is behind a proxy, the HTTP-01 validations for certificate issuance fail. ¶ The HTTP-01 challenge is restricted to port 80. For more information, see HTTP-01 challenge (Let's Encrypt). ¶ DNS-01 With the DNS-01 challenge type, you provide a computed key at a DNS TXT record. If the ACME CA server can get the key by DNS lookup, it can validate you as the owner of the domain. For more information, see DNS01 in the upstream cert-manager documentation. ¶ 9.7.1.2. Supported DNS-01 providers To configure DNS-01 challenges for ACME issuers, you can validate domain ownership by integrating with supported services, such as Amazon Route 53, Azure DNS, and Google Cloud DNS, or by using Webhooks. ¶ The cert-manager Operator for Red Hat OpenShift supports the following DNS-01 providers for ACME issuers: ¶ Amazon Route 53 ¶ Azure DNS ¶ The cert-manager Operator for Red Hat OpenShift does not support using Microsoft Entra ID pod identities to assign a managed identity to a pod. ¶ Google Cloud DNS ¶ Webhook Red Hat tests and supports DNS providers using an external webhook with cert-manager on OpenShift Container Platform. The following DNS providers are tested and supported with OpenShift Container Platform: ¶ cert-manager-webhook-ibmcis ¶ Using a DNS provider that is not listed might work with OpenShift Container Platform, but the provider was not tested by Red Hat and therefore is not supported by Red Hat.","",""
"CERT-MANAGER OPERATOR FOR RED HAT OPENSHIFT > CONFIGURING AN ACME ISSUER","9.7.2","Configuring an ACME issuer to solve HTTP-01 challenges","You can use cert-manager Operator for Red Hat OpenShift to set up an ACME issuer to solve HTTP-01 challenges. This procedure uses Let's Encrypt as the ACME CA server. ¶ You have a service that you want to expose. In this procedure, the service is named sample- workload. ¶ 1. Create an ACME cluster issuer. ¶ a. Create a YAML file, acme-cluster-issuer.yaml, that defines the ClusterIssuer object: ¶ kind: ClusterIssuer ¶ name: <cluster_issuer_name> ¶ preferredChain: """" name: <secret_for_private_key> server: <url> http01: ingress: ingressClassName: <ingress_class_name> ¶ <cluster_issuer_name> Specifies a name for the cluster issuer. ¶ <secret_for_private_key> Specifies the name of secret to store the ACME account private key in. ¶ <url> Specifies the URL to access the ACME server's directory endpoint. This example uses the Let's Encrypt staging environment. ¶ <ingress_class_name> Specifies the Ingress class, for example, openshift-default. ¶ b. Optional: If you create the object without specifying ingressClassName, use the following command to patch the existing ingress: ¶ $ oc patch ingress/<ingress-name> --type=merge --patch '{""spec"": {""ingressClassName"":""openshift-default""}}' -n <namespace> ¶ c. Create the ClusterIssuer object by running the following command: ¶ $ oc create -f acme-cluster-issuer.yaml ¶ 2. Create an Ingress to expose the service of the user workload. ¶ a. Create a YAML file, for example, namespace.yaml, that defines a Namespace object: ¶ kind: Namespace ¶ name: <ingress_namespace> ¶ Replace <ingress_namespace> with the namespace for the Ingress. ¶ b. Create the Namespace object by running the following command: ¶ $ oc create -f namespace.yaml ¶ c. Create a YAML file, for example, ingress.yaml, that defines the Ingress object: ¶ apiVersion: networking.k8s.io/v1 kind: Ingress ¶ name: <ingress_name> namespace: <ingress_namespace> ¶ cert-manager.io/cluster-issuer: <cluster_issuer_name> ¶ ingressClassName: <ingress_class_name> tls: hosts: ¶ <tls_hostname> secretName: <secret_name> rules: host: <hostname> http: ¶ paths: path: / ¶ pathType: Prefix backend: ¶ service: name: <service_name> port: number: 80 ¶ <ingress_name> Specifies the name of the Ingress. ¶ <ingress_namespace> Specifies the namespace that you created for the Ingress. ¶ <cluster_issuer_name> Specifies the cluster issuer that you created. ¶ <ingress_class_name> Specifies the Ingress class name. ¶ <tls_hostname> Specifies the Subject Alternative Name (SAN) to be associated with the certificate. This name is used to add DNS names to the certificate. ¶ Specifies the secret that stores the certificate. ¶ <hostname> Specifies the host name. You can use the <host_name>.<cluster_ingress_domain> syntax to take advantage of the *.<cluster_ingress_domain> wildcard DNS record and serving certificate for the cluster. For example, you might use apps. <cluster_base_domain>. Otherwise, you must ensure that a DNS record exists for the chosen hostname. ¶ <service_name> Specifies the name of the service to expose. This example uses a service named sample-workload. ¶ d. Create the Ingress object by running the following command: ¶ $ oc create -f ingress.yaml","",""
"CERT-MANAGER OPERATOR FOR RED HAT OPENSHIFT > CONFIGURING AN ACME ISSUER","9.7.3","Configuring an ACME issuer by using explicit credentials for AWS Route53","You can use cert-manager Operator for Red Hat OpenShift to set up an Automated Certificate Management Environment (ACME) issuer to solve DNS-01 challenges by using explicit credentials on AWS. This procedure uses Let's Encrypt as the ACME certificate authority (CA) server and shows how to solve DNS-01 challenges with Amazon Route 53. ¶ You must provide the explicit accessKeyID and secretAccessKey credentials. For more information, see Route53 in the upstream cert-manager documentation. ¶ You can use Amazon Route 53 with explicit credentials in an OpenShift Container Platform cluster that is not running on AWS. ¶ 1. Optional: Override the name server settings for the DNS-01 self check. ¶ This step is required only when the target public-hosted zone overlaps with the cluster's default ¶ This step is required only when the target public-hosted zone overlaps with the cluster's default private-hosted zone. ¶ a. Edit the CertManager resource by running the following command: ¶ b. Add a spec.controllerConfig section with the following override arguments: ¶ '--dns01-recursive-nameservers-only' '--dns01-recursive-nameservers=1.1.1.1:53' ¶ -dns01-recursive-nameservers-only Specifies recursive name servers instead of checking the authoritative name servers associated with that domain. ¶ -dns01-recursive-nameservers=1.1.1.1:53 Specifies a comma-separated list of <host>:<port> names servers to query for the DNS-01 self check. You must use a 1.1.1.1:53 value to avoid the public and private zones overlapping. ¶ c. Save the file to apply the changes. ¶ 2. Optional: Create a namespace for the issuer: ¶ $ oc new-project <issuer_namespace> ¶ 3. Create a secret to store your AWS credentials in by running the following command: ¶ $ oc create secret -n my-issuer-namespace generic aws-secret \ -from-literal=awsSecretAccessKey=<aws_secret_access_key> ¶ Replace <aws_secret_access_key> with your AWS secret access key. ¶ 4. Create an issuer: ¶ a. Create a YAML file that defines the Issuer object: ¶ Example issuer.yaml file ¶ name: <issuer_name> ¶ namespace: <issuer_namespace> ¶ server: <server> email: ""<email_address>"" name: <secret_private_key> dns01: route53: accessKeyID: <aws_key_id> hostedZoneID: <hosted_zone_id> region: <region_name> secretAccessKeySecretRef: name: ""<aws_secret>"" key: ""<aws_secret_access_key>"" ¶ <issuer_name> Specifies a name for the issuer. ¶ <issuer_namespace> Specifies the namespace that you created for the issuer. ¶ server Specifies the URL to access the ACME server's directory endpoint. This example uses the Let's Encrypt staging environment. ¶ <email_address> Specifies your email address. ¶ <secret_private_key> Specifies the name of the secret to store the ACME account private key in. ¶ <aws_key_id> Specifies your AWS key ID. ¶ <hosted_zone_id> Specifies your hosted zone ID. ¶ <region_name> Specifies the AWS region name. For example, us-east-1. ¶ <aws_secret> Specifies the name of the secret you created. ¶ <aws_secret_access_key> Specifies the key in the secret you created that stores your AWS secret access key. ¶ b. Create the Issuer object by running the following command: ¶ $ oc create -f issuer.yaml","",""
"CERT-MANAGER OPERATOR FOR RED HAT OPENSHIFT > CONFIGURING AN ACME ISSUER","9.7.4","Configuring an ACME issuer by using ambient credentials on AWS","You can use cert-manager Operator for Red Hat OpenShift to set up an ACME issuer to solve DNS-01 challenges by using ambient credentials on AWS. This procedure uses Let's Encrypt as the ACME CA server and shows how to solve DNS-01 challenges with Amazon Route 53. ¶ If your cluster is configured to use the AWS Security Token Service (STS), you followed the instructions from the Configuring cloud credentials for the cert-manager Operator for Red Hat OpenShift for the AWS Security Token Service cluster section. ¶ If your cluster does not use the AWS STS, you followed the instructions from the Configuring cloud credentials for the cert-manager Operator for Red Hat OpenShift on AWS section. ¶ 1. Optional: Override the name server settings for the DNS-01 self check. This step is required only when the target public-hosted zone overlaps with the cluster's default private-hosted zone. ¶ a. Edit the CertManager resource by running the following command: ¶ b. Add a spec.controllerConfig section with the following override arguments: ¶ '--dns01-recursive-nameservers-only' '--dns01-recursive-nameservers=1.1.1.1:53' ¶ -dns01-recursive-nameservers-only Specifies recursive name servers instead of checking the authoritative name servers associated with that domain. ¶ -dns01-recursive-nameservers=1.1.1.1:53 Specifies a comma-separated list of <host>:<port> name servers to query for the DNS- 01 self check. You must use a 1.1.1.1:53 value to avoid the public and private zones overlapping. ¶ c. Save the file to apply the changes. ¶ 2. Optional: Create a namespace for the issuer: ¶ $ oc new-project <issuer_namespace> ¶ 3. Modify the CertManager resource to add the --issuer-ambient-credentials argument: ¶ $ oc patch certmanager/cluster \ -type=merge \ p='{""spec"":{""controllerConfig"":{""overrideArgs"":[""--issuer-ambient-credentials""]}}}' ¶ 4. Create an issuer: ¶ a. Create a YAML file that defines the Issuer object: ¶ Example issuer.yaml file ¶ name: <issuer_name> namespace: <issuer_namespace> ¶ server: <server> email: ""<email_address>"" ¶ name: <secret_private_key> dns01: ¶ route53: hostedZoneID: <hosted_zone_id> region: us-east-1 ¶ <issuer_name> Specifies a name for the issuer. ¶ <issuer_namespace> Specifies the namespace that you created for the issuer. ¶ <server> Specifies the URL to access the ACME server's directory endpoint. This example uses the Let's Encrypt staging environment. ¶ <email_address> Specifies your email address. ¶ <secret_private_key> Specifies the name of the secret to store the ACME account private key in. ¶ <hosted_zone_id> Specifies your hosted zone ID. ¶ b. Create the Issuer object by running the following command: ¶ $ oc create -f issuer.yaml","",""
"CERT-MANAGER OPERATOR FOR RED HAT OPENSHIFT > CONFIGURING AN ACME ISSUER","9.7.5","Configuring an ACME issuer by using explicit credentials for Google Cloud","9.7.5. Configuring an ACME issuer by using explicit credentials for Google Cloud DNS ¶ You can use the cert-manager Operator for Red Hat OpenShift to set up an ACME issuer to solve DNS- 01 challenges by using explicit credentials on Google Cloud. This procedure uses Let's Encrypt as the ACME CA server and shows how to solve DNS-01 challenges with Google Cloud DNS. ¶ You have set up a Google Cloud service account with a desired role for Google Cloud DNS. For more information, see Google Cloud DNS in the upstream cert-manager documentation. ¶ You can use Google Cloud DNS with explicit credentials in an OpenShift Container Platform cluster that is not running on Google Cloud. ¶ 1. Optional: Override the name server settings for the DNS-01 self check. This step is required only when the target public-hosted zone overlaps with the cluster's default private-hosted zone. ¶ a. Edit the CertManager resource by running the following command: ¶ b. Add a spec.controllerConfig section with the following override arguments: ¶ '--dns01-recursive-nameservers-only' '--dns01-recursive-nameservers=1.1.1.1:53' ¶ -dns01-recursive-nameservers-only Specifies recursive name servers instead of checking the authoritative name servers associated with that domain. ¶ -dns01-recursive-nameservers=1.1.1.1:53 Specifies a comma-separated list of <host>:<port> name servers to query for the DNS- 01 self check. You must use a 1.1.1.1:53 value to avoid the public and private zones overlapping. ¶ c. Save the file to apply the changes. ¶ 2. Optional: Create a namespace for the issuer: ¶ $ oc new-project my-issuer-namespace ¶ 3. Create a secret to store your Google Cloud credentials by running the following command: ¶ $ oc create secret generic clouddns-dns01-solver-svc-acct --from-file=service_account.json= <path/to/gcp_service_account.json> -n my-issuer-namespace ¶ 4. Create an issuer: ¶ a. Create a YAML file, for example, issuer.yaml, that defines the Issuer object: ¶ name: <acme_dns01_clouddns_issuer> namespace: <issuer_namespace> ¶ preferredChain: """" ¶ name: <secret_private_key> server: <server> dns01: ¶ cloudDNS: project: <project_id> serviceAccountSecretRef: name: <secret> key: <service_account.json> ¶ <acme_dns01_clouddns_issuer> Specifies a name for the issuer. ¶ <issuer_namespace> Specifies your issuer namespace. ¶ <secret_private_key> Specifies the name of the secret to store the ACME account private key in. ¶ <server> Specifies the URL to access the ACME server's directory endpoint. This example uses the Let's Encrypt staging environment. ¶ <project_id> Specifies the name of the Google Cloud project that contains the Cloud DNS zone. ¶ <secret> Specifies the name of the secret you created. ¶ <service_account.json> Specifies the key in the secret you created that stores your Google Cloud secret access key. ¶ b. Create the Issuer object by running the following command: ¶ $ oc create -f issuer.yaml","",""
"CERT-MANAGER OPERATOR FOR RED HAT OPENSHIFT > CONFIGURING AN ACME ISSUER","9.7.6","Configuring an ACME issuer by using ambient credentials on Google Cloud","You can use the cert-manager Operator for Red Hat OpenShift to set up an ACME issuer to solve DNS- 01 challenges by using ambient credentials on Google Cloud. This procedure uses Let's Encrypt as the ACME CA server and shows how to solve DNS-01 challenges with Google Cloud DNS. ¶ If your cluster is configured to use Google Cloud Workload Identity, you followed the instructions from the Configuring cloud credentials for the cert-manager Operator for Red Hat OpenShift with Google Cloud Workload Identity section. ¶ If your cluster does not use Google Cloud Workload Identity, you followed the instructions from the Configuring cloud credentials for the cert-manager Operator for Red Hat OpenShift on Google Cloud section. ¶ 1. Optional: Override the name server settings for the DNS-01 self check. This step is required only when the target public-hosted zone overlaps with the cluster's default private-hosted zone. ¶ a. Edit the CertManager resource by running the following command: ¶ b. Add a spec.controllerConfig section with the following override arguments: ¶ '--dns01-recursive-nameservers-only' '--dns01-recursive-nameservers=1.1.1.1:53' ¶ -dns01-recursive-nameservers-only Specifies recursive name servers instead of checking the authoritative name servers associated with that domain. ¶ -dns01-recursive-nameservers=1.1.1.1:53 Specifies a comma-separated list of <host>:<port> name servers to query for the DNS- 01 self check. You must use a 1.1.1.1:53 value to avoid the public and private zones overlapping. ¶ c. Save the file to apply the changes. ¶ 2. Optional: Create a namespace for the issuer: ¶ $ oc new-project <issuer_namespace> ¶ 3. Modify the CertManager resource to add the --issuer-ambient-credentials argument: ¶ $ oc patch certmanager/cluster \ -type=merge \ p='{""spec"":{""controllerConfig"":{""overrideArgs"":[""--issuer-ambient-credentials""]}}}' ¶ 4. Create an issuer: ¶ a. Create a YAML file that defines the Issuer object: ¶ Example issuer.yaml file ¶ name: <issuer_name> namespace: <issuer_namespace> ¶ preferredChain: """" ¶ name: <secret_private_key> server: <server> dns01: ¶ cloudDNS: project: <gcp_project_id> ¶ <issuer_name> Specifies a name for the issuer. ¶ <secret_private_key> Specifies the name of the secret to store the ACME account private key in. ¶ <server> Specifies the URL to access the ACME server's directory endpoint. This example uses the Let's Encrypt staging environment. ¶ <gcp_project_id> Specifies the name of the Google Cloud project that contains the Cloud DNS zone. ¶ b. Create the Issuer object by running the following command: ¶ $ oc create -f issuer.yaml","",""
"CERT-MANAGER OPERATOR FOR RED HAT OPENSHIFT > CONFIGURING AN ACME ISSUER","9.7.7","Configuring an ACME issuer by using explicit credentials for Microsoft Azure","9.7.7. Configuring an ACME issuer by using explicit credentials for Microsoft Azure DNS ¶ You can use cert-manager Operator for Red Hat OpenShift to set up an ACME issuer to solve DNS-01 challenges by using explicit credentials on Microsoft Azure. This procedure uses Let's Encrypt as the ACME CA server and shows how to solve DNS-01 challenges with Azure DNS. ¶ You have set up a service principal with desired role for Azure DNS. For more information, see Azure DNS in the upstream cert-manager documentation. ¶ You can follow this procedure for an OpenShift Container Platform cluster that is not running on Microsoft Azure. ¶ 1. Optional: Override the nameserver settings for the DNS-01 self check. This step is required only when the target public-hosted zone overlaps with the cluster's default private-hosted zone. ¶ a. Edit the CertManager resource by running the following command: ¶ b. Add a spec.controllerConfig section with the following override arguments: ¶ '--dns01-recursive-nameservers-only' '--dns01-recursive-nameservers=1.1.1.1:53' ¶ -dns01-recursive-nameservers-only Specifies recursive name servers instead of checking the authoritative name servers associated with that domain. ¶ -dns01-recursive-nameservers=1.1.1.1:53 Specifies a comma-separated list of <host>:<port> name servers to query for the DNS- 01 self check. You must use a 1.1.1.1:53 value to avoid the public and private zones overlapping. ¶ c. Save the file to apply the changes. ¶ 2. Optional: Create a namespace for the issuer: ¶ $ oc new-project my-issuer-namespace ¶ 3. Create a secret to store your Azure credentials in by running the following command: ¶ $ oc create secret generic <secret_name> --from-literal= <azure_secret_access_key_name>=<azure_secret_access_key_value> \ ¶ n my-issuer-namespace ¶ Replace <secret_name> with your secret name. ¶ Replace <azure_secret_access_key_name> with your Azure secret access key name. ¶ Replace <azure_secret_access_key_value> with your Azure secret key. ¶ 4. Create an issuer: ¶ a. Create a YAML file, for example, issuer.yaml, that defines the Issuer object: ¶ name: <acme-dns01-azuredns-issuer> namespace: <issuer_namespace> ¶ preferredChain: """" ¶ name: <secret_private_key> server: <server> dns01: ¶ azureDNS: clientID: <azure_client_id> clientSecretSecretRef: name: <secret_name> key: <azure_secret_access_key_name> subscriptionID: <azure_subscription_id> tenantID: <azure_tenant_id> resourceGroupName: <azure_dns_zone_resource_group> hostedZoneName: <azure_dns_zone> environment: AzurePublicCloud ¶ <acme-dns01-azuredns-issuer> Specifies a name for the issuer. ¶ <issuer_namespace> Specifies your issuer namespace. ¶ <secret_private_key> Specifies the name of the secret to store the ACME account private key in. ¶ <server> ¶ Specifies the URL to access the ACME server's directory endpoint. This example uses ¶ Specifies the URL to access the ACME server's directory endpoint. This example uses the Let's Encrypt staging environment. <azure_client_id> Specifies your Azure client ID. Specifies a name of the client secret. <azure_secret_access_key_name> Specifies the client secret key name. <azure_subscription_id> Specifies your Azure subscription ID. <azure_tenant_id> Specifies your Azure tenant ID. <azure_dns_zone_resource_group> Specifies the name of the Azure DNS zone resource group. <azure_dns_zone> Specifies the name of Azure DNS zone. ¶ b. Create the Issuer object by running the following command: ¶ $ oc create -f issuer.yaml","",""
"CERT-MANAGER OPERATOR FOR RED HAT OPENSHIFT > CONFIGURING AN ACME ISSUER","9.7.8","Additional resources","Configuring cloud credentials for the cert-manager Operator for Red Hat OpenShift for the AWS Security Token Service cluster ¶ Configuring cloud credentials for the cert-manager Operator for Red Hat OpenShift on AWS ¶ Configuring cloud credentials for the cert-manager Operator for Red Hat OpenShift with Google Cloud Workload Identity ¶ Configuring cloud credentials for the cert-manager Operator for Red Hat OpenShift on Google Cloud","",""
"CERT-MANAGER OPERATOR FOR RED HAT OPENSHIFT > CONFIGURING CERTIFICATES WITH AN ISSUER","9.8.1","Creating certificates for user workloads","To secure communications for your applications, create and manage TLS certificates for your workloads by using the cert-manager Operator for Red Hat OpenShift ¶ You have installed the cert-manager Operator for Red Hat OpenShift. ¶ 1. Create an issuer. For more information, see ""Configuring an issuer"" in the ""Additional resources"" section. ¶ 2. Create a certificate: ¶ a. Create a YAML file, for example, certificate.yaml, that defines the Certificate object: ¶ kind: Certificate ¶ name: <tls_cert> namespace: <issuer_namespace> isCA: false commonName: '<common_name>' secretName: <secret_name> dnsNames: ""<domain_name>"" ¶ name: <issuer_name> ¶ <tls_cert> Specifies a name for the certificate. ¶ <issuer_namespace> Specifies the namespace of the issuer. ¶ <common_name> Specifies the common name (CN). ¶ Specifies the name of the secret to create that contains the certificate. ¶ <domain_name> Specifies the domain name. ¶ <issuer_name> Specifies the name of the issuer. ¶ b. Create the Certificate object by running the following command: ¶ $ oc create -f certificate.yaml ¶ Verify that the certificate is created and ready to use by running the following command: ¶ $ oc get certificate -w -n <issuer_namespace> ¶ Once certificate is in Ready status, workloads on your cluster can start using the generated certificate secret.","",""
"CERT-MANAGER OPERATOR FOR RED HAT OPENSHIFT > CONFIGURING CERTIFICATES WITH AN ISSUER","9.8.2","Creating certificates for the API server","To secure interactions with the cluster control plane, create TLS certificates for the API server by using the cert-manager Operator for Red Hat OpenShift. ¶ You have installed version 1.13.0 or later of the cert-manager Operator for Red Hat OpenShift. ¶ 1. Create an issuer. For more information, see ""Configuring an issuer"" in the ""Additional resources"" section. ¶ 2. Create a certificate: ¶ a. Create a YAML file, for example, certificate.yaml, that defines the Certificate object: ¶ kind: Certificate ¶ name: <tls_cert> namespace: openshift-config isCA: false commonName: ""api.<cluster_base_domain>"" secretName: <secret_name> dnsNames: ""api.<cluster_base_domain>"" ¶ name: <issuer_name> ¶ <tls_cert> Specifies a name for the certificate. ¶ <cluster_base_domain> Specifies the common name (CN). ¶ Specifies the name of the secret to create that contains the certificate. ¶ <issuer_name> Specifies the name of the issuer. ¶ b. Create the Certificate object by running the following command: ¶ $ oc create -f certificate.yaml ¶ 3. Add the API server named certificate. For more information, see ""Adding an API server named certificate"" section in the ""Additional resources"" section. ¶ To ensure the certificates are updated, run the oc login command again after the certificate is created. ¶ Verify that the certificate is created and ready to use by running the following command: ¶ $ oc get certificate -w -n openshift-config ¶ Once certificate is in Ready status, API server on your cluster can start using the generated certificate secret.","",""
"CERT-MANAGER OPERATOR FOR RED HAT OPENSHIFT > CONFIGURING CERTIFICATES WITH AN ISSUER","9.8.3","Creating certificates for the Ingress Controller","You can create a certificate for the Ingress Controller and then replace bootstrapped default self- signed certificates with cert-manager-managed external certificates. ¶ Before using the procedure, ensure you understand the following Ingress Controller behaviors: ¶ When certificates are renewed or rotated by using the cert-manager Operator, only the contents of the secret, such as the certificate and key, are updated. The secret name remains unchanged. Kubelet automatically propagates these updates to the mounted volume, allowing the router to detect the file changes and hot-reload the new certificate and key. As a result, no rolling update of the router deployment is triggered or required. ¶ The secret name is referenced in the Ingress Controller configuration. If you want to replace the default ingress certificate or use different secret name in Ingress Controller configuration, you must patch or edit the configuration to apply the change. This operation triggers a rolling update for router pods where new router pods load the new cert/key pair. ¶ For more information, see this Red Hat Knowledgebase Solution . ¶ You have installed version 1.13.0 or later of the cert-manager Operator for Red Hat OpenShift. ¶ 1. Create an issuer. For more information, see ""Configuring an issuer"" in the ""Additional resources"" section. ¶ 2. Create a certificate: ¶ a. Create a YAML file, for example, certificate.yaml, that defines the Certificate object: ¶ a. Create a YAML file, for example, certificate.yaml, that defines the Certificate object: ¶ Example certificate.yaml file ¶ kind: Certificate ¶ name: <tls_cert> namespace: openshift-ingress isCA: false commonName: ""apps.<cluster_base_domain>"" secretName: <secret_name> dnsNames: ""apps.<cluster_base_domain>"" ""\*.apps.<cluster_base_domain>"" ¶ name: <issuer_name> ¶ <tls_cert> Specifies the name for the certificate. ¶ <cluster_base_domain> Specifies the common name (CN). ¶ Specifies the name of the secret to create that contains the certificate. ¶ <cluster_base_domain> Specifies the DNS name of the ingress. ¶ <issuer_name> Specifies the name of the issuer. ¶ b. Create the Certificate object by running the following command: ¶ $ oc create -f certificate.yaml ¶ 3. Replace the default ingress certificate. For more information, see ""Replacing the default ingress certificate"" section in the ""Additional resources"" section. ¶ 1. Verify that the certificate is created and ready to use by running the following command: ¶ $ oc get certificate -n openshift-ingress ¶ 2. Verify the definition and content of the secret object by running the following command: ¶ $ oc get secret <secretName> -n openshift-ingress ¶ 3. Verify that the default TLS certificate has the correct configuration details for the Ingress ¶ 3. Verify that the default TLS certificate has the correct configuration details for the Ingress Controller by running the following command: ¶ $ oc get ingresscontroller default -n openshift-ingress-operator -o yaml | grep -A2 defaultCertificate ¶ After the certificate is in Ready status, the Ingress Controller on your cluster can start using the generated certificate secret.","",""
"CERT-MANAGER OPERATOR FOR RED HAT OPENSHIFT > CONFIGURING CERTIFICATES WITH AN ISSUER","9.8.4","Additional resources","Supported issuer types ¶ Configuring an ACME issuer ¶ Adding an API server named certificate ¶ Replacing the default ingress certificate ¶ 9.9. SECURING ROUTES WITH THE CERT-MANAGER OPERATOR FOR RED HAT OPENSHIFT ¶ In the OpenShift Container Platform, the route API is extended to provide a configurable option to reference TLS certificates via secrets. With externally managed certificates enabled, you can minimize errors from manual intervention, streamline the certificate management process, and enable the OpenShift Container Platform router to promptly serve the referenced certificate.","",""
"CERT-MANAGER OPERATOR FOR RED HAT OPENSHIFT > CONFIGURING CERTIFICATES WITH AN ISSUER","9.9.1","Configuring certificates to secure routes in your cluster","To encrypt traffic between external clients and your applications, configure certificates for routes in your OpenShift Container Platform cluster. You can secure your routes by defining TLS termination types, such as edge, passthrough, or re-encrypt, to match your specific security policies. ¶ You have installed version 1.14.0 or later of the cert-manager Operator for Red Hat OpenShift. ¶ You have create permission on the routes/custom-host sub-resource, which is used for both creating and updating routes. ¶ You have a Service resource that you want to expose. ¶ 1. Create an Issuer to configure the HTTP-01 solver by running the following command. For other ACME issuer types, see ""Configuring ACME an issuer"". ¶ $ oc create -f - << EOF ¶ name: letsencrypt-acme namespace: <namespace> ¶ server: https://acme-v02.api.letsencrypt.org/directory name: letsencrypt-acme-account-key http01: ingress: ingressClassName: openshift-default ¶ EOF ¶ Replace <namespace> with the namespace where the Issuer is located. It must be the same as your route's namespace. ¶ 2. Create a Certificate object for the route by running the following command. The secretName specifies the TLS secret that is going to be issued and managed by cert-manager and will also be referenced in your route in the following steps. ¶ $ oc create -f - << EOF kind: Certificate ¶ name: example-route-cert namespace: <namespace> commonName: <common_host> dnsNames: ¶ <hostname> usages: ¶ server auth ¶ name: letsencrypt-acme secretName: <secret_name> EOF ¶ <namespace> ¶ Specifies the namespace where the Certificate resource is located. It should be the same as your route's namespace. <common_host> ¶ Specifies the certificate's common name using the hostname of the route. <hostname> ¶ Specifies the hostname of your route to the certificate's DNS names. ¶ Specifies the name of the secret that contains the certificate. ¶ 3. Create a Role to provide the router service account permissions to read the referenced secret by using the following command: ¶ $ oc create role secret-reader \ -verb=get,list,watch \ -resource=secrets \ ¶ -resource-name=<secret_name> \ -namespace=<namespace> ¶ Specifies the name of the secret that you want to grant access to. It should be consistent with your secretName specified in the Certificate resource. ¶ <namespace> Specifies the namespace where both your secret and route are located. ¶ 4. Create a RoleBinding resource to bind the router service account with the newly created Role resource by using the following command: ¶ $ oc create rolebinding secret-reader-binding \ -role=secret-reader \ -serviceaccount=openshift-ingress:router \ -namespace=<namespace> ¶ Replace <namespace> with the namespace where both your secret and route are located. ¶ 5. Create a route for your service resource, that uses edge TLS termination and a custom hostname, by running the following command. The hostname is used when creating a Certificate resource in the next step. ¶ $ oc create route edge <route_name> \ -service=<service_name> \ -hostname=<hostname> \ -namespace=<namespace> ¶ <route_name> Specifies your route's name. ¶ <service_name> Specifies the service you want to expose. ¶ <hostname> Specifies the hostname of your route. ¶ <namespace> Specifies the namespace where your route is located. ¶ 6. Update your route's .spec.tls.externalCertificate field to reference the previously created secret and use the certificate issued by cert-manager by using the following command: ¶ $ oc patch route <route_name> \ n <namespace> \ -type=merge \ p '{""spec"":{""tls"":{""externalCertificate"":{""name"":""<secret_name>""}}}}' ¶ <route_name> Specifies the route name. ¶ <namespace> Specifies the namespace where both your secret and route are located. ¶ Specifies the name of the secret that contains the certificate. ¶ 1. Verify that the certificate is created and ready to use by running the following command: ¶ $ oc get certificate -n <namespace> $ oc get secret -n <namespace> ¶ Replace <namespace> with the namespace name where both your secret and route reside. ¶ 2. Verify that the router is using the referenced external certificate by running the following command. The command should return with the status code 200 OK. ¶ $ curl -IsS https://<hostname> ¶ Replace <hostname> with the hostname of your route. ¶ 3. Verify the server certificate's subject, subjectAltName and issuer are all as expected from the curl verbose outputs by running the following command: ¶ $ curl -v https://<hostname> ¶ Replace <hostname> with the hostname of your route. The route is now successfully secured by the certificate from the referenced secret issued by cert-manager. cert-manager will automatically manage the certificate's lifecycle.","",""
"CERT-MANAGER OPERATOR FOR RED HAT OPENSHIFT > CONFIGURING CERTIFICATES WITH AN ISSUER","9.9.2","Additional resources","Creating a route with externally managed certificate Configuring an ACME issuer ¶ 9.10. INTEGRATING THE CERT-MANAGER OPERATOR FOR RED HAT OPENSHIFT WITH ISTIO-CSR ¶ The cert-manager Operator for Red Hat OpenShift provides enhanced support for securing workloads and control plane components in Red Hat OpenShift Service Mesh or Istio. This includes support for certificates enabling mutual TLS (mTLS), which are signed, delivered, and renewed using cert-manager issuers. You can secure Istio workloads and control plane components by using the cert-manager Operator for Red Hat OpenShift managed Istio-CSR agent. With this Istio-CSR integration, Istio can now obtain certificates from the cert-manager Operator for Red Hat OpenShift, simplifying security and certificate management.","",""
"CERT-MANAGER OPERATOR FOR RED HAT OPENSHIFT > CONFIGURING CERTIFICATES WITH AN ISSUER > Installing the Istio-CSR agent through cert-manager Operator for Red Hat","9.10.1.1","Creating a root CA issuer for the Istio-CSR agent","To enable certificate signing for the Istio-CSR agent, configure a root CA issuer using the cert-manager Operator for Red Hat OpenShift. You can establish a trusted root by using the cert-manager Operator for Red Hat OpenShift to ensure secure communication between workloads. ¶ Other supported issuers can be used, except for the ACME issuer, which is not supported. For more information, see ""cert-manager Operator for Red Hat OpenShift issuer providers"". ¶ 1. Create a YAML file that defines the Issuer and Certificate objects by using the following example configuration: ¶ name: selfsigned namespace: <istio_project_name> selfSigned: {} kind: Certificate name: istio-ca namespace: <istio_project_name> isCA: true duration: 87600h # 10 years secretName: istio-ca commonName: istio-ca privateKey: ¶ algorithm: ECDSA size: 256 subject: organizations: ¶ cluster.local cert-manager name: selfsigned group: cert-manager.io name: istio-ca namespace: <istio_project_name> ¶ ca: secretName: istio-ca ¶ Issuer ¶ Specifies the Issuer or ClusterIssuer. <istio_project_name> ¶ Specifies the name of the Istio project. ¶ Verify that the Issuer is created and ready to use by running the following command: $ oc get issuer istio-ca -n <istio_project_name> ¶ NAME READY AGE istio-ca True 3m ¶ cert-manager Operator for Red Hat OpenShift issuer providers ¶ 9.10.1.2. Creating the IstioCSR custom resource To secure your communications, install the Istio-CSR agent by creating the IstioCSR custom resource through the cert-manager Operator for Red Hat OpenShift. ¶ You have enabled the Istio-CSR feature. You have created the Issuer or ClusterIssuer resources required for generating certificates for the Istio-CSR agent. ¶ If you are using Issuer resource, create the Issuer and Certificate resources in the Red Hat OpenShift Service Mesh or Istiod namespace. Certificate requests are generated in the same namespace, and role-based access control (RBAC) is configured accordingly. ¶ 1. Create a new project for installing Istio-CSR by running the following command. If you have an existing project for installing Istio-CSR, skip this step. ¶ $ oc new-project <istio_csr_project_name> ¶ 2. Create the IstioCSR custom resource to enable Istio-CSR agent managed by the cert-manager Operator for Red Hat OpenShift for processing Istio workload and control plane certificate signing requests. ¶ Only one IstioCSR custom resource (CR) is supported at a time. If multiple IstioCSR CRs are created, only one will be active. Use the status sub-resource of IstioCSR to check if a resource is unprocessed. ¶ If multiple IstioCSR CRs are created simultaneously, none will be processed. ¶ If multiple IstioCSR CRs are created sequentially, only the first one will be processed. ¶ To prevent new requests from being rejected, delete any unprocessed IstioCSR CRs. ¶ The Operator does not automatically remove objects created for IstioCSR. If an active IstioCSR resource is deleted and a new one is created in a different namespace without removing the previous deployments, multiple istio-csr deployments may remain active. This behavior is not recommended and is not supported. ¶ a. Create a YAML file that defines the IstioCSR object by using the following example: ¶ kind: IstioCSR ¶ namespace: <istio_csr_project_name> istioCSRConfig: ¶ certManager: name: istio-ca group: cert-manager.io ¶ istiodTLSConfig: trustDomain: cluster.local ¶ istio: namespace: <istio_project_name> ¶ name Specifies the Issuer or ClusterIssuer name. It should be the same name as the CA issuer defined in the issuer.yaml file. ¶ kind Specifies the Issuer or ClusterIssuer kind. It should be the same kind as the CA issuer defined in the issuer.yaml file. ¶ b. Create the IstioCSR custom resource by running the following command: $ oc create -f IstioCSR.yaml ¶ 1. Verify that the Istio-CSR deployment is ready by running the following command: $ oc get deployment -n <istio_csr_project_name> ¶ NAME READY UP-TO-DATE AVAILABLE AGE ¶ cert-manager-istio-csr 1/1 1 1 24s ¶ 2. Verify that the Istio-CSR pods are running by running the following command: $ oc get pod -n <istio_csr_project_name> ¶ cert-manager-istio-csr-5c979f9b7c-bv57w 1/1 Running 0 45s ¶ Verify that the Istio-CSR pod is not reporting any errors in the logs by running the following ¶ $ oc -n <istio_csr_project_name> logs <istio_csr_pod_name> ¶ Verify that the cert-manager Operator for Red Hat OpenShift pod is not reporting any errors by running the following command: ¶ $ oc -n cert-manager-operator logs <cert_manager_operator_pod_name> ¶ 9.10.1.3. Setting the log level for the istio-csr component You can set the log level for the istio-csr component to control the verbosity and format of its log messages. ¶ You have created the IstioCSR custom resource (CR). ¶ 1. Edit the IstioCSR CR by running the following command: ¶ $ oc edit istiocsrs.operator.openshift.io default -n <istio_csr_project_name> 1 ¶ Replace <istio_csr_project_name> with the namespace where you created the IstioCSR CR. ¶ 2. Configure the log level and format in the spec.istioCSRConfig section by using the following example configuration: ¶ kind: IstioCSR ¶ istioCSRConfig: logFormat: text logLevel: 2 ¶ logFormat Specifies the log output format. You can set this field to either text or json. ¶ logLevel Specifies the log level. Supported values are in the range 1 through 5, as defined by Kubernetes logging guidelines. The default value is 1. ¶ 3. Save and close the editor to apply your changes. After the changes are applied, the cert- manager Operator updates the log configuration for the istio-csr operand. ¶ 9.10.1.4. Configuring the namespace selector for CA bundle distribution The Istio-CSR agent creates and updates the istio-ca-root-cert ConfigMap, which contains the CA bundle. Workloads in the service mesh use this CA bundle to validate connections to the Istio control plane. You can configure a namespace selector to specify the namespaces in which the Istio-CSR agent creates this ConfigMap. If you do not configure a selector, the Istio-CSR agent creates the ConfigMap in all namespaces. ¶ You have created the IstioCSR custom resource (CR). ¶ 1. Edit the IstioCSR CR by running the following command: ¶ oc edit istiocsrs.operator.openshift.io default -n <istio_csr_project_name> ¶ Replace <istio_csr_project_name> with the namespace where you created the IstioCSR CR. ¶ 2. Configure the spec.istioCSRConfig.istioDataPlaneNamespaceSelector section to set the namespace selector. See the following example: ¶ kind: IstioCSR ¶ istioCSRConfig: istioDataPlaneNamespaceSelector: maistra.io/member-of=istio-system ¶ The maistra.io/member-of=istio-system namespace selector defines the label key and value that identify the namespaces in your service mesh. Use the <key>=<value> format. ¶ The istio-csr component does not delete or manage ConfigMap objects in namespaces that do not match the configured selector. If you create or update the selector after deploying the IstioCSR CR, or if you remove a label from a namespace, you must manually delete these ConfigMap objects to avoid conflicts. ¶ You can run the following command to list ConfigMap objects that are not in namespaces matching the selector. In this example, the selector is maistra.io/member-of=istio-system: ¶ printf ""%-25s %10s\n"" ""ConfigMap"" ""Namespace""; \ for ns in $(oc get namespaces -l ""maistra.io/member-of!=istio-system"" - o=jsonpath='{.items[*].metadata.name}'); do \ ¶ oc get configmaps -l ""istio.io/config=true"" -n $ns --no-headers -o jsonpath='{.items[*].metadata.name}{""\t""}{.items[*].metadata.namespace}{""\n""}' -ignore-not-found; \ done ¶ 3. Save and close the editor to apply your changes. After the changes are applied, the cert- manager Operator for Red Hat OpenShift updates the namespace selector configuration for the istio-csr operand. ¶ 9.10.1.5. Configuring the CA certificate for the Istio server You can configure the ConfigMap that contains the CA bundle used by Istio workloads to verify the Istio server certificate. If not configured, the cert-manager Operator for Red Hat OpenShift looks for the CA certificate in the configured issuer and in the Kubernetes Secret that contains the Istio certificates. ¶ You have created the IstioCSR custom resource (CR). ¶ 1. Edit the IstioCSR CR by running the following command: ¶ $ oc edit istiocsrs.operator.openshift.io default -n <istio_csr_project_name> ¶ Replace <istio_csr_project_name> with the namespace where you created the IstioCSR CR. ¶ 2. Configure the CA bundle by editing the spec.istioCSRConfig.certManager section. See the ¶ 2. Configure the CA bundle by editing the spec.istioCSRConfig.certManager section. See the following example: ¶ kind: IstioCSR ¶ istioCSRConfig: certManager: istioCACertificate: key: <key_in_the_configmap> name: <configmap_name> namespace: <configmap_namespace> ¶ <key_in_the_configmap> Specifies the key name in the ConfigMap that contains the CA bundle. ¶ <configmap_name> Specifies the name of the ConfigMap. Ensure that the referenced ConfigMap and key exist before you update this field. ¶ <configmap_namespace> Optional. Specifies the namespace where the ConfigMap exists. If you do not set this field, the cert-manager Operator for Red Hat OpenShift searches for the ConfigMap in the namespace where you have installed the IstioCSR CR. ¶ Whenever the CA certificate is rotated, you must manually update the ConfigMap with the latest certificate. ¶ 3. Save and close the editor to apply your changes. After the changes are applied, the cert- manager Operator updates the CA bundle for the istio-csr operand. ¶ 9.10.2. Uninstalling the Istio-CSR agent managed by cert-manager Operator for Red Hat OpenShift ¶ You can uninstall the Istio-CSR agent managed by the cert-manager Operator for Red Hat OpenShift to remove the agent and its associated resources. ¶ You have enabled the Istio-CSR feature. ¶ You have created the IstioCSR custom resource. ¶ 1. Remove the IstioCSR custom resource by running the following command: ¶ $ oc -n <istio_csr_project_name> delete istiocsrs.operator.openshift.io default ¶ 2. Remove related resources: ¶ To avoid disrupting any Red Hat OpenShift Service Mesh or Istio components, ensure that no component is referencing the Istio-CSR service or the certificates issued for Istio before removing the following resources. ¶ a. List the cluster scoped-resources by running the following command and save the names of the listed resources for later reference: ¶ $ oc get clusterrolebindings,clusterroles -l ""app=cert-manager-istio- csr,app.kubernetes.io/name=cert-manager-istio-csr"" ¶ b. List the resources in Istio-csr deployed namespace by running the following command and save the names of the listed resources for later reference: ¶ $ oc get certificate,deployments,services,serviceaccounts -l ""app=cert-manager-istio- csr,app.kubernetes.io/name=cert-manager-istio-csr"" -n <istio_csr_project_name> ¶ c. List the resources in Red Hat OpenShift Service Mesh or Istio deployed namespaces by running the following command and save the names of the listed resources for later reference: ¶ $ oc get roles,rolebindings -l ""app=cert-manager-istio-csr,app.kubernetes.io/name=cert- manager-istio-csr"" -n <istio_csr_project_name> ¶ d. For each resource listed in previous steps, delete the resource by running the following ¶ $ oc -n <istio_csr_project_name> delete <resource_type>/<resource_name> ¶ Repeat this process until all of the related resources have been deleted. ¶ 9.11. NETWORK POLICY CONFIGURATION FOR CERT-MANAGER OPERATOR ¶ The cert-manager Operator for Red Hat OpenShift provides predefined NetworkPolicy resources to enhance security by controlling the ingress and egress traffic for its components. By default, this feature is disabled to prevent connectivity issues or breaking changes during an upgrade. To use this feature, you must enable it in the CertManager custom resource (CR). ¶ After enabling the default policies, you must manually configure additional egress rules to allow outbound traffic. These rules are required for cert-manager Operator for Red Hat OpenShift to communicate with external services beyond the API server and internal DNS. The examples of services that require custom egress rules include the following: ¶ ACME servers, for example, Let's Encrypt ¶ DNS-01 challenge providers, for example, AWS Route53 or Cloudflare External CAs, such as HashiCorp Vault ¶ Network policies are expected to be enabled by default in a future release, which could cause connectivity failures during an upgrade. To prepare for this change, configure the required egress policies.","",""
"CERT-MANAGER OPERATOR FOR RED HAT OPENSHIFT > CONFIGURING CERTIFICATES WITH AN ISSUER","9.11.1","Default ingress and egress rules","The default network policy applies the following ingress and egress rules to each component. ¶ Component Ingress ports Egress ports Description cert-manager 9402 6443, 5353 Allows ingress traffic to cert-manager- 9402, 10250 6443 metrics server and webhook egress traffic to OpenShift API server. cert-manager- 9402 6443 cainjector 6443, 9402 6443 Allows ingress traffic to metrics and webhook istio-csr servers, and egress traffic to OpenShift API server and internal DNS server. ¶ Allows ingress traffic to metrics server and egress traffic to OpenShift API server. ¶ Allows ingress traffic to the gRPC Istio certificate request API, metrics servers and egress traffic to OpenShift API server.","",""
"CERT-MANAGER OPERATOR FOR RED HAT OPENSHIFT > CONFIGURING CERTIFICATES WITH AN ISSUER","9.11.2","Network policy configuration parameters","You can enable and configure network policies for the cert-manager Operator components by updating the CertManager custom resource (CR). The CR includes the following parameters for enabling default network policies and defining custom egress rules. ¶ Field Type Description ¶ Field Type Description ¶ spec.defaultNet boolean Specifies whether to enable the default network policy for the workPolicy cert-manager Operator components. ¶ Once you enable default network policies, you cannot disable them. This restriction prevents accidental security degradation. Before enabling this setting, ensure that you plan the network policy requirements. ¶ spec.networkPo object Defines a list of custom network policy configuration. To apply licies the configuration, you must set spec.defaultNetworkPolicy to true. spec.networkPo string licies.compone Specifies the component that this network policy targets. The ntName only valid value is CoreController. ¶ spec.networkPo object Defines the egress rules for the specified component. Set to {} licies.egress to allow connections to all external providers. ¶ spec.networkPo object Defines a list of network ports and protocols for the specified licies.egress.po providers. rts Specifies a unique name for the custom network policy, which is spec.networkPo string used to generate the NetworkPolicy resource name. licies.name","",""
"CERT-MANAGER OPERATOR FOR RED HAT OPENSHIFT > CONFIGURING CERTIFICATES WITH AN ISSUER","9.11.3","Network policy configuration examples","To control traffic flow and enhance cluster security, enable network policies and custom rules for the cert-manager Operator for Red Hat OpenShift. ¶ To enable network policy and custom rules, see the following example: ¶ defaultNetworkPolicy: ""true"" ¶ To allow egress access to all external issuer providers, see the following example: ¶ defaultNetworkPolicy: ""true"" networkPolicies: name: allow-egress-to-all ¶ componentName: CoreController egress: {} ¶ To allow the cert-manager Operator controller to perform the ACME challenge self-check, see the following example. This process requires connections to the ACME provider, DNS API endpoints, and recursive DNS servers. ¶ defaultNetworkPolicy: ""true"" networkPolicies: name: allow-egress-to-acme-server ¶ componentName: CoreController egress: ports: ¶ port: 80 protocol: TCP ¶ port: 443 protocol: TCP ¶ name: allow-egress-to-dns-service componentName: CoreController egress: ports: port: 53 protocol: UDP port: 53 protocol: TCP","",""
"CERT-MANAGER OPERATOR FOR RED HAT OPENSHIFT > CONFIGURING CERTIFICATES WITH AN ISSUER","9.11.4","Verifying the network policy creation","You can verify that the default and custom NetworkPolicy resources are created. ¶ You have enabled network policy for cert-manager Operator for Red Hat OpenShift in the CertManager custom resource. ¶ Verify the list of NetworkPolicy resources in the cert-manager namespace by running the ¶ $ oc get networkpolicy -n cert-manager ¶ NAME POD-SELECTOR AGE ¶ cert-manager-allow-egress-to-api-server app.kubernetes.io/instance=cert-manager 7s ¶ cert-manager-allow-egress-to-dns app=cert-manager 6s ¶ cert-manager-allow-ingress-to-metrics app.kubernetes.io/instance=cert-manager 7s ¶ cert-manager-allow-ingress-to-webhook app=webhook 6s ¶ cert-manager-deny-all app.kubernetes.io/instance=cert-manager 8s ¶ cert-manager-user-allow-egress-to-acme-server app=cert-manager 8s ¶ cert-manager-user-allow-egress-to-dns-service app=cert-manager 7s ¶ The output lists the default policies and any custom policies that you created. ¶ 9.12. DISTRIBUTING CERTIFICATES BY USING TRUST-MANAGER OPERAND ¶ The trust-manager operand simplifies the distribution of certificate authority (CA) certificates across OpenShift Container Platform clusters. As an administrator, you can configure the operand according to the cluster requirements and manage trust bundles efficiently. ¶ Distributing certificates by using trust manager is a Technology Preview feature only. Technology Preview features are not supported with Red Hat production service level agreements (SLAs) and might not be functionally complete. Red Hat does not recommend using them in production. These features provide early access to upcoming product features, enabling customers to test functionality and provide feedback during the development process. ¶ The trust-manager operand provides the following benefits: ¶ Distribution of CA certificates across your cluster as a Day 2 operation. ¶ Consolidation of certificates from multiple sources, such as ConfigMaps, Secrets, inline data, and default CAs, into a single trust bundle. ¶ Automatic updates to target objects whenever the underlying source certificates change. ¶ Creation of trust bundles as secret objects for applications that explicitly require secrets instead of ConfigMap objects. ¶ Automatic integration with the default trusted CA bundle of the cluster, requiring no manual configuration.","",""
"CERT-MANAGER OPERATOR FOR RED HAT OPENSHIFT > CONFIGURING CERTIFICATES WITH AN ISSUER","9.12.1","Installing the trust-manager operand","You can install the trust-manager operand to enable the automated distribution of trust bundles across your cluster namespaces. The trust-manager operand is not installed by default. ¶ Distributing certificates by using trust manager is a Technology Preview feature only. Technology Preview features are not supported with Red Hat production service level agreements (SLAs) and might not be functionally complete. Red Hat does not recommend using them in production. These features provide early access to upcoming product features, enabling customers to test functionality and provide feedback during the development process. ¶ You have installed cert-manager Operator for Red Hat OpenShift. ¶ 1. Enable the trust manager add-on feature in the Operator subscription by running the following ¶ oc -n cert-manager-operator patch subscription cert-manager-operator \ -type='merge' \ p '{""spec"":{""config"":{""env"": ¶ [{""name"":""UNSUPPORTED_ADDON_FEATURES"",""value"":""TrustManager=true""}]}}}' ¶ 2. Create a YAML file, for example, trust-manager.yaml, that defines the TrustManager custom resource (CR) as shown in the following example: ¶ Example trust-manager.yaml ¶ kind: TrustManager ¶ trustManagerConfig: logLevel: 2 logFormat: ""text"" trustNamespace: ""cert-manager"" filterExpiredCertificates: ""Enabled"" secretTargets: policy: ""Custom"" authorizedSecrets: ""my-trust-bundle"" ""app-ca-bundle"" defaultCAPackage: policy: ""Enabled"" resources: {} affinity: {} tolerations: [] nodeSelector: {} ¶ environment: ""production"" team: ""platform"" ¶ example.com/managed-by: ""cert-manager-operator"" ¶ Because you can create only one instance of TrustManager CR per cluster, the metadata.name field must be set to cluster. ¶ 3. Create the TrustManager CR by running the following command: ¶ $ oc create -f trust-manager.yaml ¶ Verify that the trust-manager operand is running successfully by running the following ¶ $ oc get TrustManager cluster -o jsonpath='{.status.conditions}' | jq ¶ ""lastTransitionTime"": ""2026-03-27T11:54:50Z"", ""message"": """", ""reason"": ""Ready"", ""status"": ""False"", ""type"": ""Degraded"" ""lastTransitionTime"": ""2026-03-27T11:54:50Z"", ""message"": ""reconciliation successful"", ""reason"": ""Ready"", ""status"": ""True"", ""type"": ""Ready"" ¶ The message field in the output must have the value reconciliation successful. ¶ Verify that the trust-manager deployment is running successfully in the cert-manager namespace: ¶ $ oc get Deployments -l ""app.kubernetes.io/name=cert-manager-trust-manager"" -n cert- manager ¶ NAME READY UP-TO-DATE AVAILABLE AGE ¶ trust-manager 1/1 1 1 109s ¶ Verify that the status of the pod is Running by running the following command: $ oc get pods -l ""app.kubernetes.io/name=cert-manager-trust-manager"" -n cert-manager ¶ NAME READY STATUS RESTARTS AGE ¶ trust-manager-547bb59b4b-hd6mv 1/1 Running 0 24s ¶ Next Step ¶ Configuring trust bundle","",""
"CERT-MANAGER OPERATOR FOR RED HAT OPENSHIFT > CONFIGURING CERTIFICATES WITH AN ISSUER","9.12.2","Configuring trust bundle","After installing the trust-manager operand, you must use the Bundle custom resource (CR) to distribute certificate authority (CA) certificates across your cluster. A trust bundle combines certificate sources and maintains target ConfigMap and Secret objects across selected namespaces. ¶ If you configure your trust bundle to use the default CAs, you do not need to manually provision the source certificates. The controller reads them from the cert-manager-operator-trusted-ca-bundle ConfigMap, which is injected by the Cluster Network Operator (CNO) during the Operator installation. ¶ Distributing certificates by using trust manager is a Technology Preview feature only. Technology Preview features are not supported with Red Hat production service level agreements (SLAs) and might not be functionally complete. Red Hat does not recommend using them in production. These features provide early access to upcoming product features, enabling customers to test functionality and provide feedback during the development process. ¶ You have installed trust-manager operand. ¶ 1. To inject the trust bundle into a specific namespace, apply the required label by running the ¶ $ oc patch namespace <namespace> --type=merge '{""metadata"":{""labels"":{""trust.cert- manager.io/inject"":""true""}}}' ¶ The trust-manager operand creates the target bundle in all namespaces that match the label ¶ The trust-manager operand creates the target bundle in all namespaces that match the label selector defined in your Bundle CR. ¶ 2. Create a YAML file, for example, bundle.yaml, that defines the Bundle object as shown in the following example: ¶ apiVersion: trust.cert-manager.io/v1alpha1 kind: Bundle ¶ name: example-bundle ¶ sources: useDefaultCAs: true ¶ target: configMap: key: ca-certificates.crt secret: key: ca-certificates.crt trust.cert-manager.io/inject: ""true"" ¶ For more information on bundle configurations, see trust-manager usage. ¶ If your Bundle CR targets a Secret object, you must set the spec.trustManagerConfig.secretTargets.policy field in your TrustManager CR to Custom and add the name of target secret to the spec.trustManagerConfig.secretTargets.authorizedSecrets list. If the spec.trustManagerConfig.secretTargets.policy field is set to Disabled, the Bundle CR fails to create the target secret. ¶ 3. Create the Bundle custom resource by running the following command: ¶ $ oc create -f bundle.yaml ¶ Verify the status of Bundle CR by running the following command: ¶ $ oc get Bundle example-bundle -o jsonpath='{.status.conditions}' | jq ¶ In the output, the reason must be set to Synced and status must be set to True, as shown in the following example: ¶ ""lastTransitionTime"": ""2026-03-27T12:03:42Z"", ""message"": ""Successfully synced Bundle to namespaces that match this label selector: ¶ trust.cert-manager.io/inject=true"", ""observedGeneration"": 1, ""reason"": ""Synced"", ""status"": ""True"", ¶ ""type"": ""Synced"" ¶ Verify the target secret by running the following command: $ oc describe secret example-bundle -n trust-bundle-target ¶ Name: example-bundle Namespace: trust-bundle-target Labels: trust.cert-manager.io/bundle=example-bundle Annotations: trust.cert-manager.io/hash: 55c00f8109c4c6b1ee4710aa53ad280355973f25444d6bb13a93851af0d8f5d8 ¶ Type: Opaque ¶ Data ==== ca-certificates.crt: 219257 bytes ¶ Verify the target ConfigMap by running the following command: $ oc get cm example-bundle -n trust-bundle-target ¶ NAME DATA AGE ¶ example-bundle 1 4m25s","",""
"CERT-MANAGER OPERATOR FOR RED HAT OPENSHIFT > CONFIGURING CERTIFICATES WITH AN ISSUER","9.12.3","Uninstalling the trust-manager operand","You can uninstall the trust-manager operand by deleting the TrustManager custom resource (CR). Deleting the TrustManager CR stops the operator from reconciling trust-manager resources, but does not automatically remove the trust-manager deployment or its associated resources. You must manually delete these resources after deleting the CR if you need a complete cleanup. ¶ You have enabled the trust manager feature. ¶ You have created the TrustManager custom resource. ¶ 1. Delete any Bundle CRs that you created. Deleting a Bundle CR causes trust-manager to remove the corresponding target ConfigMap and Secret objects from the target namespaces. a. Fetch the list of bundles created by running the following command: ¶ $ oc get Bundle ¶ b. Delete each Bundle in the list by running the following command: $ oc delete Bundle <bundle_name> ¶ 2. Delete the TrustManager custom resource by running the following command: ¶ $ oc delete TrustManager cluster ¶ 3. Delete all the labeled resources to complete the cleanup: a. Delete the namespace-scoped resources in the cert-manager namespace: ¶ $ oc delete deployments,services,serviceaccounts,configmaps,certificates,issuers -l ""app.kubernetes.io/name=cert-manager-trust-manager"" -n cert-manager ¶ b. Delete the cluster-scoped resources: $ oc delete clusterroles,clusterrolebindings,validatingwebhookconfigurations -l ""app.kubernetes.io/name=cert-manager-trust-manager"" ¶ c. If you configured a custom trust namespace, delete the role and role binding resources in that namespace: $ oc delete roles,rolebindings -l ""app.kubernetes.io/name=cert-manager-trust-manager"" - n <trust_namespace>","",""
"CERT-MANAGER OPERATOR FOR RED HAT OPENSHIFT > CONFIGURING CERTIFICATES WITH AN ISSUER","9.12.4","Trust manager custom resource fields","You can configure the behavior of the trust-manager operand by modifying the TrustManager custom resource (CR). ¶ Distributing certificates by using trust manager is a Technology Preview feature only. Technology Preview features are not supported with Red Hat production service level agreements (SLAs) and might not be functionally complete. Red Hat does not recommend using them in production. These features provide early access to upcoming product features, enabling customers to test functionality and provide feedback during the development process. ¶ The following table lists the parameters for configuring trust-manager settings. ¶ Field Type Description ¶ spec.controllerConfig.labels object Optional. Specifies a list of key-value pairs to apply as labels to all resources created for the trust manager deployment. ¶ Field Type Description ¶ spec.controllerConfig.annot object Optional. Specifies a list of key-value pairs to apply as ations annotations to all resources created for the trust manager deployment. ¶ spec.trustManagerConfig.aff object Optional. Specifies the scheduling constraints for the trust inity manager pod. For more information, see Assigning Pods to Nodes. ¶ spec.trustManagerConfig.de object Optional. Configures the default CA package for trust faultCAPackage manager. When enabled, the Operator uses the OpenShift Container Platform trusted CA bundle injection mechanism. ¶ spec.trustManagerConfig.de string Optional. Specifies whether the default CA package feature faultCAPackage.policy is enabled. When set to Enabled, the Operator configures the trusted CA bundle to trust manager. When set to Disabled, no default CA package is configured. The default value is Disabled. ¶ To enable the useDefaultCAs: true setting in your Bundle CR, you must set the value to Enabled. ¶ spec.trustManagerConfig.filt string Optional. Specifies whether trust manager filters out erExpiredCertificates expired certificates from trust bundles before distributing them. When set to Enabled, the expired certificates are removed from bundles. When set to Disabled, the expired certificates are included in bundles. The default value is Disabled. ¶ spec.trustManagerConfig.lo integer Optional. Specifies the verbosity of trust manager logging. gLevel The minimum value is 1 and the maximum value is 5. The default value is 1. ¶ spec.trustManagerConfig.lo string Optional. Specifies the output format for trust manager gFormat logging. The supported formats are text and json. The default value is text. ¶ spec.trustManagerConfig.no object Optional. Specifies the key-value pairs that limit which deSelector nodes can host the trust manager pod. You can specify a maximum of 50 node selectors. For more information, see Assigning Pods to Nodes. ¶ spec.trustManagerConfig.re object Optional. Defines the compute resource requirements for sources the trust manager pod. ¶ Field Type Description ¶ spec.trustManagerConfig.se object Optional. Defines the configuration for writing trust bundles cretTargets to Secrets. ¶ spec.trustManagerConfig.se array Optional. A list of specific secret names that trust manager cretTargets.authorizedSecre is authorized to create and update. ts ¶ If spec.trustManagerConfig.secretTarg ets.policy is set to Custom, you must specify a value. If spec.trustManagerConfig.secretTarg ets.policy is set to Disabled, you must not specify a value. ¶ spec.trustManagerConfig.se string Optional. Specifies whether trust manager can write trust cretTargets.policy bundles to Secrets. When set to Disabled, trust manager cannot write trust bundles to Secrets. When set to spec.trustManagerConfig.tol array Custom, trust manager is granted permission to create and erations update only the secrets listed in the authorizedSecrets parameter. The default value is Disabled. spec.trustManagerConfig.tru string stNamespace Optional. Allows the trust manager pod to be scheduled on nodes with specific taints. You can specify a maximum of 50 tolerations. ¶ Optional. Specifies the namespace where trust manager locates CA certificate sources, such as ConfigMaps and Secrets. This namespace must exist before you create the TrustManager custom resource. The default value is cert- manager. ¶ You cannot change the value once set. ¶ 9.13. MONITORING CERT-MANAGER OPERATOR FOR RED HAT OPENSHIFT ¶ By default, the cert-manager Operator for Red Hat OpenShift exposes metrics for the three core components: controller, cainjector, and webhook. You can configure OpenShift Monitoring to collect these metrics by using the Prometheus Operator format.","",""
"CERT-MANAGER OPERATOR FOR RED HAT OPENSHIFT > CONFIGURING CERTIFICATES WITH AN ISSUER","9.13.1","Enabling user workload monitoring","To collect metrics from your specific applications, enable monitoring for user-defined projects. You can ¶ To collect metrics from your specific applications, enable monitoring for user-defined projects. You can enable monitoring for user-defined projects by configuring user workload monitoring in the cluster. For more information, see ""Setting up metrics collection for user-defined projects"". ¶ 1. Create the cluster-monitoring-config.yaml YAML file: ¶ kind: ConfigMap ¶ name: cluster-monitoring-config namespace: openshift-monitoring data: config.yaml: | ¶ enableUserWorkload: true ¶ 2. Apply the ConfigMap by running the following command: ¶ $ oc apply -f cluster-monitoring-config.yaml ¶ 1. Verify that the monitoring components for user workloads are running in the openshift-user- workload-monitoring namespace by running the following command: ¶ $ oc -n openshift-user-workload-monitoring get pod ¶ prometheus-operator-6cb6bd9588-dtzxq 2/2 Running 0 50s ¶ prometheus-user-workload-0 6/6 Running 0 48s ¶ prometheus-user-workload-1 6/6 Running 0 48s ¶ thanos-ruler-user-workload-0 4/4 Running 0 42s ¶ thanos-ruler-user-workload-1 4/4 Running 0 42s ¶ The status of the pods such as prometheus-operator, prometheus-user-workload, and thanos-ruler-user-workload must be Running. ¶ Setting up metrics collection for user-defined projects ¶ 9.13.2. Configuring metrics collection for cert-manager Operator for Red Hat OpenShift operands by using a ServiceMonitor ¶ The cert-manager Operator for Red Hat OpenShift operands expose metrics by default on port 9402 at ¶ the /metrics service endpoint. You can configure metrics collection for the cert-manager operands by creating a ServiceMonitor custom resource (CR) that enables Prometheus Operator to collect custom metrics. For more information, see ""Configuring user workload monitoring"". ¶ You have installed the cert-manager Operator for Red Hat OpenShift. ¶ You have enabled the user workload monitoring. ¶ 1. Create the ServiceMonitor CR: ¶ a. Create the YAML file that defines the ServiceMonitor CR: ¶ Example servicemonitor-cert-manager.yaml file ¶ app: cert-manager app.kubernetes.io/instance: cert-manager app.kubernetes.io/name: cert-manager ¶ name: cert-manager ¶ honorLabels: false interval: 60s scrapeTimeout: 30s targetPort: 9402 ¶ matchExpressions: key: app.kubernetes.io/name operator: In values: cainjector cert-manager webhook key: app.kubernetes.io/instance operator: In values: cert-manager key: app.kubernetes.io/component operator: In values: cainjector controller webhook ¶ b. Create the ServiceMonitor CR by running the following command: $ oc apply -f servicemonitor-cert-manager.yaml ¶ After the ServiceMonitor CR is created, the user workload Prometheus instance begins metrics collection from the cert-manager Operator for Red Hat OpenShift operands. The collected metrics are labeled with job=""cert-manager"",job=""cert-manager-cainjector"", and job=""cert-manager-webhook"". ¶ 1. In the OpenShift Container Platform web console, navigate to Observe Targets. ¶ 2. In the Label filter field, enter the following labels to filter the metrics targets for each operand: $ service=cert-manager ¶ $ service=cert-manager-webhook ¶ $ service=cert-manager-cainjector ¶ 3. Confirm that the Status column shows Up for the cert-manager, cert-manager-webhook, and cert-manager-cainjector entries. ¶ Configuring user workload monitoring ¶ 9.13.3. Querying metrics for the cert-manager Operator for Red Hat OpenShift operands ¶ As a cluster administrator, or as a user with view access to all namespaces, you can query cert-manager Operator for Red Hat OpenShift operands metrics by using the OpenShift Container Platform web console or the command-line interface (CLI). For more information, see ""Accessing metrics"". ¶ You have installed the cert-manager Operator for Red Hat OpenShift. You have enabled monitoring and metrics collection by creating ServiceMonitor object. ¶ 1. In the OpenShift Container Platform web console, navigate to Observe Metrics. ¶ 2. In the query field, enter the following PromQL expressions to query the cert-manager Operator for Red Hat OpenShift operands metric for each operand: {job=""cert-manager""} ¶ {job=""cert-manager-webhook""} ¶ {job=""cert-manager-cainjector""} ¶ Accessing metrics as an administrator","",""
"CERT-MANAGER OPERATOR FOR RED HAT OPENSHIFT > CONFIGURING CERTIFICATES WITH AN ISSUER","9.13.4","Configuring metrics collection for the istio-csr operand","The istio-csr operand exposes metrics by default on port 9402 at the /metrics service endpoint. You can configure metrics collection for the operand by creating a ServiceMonitor custom resource (CR), which enables the Prometheus Operator to collect custom metrics. For more information, see ""Configuring user workload monitoring"". ¶ You have installed the cert-manager Operator for Red Hat OpenShift. ¶ You have enabled user workload monitoring. ¶ 1. Create the ServiceMonitor CR definition file: ¶ Example servicemonitor-istio-csr.yaml file ¶ app: cert-manager-istio-csr app.kubernetes.io/instance: cert-manager-istio-csr app.kubernetes.io/name: cert-manager-istio-csr ¶ name: cert-manager-istio-csr namespace: <istio_csr_project_name> ¶ honorLabels: false interval: 60s scrapeTimeout: 30s targetPort: 9402 ¶ <istio_csr_project_name> ¶ app: cert-manager-istio-csr app.kubernetes.io/instance: cert-manager-istio-csr app.kubernetes.io/name: cert-manager-istio-csr ¶ Replace <istio_csr_project_name> with the namespace where you created the IstioCSR CR. ¶ 2. Create the ServiceMonitor CR by running the following command: ¶ $ oc apply -f servicemonitor-istio-csr.yaml ¶ After the ServiceMonitor CR is created, the user workload Prometheus instance starts collecting metrics from the istio-csr operand. The collected metrics are labeled with job=""cert- manager-istio-csr"". ¶ 2. Click Observe Targets. ¶ 3. In the Label filter field, enter the service=cert-manager-istio-csr label to filter the metrics targets. ¶ 4. Confirm that the Status column shows Up for the cert-manager-istio-csr target. ¶ Configuring user workload monitoring","",""
"CERT-MANAGER OPERATOR FOR RED HAT OPENSHIFT > CONFIGURING CERTIFICATES WITH AN ISSUER","9.13.5","Querying metrics for the istio-csr operand","Cluster administrators, or users with view access to all namespaces, can query metrics for the istio-csr operand by using the OpenShift Container Platform web console. For more information, see ""Accessing metrics"". ¶ You have installed the cert-manager Operator for Red Hat OpenShift. You have enabled monitoring and metrics collection by creating the ServiceMonitor object for the istio-csr operand. ¶ 2. Click Observe Metrics. ¶ 3. In the query field, enter the {job=""cert-manager-istio-csr""} PromQL expression to query the istio-csr operand metrics. The results display metrics collected for the istio-csr operand, which can help you monitor its performance and behavior. ¶ Accessing metrics as an administrator ¶ 9.14. CONFIGURING LOG LEVELS FOR CERT-MANAGER AND THE CERT-MANAGER OPERATOR FOR RED HAT OPENSHIFT ¶ To troubleshoot issues with the cert-manager components and the cert-manager Operator for Red Hat OpenShift, you can configure the log level verbosity. ¶ To use different log levels for different cert-manager components, see Customizing cert- manager Operator API fields.","",""
"CERT-MANAGER OPERATOR FOR RED HAT OPENSHIFT > CONFIGURING CERTIFICATES WITH AN ISSUER","9.14.1","Setting a log level for cert-manager","To troubleshoot issues and control log volume, configure the log level for the cert-manager Operator for Red Hat OpenShift. You can set specific verbosity levels to capture the necessary details for debugging or to reduce noise in your cluster logs. ¶ You have installed version 1.11.1 or later of the cert-manager Operator for Red Hat OpenShift. ¶ 1. Edit the CertManager resource by running the following command: ¶ $ oc edit certmanager.operator cluster ¶ 2. Set the log level value by editing the spec.logLevel section: ¶ logLevel: <log_level> ¶ The valid log level values for the CertManager resource are Normal, Debug, Trace, and TraceAll. To audit logs and perform common operations when there are no issues, set logLevel to Normal . To troubleshoot a minor issue by viewing verbose logs, set logLevel to Debug . To troubleshoot a major issue by viewing more verbose logs, you can set logLevel to Trace. To troubleshoot serious issues, set logLevel to TraceAll. The default logLevel is Normal. ¶ TraceAll generates huge amount of logs. After setting logLevel to TraceAll, you might experience performance issues. ¶ 3. Save your changes and quit the text editor to apply your changes. After applying the changes, the verbosity level for the cert-manager components controller, CA injector, and webhook is updated.","",""
"CERT-MANAGER OPERATOR FOR RED HAT OPENSHIFT > CONFIGURING CERTIFICATES WITH AN ISSUER","9.14.2","Setting a log level for the cert-manager Operator for Red Hat OpenShift","To troubleshoot issues and control log volume, set the log level for the cert-manager Operator for Red Hat OpenShift. You can configure the verbosity of the Operator log messages to capture the specific details required for your environment. ¶ You have installed version 1.11.1 or later of the cert-manager Operator for Red Hat OpenShift. ¶ Update the subscription object for cert-manager Operator for Red Hat OpenShift to provide the verbosity level for the operator logs by running the following command: ¶ $ oc -n cert-manager-operator patch subscription openshift-cert-manager-operator -- type='merge' -p '{""spec"":{""config"":{""env"":[{""name"":""OPERATOR_LOG_LEVEL"",""value"":""v""}]}}}' ¶ Replace v with the desired log level number. The valid values for v can range from 1`to `10. The default value is 2. ¶ 1. The cert-manager Operator pod is redeployed. Verify that the log level of the cert-manager Operator for Red Hat OpenShift is updated by running the following command: ¶ $ oc set env deploy/cert-manager-operator-controller-manager -n cert-manager-operator -- list | grep -e OPERATOR_LOG_LEVEL -e container ¶ # deployments/cert-manager-operator-controller-manager, container kube-rbac-proxy OPERATOR_LOG_LEVEL=9 # deployments/cert-manager-operator-controller-manager, container cert-manager-operator OPERATOR_LOG_LEVEL=9 ¶ 2. Verify that the log level of the cert-manager Operator for Red Hat OpenShift is updated by running the oc logs command: ¶ $ oc logs deploy/cert-manager-operator-controller-manager -n cert-manager-operator","",""
"CERT-MANAGER OPERATOR FOR RED HAT OPENSHIFT > CONFIGURING CERTIFICATES WITH AN ISSUER","9.14.3","Additional resources","Customizing cert-manager Operator API fields ¶ 9.15. UNINSTALLING THE CERT-MANAGER OPERATOR FOR RED HAT OPENSHIFT ¶ You can remove the cert-manager Operator for Red Hat OpenShift from OpenShift Container Platform by uninstalling the Operator and removing its related resources.","",""
"CERT-MANAGER OPERATOR FOR RED HAT OPENSHIFT > CONFIGURING CERTIFICATES WITH AN ISSUER","9.15.1","Uninstalling the cert-manager Operator for Red Hat OpenShift","You can uninstall the cert-manager Operator for Red Hat OpenShift by using the web console. ¶ The cert-manager Operator for Red Hat OpenShift is installed. ¶ 2. Uninstall the cert-manager Operator for Red Hat OpenShift Operator. a. Navigate to Operators Installed Operators. ¶ b. Click the Options menu next to the cert-manager Operator for Red Hat OpenShift ¶ entry and click Uninstall Operator. ¶ c. In the confirmation dialog, click Uninstall.","",""
"CERT-MANAGER OPERATOR FOR RED HAT OPENSHIFT > CONFIGURING CERTIFICATES WITH AN ISSUER","9.15.2","Removing cert-manager Operator for Red Hat OpenShift resources","Once you have uninstalled the cert-manager Operator for Red Hat OpenShift, you have the option to eliminate its associated resources from your cluster. ¶ 2. Remove the deployments of the cert-manager components, such as cert-manager, cainjector, and webhook, present in the cert-manager namespace. ¶ a. Click the Project drop-down menu to see a list of all available projects, and select the cert- manager project. ¶ b. Navigate to Workloads Deployments. ¶ c. Select the deployment that you want to delete. ¶ d. Click the Actions drop-down menu, and select Delete Deployment to see a confirmation dialog box. ¶ e. Click Delete to delete the deployment. f. Alternatively, delete deployments of the cert-manager components such as cert-manager, ¶ f. Alternatively, delete deployments of the cert-manager components such as cert-manager, cainjector and webhook present in the cert-manager namespace by using the command- line interface (CLI). ¶ $ oc delete deployment -n cert-manager -l app.kubernetes.io/instance=cert-manager ¶ 3. Optional: Remove the custom resource definitions (CRDs) that were installed by the cert- manager Operator for Red Hat OpenShift: a. Remove the finalizers from the CertManager custom resource (CR) by running the ¶ $ oc patch certmanagers.operator cluster --type=merge -p='{""metadata"": {""finalizers"":null}}' ¶ b. Navigate to Administration CustomResourceDefinitions. ¶ c. Enter certmanager in the Name field to filter the CRDs. ¶ d. Click the Options menu next to each of the following CRDs, and select Delete ¶ Custom Resource Definition: ¶ Certificate ¶ CertificateRequest ¶ CertManager (operator.openshift.io) ¶ Challenge ¶ ClusterIssuer ¶ Issuer ¶ Order ¶ 4. Optional: Remove the cert-manager-operator namespace. a. Navigate to Administration Namespaces. ¶ b. Click the Options menu next to the cert-manager-operator and select Delete Namespace. ¶ c. In the confirmation dialog, enter cert-manager-operator in the field and click Delete.","",""
"ZERO TRUST WORKLOAD IDENTITY MANAGER > ZERO TRUST WORKLOAD IDENTITY MANAGER OVERVIEW","10.1.1","SPIFFE","Establish trust between software workloads in distributed systems with Secure Production Identity Framework for Everyone (SPIFFE). SPIFFE assigns unique IDs to workloads, allowing them to verify identities and communicate securely. This ensures secure authentication across dynamic environments. ¶ The SPIFFE IDs are contained in the SPIFFE Verifiable Identity Document (SVID). SVIDs are used by workloads to verify their identity to other workloads so that the workloads can communicate with each other. The two main SVID formats are: ¶ X.509-SVIDs: X.509 certificates where the SPIFFE ID is embedded in the Subject Alternative Name (SAN) field. ¶ JWT-SVIDs: JSON Web Tokens (JWTs) where the SPIFFE ID is included as the sub claim. ¶ For more information, see SPIFFE Overview.","",""
"ZERO TRUST WORKLOAD IDENTITY MANAGER > ZERO TRUST WORKLOAD IDENTITY MANAGER OVERVIEW","10.1.2","SPIRE Server","Manage and issue SPIFFE identities within a trust domain using the SPIRE Server. By storing registration entries and signing keys, you can control identity issuance and perform node attestation with the SPIRE Agent. For more information, see About the SPIRE Server.","",""
"ZERO TRUST WORKLOAD IDENTITY MANAGER > ZERO TRUST WORKLOAD IDENTITY MANAGER OVERVIEW","10.1.3","SPIRE Agent","The SPIRE Agent performs workload attestation to ensure that workloads receive a verified identity when requesting authentication through the SPIFFE Workload API. The agent uses configured workload attestor plugins to verify these identities. The plugins are used to verify the identity of the node on which the agent is running. For more information, see About the SPIRE Agent.","",""
"ZERO TRUST WORKLOAD IDENTITY MANAGER > ZERO TRUST WORKLOAD IDENTITY MANAGER OVERVIEW","10.1.4","Attestation","Attestation verifies the identity of nodes and workloads before issuing SPIFFE IDs. By comparing attributes against defined selectors, this process ensures that only legitimate entities within the trust domain receive cryptographic credentials. ¶ The two main types of attestation in SPIFFE/SPIRE are: ¶ Node attestation: verifies the identity of a machine or a node on a system, before a SPIRE ¶ Node attestation: verifies the identity of a machine or a node on a system, before a SPIRE Agent running on that node can be trusted to request identities for workloads. ¶ Workload attestation: verifies the identity of an application or service running on an attested node before the SPIRE Agent on that node can provide it with a SPIFFE ID and SVID. ¶ For more information, see Attestation.","",""
"ZERO TRUST WORKLOAD IDENTITY MANAGER > ZERO TRUST WORKLOAD IDENTITY MANAGER COMPONENTS","10.2.1","SPIFFE CSI Driver","The SPIFFE Container Storage Interface (CSI) driver helps pods securely obtain their SPIFFE Verifiable Identity Document (SVID) by delivering the Workload API socket. By using Kubernetes ephemeral inline volumes, the driver simplifies how applications request temporary storage for identity management. ¶ When the pod starts, the Kubelet calls the SPIFFE CSI driver to provision and mount a volume into the pod's containers. The SPIFFE CSI driver mounts a directory that contains the SPIFFE Workload API into the pod. Applications in the pod then communicate with the Workload API to obtain their SVIDs. The driver guarantees that each SVID is unique.","",""
"ZERO TRUST WORKLOAD IDENTITY MANAGER > ZERO TRUST WORKLOAD IDENTITY MANAGER COMPONENTS","10.2.2","SPIRE OpenID Connect Discovery Provider","Use the SPIRE OpenID Connect (OIDC) Discovery Provider to integrate SPIRE workload identities with OIDC-compliant systems. This component exposes endpoints for token verification. It helps ensure compatibility between SPIRE-issued credentials and external APIs requiring standard OIDC tokens. ¶ While SPIRE primarily issues identities for workloads, additional workload-related claims can be embedded into JWT-SVIDs through the configuration of SPIRE, which these claims to be included in the token and verified by OIDC-compliant clients.","",""
"ZERO TRUST WORKLOAD IDENTITY MANAGER > ZERO TRUST WORKLOAD IDENTITY MANAGER COMPONENTS","10.2.3","SPIRE Controller Manager","Use the SPIRE Controller Manager to automate workload registration with custom resource definitions (CRDs). The manager monitors pods and CRDs to create, update, or delete entries on the SPIRE Server. This process helps ensure that your SPIRE entries accurately reflect your active resources. ¶ The SPIRE Controller Manager is designed to be deployed on the same pod as the SPIRE Server. The manager communicates with the SPIRE Server API using a private UNIX Domain Socket within a shared volume.","",""
"ZERO TRUST WORKLOAD IDENTITY MANAGER > ZERO TRUST WORKLOAD IDENTITY MANAGER COMPONENTS","10.2.4","SPIRE Server and Agent telemetry","Use the SPIRE Controller Manager to register workloads by using custom resource definitions (CRDs). The manager monitors pods and CRDs for changes and triggers a reconciliation process. This process creates, updates, or deletes SPIRE Server entries to help ensure they match your configuration.","",""
"ZERO TRUST WORKLOAD IDENTITY MANAGER > ZERO TRUST WORKLOAD IDENTITY MANAGER COMPONENTS","10.2.5","About the Zero Trust Workload Identity Manager workflow","The following is a high-level workflow of the Zero Trust Workload Identity Manager within the Red Hat ¶ The following is a high-level workflow of the Zero Trust Workload Identity Manager within the Red Hat OpenShift cluster. ¶ 1. The SPIRE, SPIRE Agent, SPIFFE CSI Driver, and the SPIRE OIDC Discovery Provider operands are deployed and managed by Zero Trust Workload Identity Manager via associated customer resource definitions (CRDs). ¶ 2. Watches are then registered for relevant Kubernetes resources and the necessary SPIRE CRDs are applied to the cluster. ¶ 3. The CR for the ZeroTrustWorkloadIdentityManager resource named cluster is deployed and managed by a controller. ¶ 4. To deploy the SPIRE Server, SPIRE Agent, SPIFFE CSI Driver, and SPIRE OIDC Discovery Provider, you need to create a custom resource of a each certain type and name it cluster. The custom resource types are as follows: SPIRE Server - SpireServer ¶ SPIRE Agent - SpireAgent ¶ SPIFFE CSI Driver - SpiffeCSIDriver ¶ SPIRE OIDC discovery provider - SpireOIDCDiscoveryProvider ¶ 5. When a node starts, the SPIRE Agent initializes, and connects to the SPIRE Server. ¶ 6. The SPIRE Agent begins the node attestation process. The agent collects information on the node's identity such as label name and namespace. The agent securely provides the information it gathered through the attestation to the SPIRE Server. ¶ 7. The SPIRE Server then evaluates this information against its configured attestation policies and registration entries. If successful, the server generates an agent SVID and the Trust Bundle (CA Certificate) and securely sends this back to the SPIRE Agent. ¶ 8. A workload starts on the node and needs a secure identity. The workload connects to the agent's Workload API and requests a SVID. ¶ 9. The SPIRE Agent receives the request and begins a workload attestation to gather information about the workload. ¶ 10. After the SPIRE Agent gathers the information, the information is sent to the SPIRE Server and the server checks its configured registration entries. ¶ 11. The SPIRE Agent receives the workload SVID and Trust Bundle and passes it on to the workload. The workload can now present their SVIDs to other SPIFFE-aware devices to communicate with them. ¶ Registering workloads ¶ SPIFFE Concepts ¶ SPIRE Use Cases","",""
"ZERO TRUST WORKLOAD IDENTITY MANAGER > ZERO TRUST WORKLOAD IDENTITY MANAGER RELEASE NOTES","10.3.1","Zero Trust Workload Identity Manager 1.0.1","Issued: 17 May 2026 This release fixes some Common Vulnerabilities and Exposures (CVEs). The following advisories are available for the Zero Trust Workload Identity Manager: ¶ RHBA-2026:17483 RHSA-2026:17463 RHSA-2026:17462 RHSA-2026:17461 RHSA-2026:17460 RHSA-2026:17457 RHSA-2026:17456 ¶ 10.3.1.1. CVEs CVE-2026-21441 CVE-2025-61726 CVE-2025-61729 CVE-2025-68121","",""
"ZERO TRUST WORKLOAD IDENTITY MANAGER > ZERO TRUST WORKLOAD IDENTITY MANAGER RELEASE NOTES > Zero Trust Workload Identity Manager 1.0.0 (General Availability)","10.3.2.3","Fixed issues","Enhanced Security Context Constraints for SPIRE Agent ¶ Before this update, the SPIRE Agent and SPIFFE CSI Driver containers were running as root user, leading to potential security violations. With this release, Security Context Constraints (SCC) have been configured to ensure these components no longer run as root. While privileged container mode is still required for necessary capabilities, this change reduces potential security risks for the user. (SPIRE-60) ¶ SpireServer updates now propagate without Operator restart ¶ Before this update, the Operator failed to trigger reconciliation after updating the operand CR spec. As a consequence, user updates to SpireServer CR resources were not propagated to the StatefulSet, causing reconciliation to fail and changes to be ignored, leading to inconsistent resource allocation. With this release, the race condition between the manager and reconciler's cache to trigger reconciliation after CR updates has been fixed. As a result, post installation patch operations on SpireServer CRs reliably trigger reconciliation, ensuring updated values are applied to the StatefulSet without manual Operator restart. (SPIRE-68 ) ¶ Removed unnecessary security context constraint for OpenID Connect discovery provider ¶ Before this update, the system unnecessarily created a custom security context constraint (SCC) for the OpenID Connect (OIDC) discovery provider, which increased the security footprint and configuration complexity even though the deployment did not require it. With this release, the custom SCC creation logic has been removed, resulting in a configuration where the OIDC discovery provider operates successfully without the extra security constraints. (SPIRE-190) ¶ Fixed ConfigMap Reconciliation for SPIRE Controller Manager ¶ Before this update, Spire-controller manager ConfigMap reconciliation failed due to an unhandled edge case in the previous implementation. As a consequence, users experienced configuration inconsistencies. With this release, the Spire-controller manager ConfigMap reconciliation issue has been resolved. As a result, end users now experience seamless Spire- controller manager configuration. (SPIRE-195) ¶ OIDC discovery provider now restarts automatically on configuration changes ¶ Before this update, the SPIRE OIDC discovery provider failed to automatically restart following configmap changes, leading to persistent authentication failures. With this release, updates to the CR now trigger an automatic pod restart, ensuring that configmap changes are applied immediately. (SPIRE-225) ¶ Corrected update rollback for DaemonSets, Deployments, and StatefulSets ¶ Before this update, daemonset, deployment, and statefulsets were not properly reverted to their original form in all valid scenarios due to an oversight in the update logic. As a consequence, user data loss or inconsistency occurred in valid scenarios. With this release, the update logic has been corrected, ensuring all valid scenarios revert to their original form. (SPIRE-248 ) ¶ Other bug fixes included: ¶ Fixed issues related to continuous reconciliation and unnecessary updates. ¶ Eliminated requeue logic for user input validation errors.","",""
"ZERO TRUST WORKLOAD IDENTITY MANAGER > ZERO TRUST WORKLOAD IDENTITY MANAGER RELEASE NOTES > Zero Trust Workload Identity Manager 0.2.0 (General Availability)","10.3.3.2","Fixed issues","JSON Web Token Issuer field now requires a valid URL ¶ Before this update, the JwtIssuer field for both the SpireServer and the SpireOidcDiscoveryProvider custom resources did not require the input to be a URL, frequently causing configuration errors. With this release, the validation has been updated, and users must now manually enter a valid issuer URL in the JwtIssuer field for both custom resources. As a result, misconfigurations caused by a malformed issuer values are prevented, ensuring a stable and reliable setup. (SPIRE-117)","",""
"ZERO TRUST WORKLOAD IDENTITY MANAGER > ZERO TRUST WORKLOAD IDENTITY MANAGER RELEASE NOTES","10.3.4","Zero Trust Workload Identity Manager 0.1.0 (General Availability)","Issued: 16 June 2025 The following advisories are available for the Zero Trust Workload Identity Manager: ¶ RHBA-2025:9088 RHBA-2025:9085 RHBA-2025:9090 RHBA-2025:9084 ¶ RHBA-2025:9089 RHBA-2025:9087 RHBA-2025:9101 RHBA-2025:9104","",""
"ZERO TRUST WORKLOAD IDENTITY MANAGER > INSTALLING THE ZERO TRUST WORKLOAD IDENTITY MANAGER","10.4.1","Installing the Zero Trust Workload Identity Manager by using the web console","Use the OperatorHub in the OpenShift Container Platform web console to install the Zero Trust Workload Identity Manager. This process streamlines deployment and helps ensure the Operator is installed in the correct namespace with the appropriate installation mode. ¶ A minimum of 1Gi persistent volume is required to install the SPIRE Server. ¶ 2. Go to Ecosystem Software Catalog. ¶ 3. Search for Zero Trust Workload Identity Manager. ¶ 4. On the Install Operator page: ¶ a. Update the Update channel, if necessary. The channel defaults to stable-v1, which installs the latest stable-v1 release of the Zero Trust Workload Identity Manager. ¶ b. Choose the Installed Namespace for the Operator. The default Operator namespace is zero-trust-workload-identity-manager. ¶ If the zero-trust-workload-identity-manager namespace does not exist, it is created for ¶ If the zero-trust-workload-identity-manager namespace does not exist, it is created for you. ¶ The Operator and operands are deployed in the same namespace. ¶ c. Select an Update Approval strategy ¶ The Automatic strategy allows Operator Lifecycle Manager (OLM) to automatically update the Operator when a new version is available. ¶ The Manual strategy requires a user with appropriate credentials to approve the Operator update. ¶ 5. Click Install. ¶ 1. Navigate to Ecosystem Installed Operators. ¶ a. Verify that Zero Trust Workload Identity Manager is listed with a Status of Succeeded in the zero-trust-workload-identity-manager namespace. ¶ b. Verify that Zero Trust Workload Identity Manager controller manager deployment is ready and available by running the following command: ¶ $ oc get deployment -l name=zero-trust-workload-identity-manager -n zero-trust- workload-identity-manager ¶ NAME READY UP-TO-DATE AVAILABLE AGE ¶ zero-trust-workload-identity-manager-controller-manager 1/1 1 1 3h36m ¶ 2. To check the Operator logs, run the following command: ¶ $ oc logs -f deployment/zero-trust-workload-identity-manager-controller-manager -n zero- trust-workload-identity-manager","",""
"ZERO TRUST WORKLOAD IDENTITY MANAGER > INSTALLING THE ZERO TRUST WORKLOAD IDENTITY MANAGER","10.4.2","Installing the Zero Trust Workload Identity Manager by using the CLI","A minimum of 1Gi persistent volume is required to install the SPIRE Server. ¶ 1. Create a new project named zero-trust-workload-identity-manager by running the following ¶ 1. Create a new project named zero-trust-workload-identity-manager by running the following ¶ $ oc new-project zero-trust-workload-identity-manager ¶ 2. Create an OperatorGroup object: a. Create a YAML file, for example, operatorGroup.yaml, with the following content: ¶ Example operatorGroup.yaml ¶ name: openshift-zero-trust-workload-identity-manager upgradeStrategy: Default ¶ b. Create the OperatorGroup object by running the following command: ¶ $ oc create -f operatorGroup.yaml ¶ 3. Create a Subscription object: a. Create a YAML file, for example, subscription.yaml, that defines the Subscription object: ¶ Example subscription.yaml ¶ name: openshift-zero-trust-workload-identity-manager channel: stable-v1 name: openshift-zero-trust-workload-identity-manager ¶ b. Create the Subscription object by running the following command: ¶ $ oc create -f subscription.yaml ¶ Verify that the OLM subscription is created by running the following command: ¶ $ oc get subscription -n zero-trust-workload-identity-manager ¶ NAME PACKAGE SOURCE zero-trust-workload-identity-manager CHANNEL ¶ openshift-zero-trust-workload-identity-manager ¶ redhat-operators stable-v1 ¶ Verify whether the Operator is successfully installed by running the following command: $ oc get csv -n zero-trust-workload-identity-manager ¶ NAME DISPLAY VERSION PHASE ¶ zero-trust-workload-identity-manager.v1.0.0 Zero Trust Workload Identity Manager 1.0.0 ¶ Succeeded ¶ Verify that the Zero Trust Workload Identity Manager controller manager is ready by running the ¶ $ oc get deployment -l name=zero-trust-workload-identity-manager -n zero-trust-workload- identity-manager ¶ NAME READY UP-TO-DATE AVAILABLE AGE ¶ zero-trust-workload-identity-manager-controller-manager 1/1 1 1 43m ¶ 10.5. DEPLOYING ZERO TRUST WORKLOAD IDENTITY MANAGER OPERANDS ¶ Deploy the Zero Trust Workload Identity Manager operands by creating their custom resources in a specific order. Adhering to the sequence helps ensure the successful installation of components, such as the SPIRE Server, SPIRE Agent, and SPIFFE CSI driver. ¶ You must deploy the operands in the following sequence to ensure successful installation: ¶ ZeroTrustWorkloadIdentityManager CR ¶ SPIRE Server ¶ SPIRE Agent ¶ SPIFFE CSI driver ¶ SPIRE OIDC discovery provider","",""
"ZERO TRUST WORKLOAD IDENTITY MANAGER > INSTALLING THE ZERO TRUST WORKLOAD IDENTITY MANAGER","10.5.1","About the ZeroTrustWorkloadIdentityManager custom resource","The ZeroTrustWorkloadIdentityManager is the primary custom resource that initializes the SPIRE deployments. This primary resource defines the trust domain and cluster name to help ensure secure workload identity management. ¶ Reference the complete YAML specification to correctly structure the ¶ Reference the complete YAML specification to correctly structure the ZeroTrustWorkloadIdentityManager CR. This example helps you identify required fields and immutable parameters for your configuration. ¶ kind: ZeroTrustWorkloadIdentityManager ¶ app.kubernetes.io/name: zero-trust-workload-identity-manager app.kubernetes.io/managed-by: zero-trust-workload-identity-manager trustDomain: ""example.com"" clusterName: ""production-cluster"" bundleConfigMap: ""spire-bundle"" ¶ spec.trustDomain Specifies the trust domain to be used for the SPIFFE identifiers. Must be a valid SPIFFE trust domain (lowercase alphanumeric, hyphens, and dots). Maximum length is 255 characters. After setting a value for the field, the field is immutable. Red Hat highly recommends to set this value to match your the base application URL (for example, apps.mycluster.example.com) of your OpenShift Container Platform cluster. Using a different value might cause automatically generated OpenShift Routes or federation endpoints to be created with incorrect or mismatched hostnames later in the configuration process. ¶ spec.clusterName Specifies the name that identifies this cluster within the trust domain. Must be a valid DNS-1123 subdomain with a maximum length of 63 characters. Once set, this field is immutable. ¶ spec.bundleConfigMap Specifies the name of the ConfigMap that stores the SPIRE trust bundle. This ConfigMap contains the root certificates for the trust domain and is created and maintained by the Operator. Must be a valid Kubernetes name with a maximum length of 253 characters. This field is optional (defaults to spire-bundle) and once set, is immutable.","",""
"ZERO TRUST WORKLOAD IDENTITY MANAGER > INSTALLING THE ZERO TRUST WORKLOAD IDENTITY MANAGER","10.5.2","Deploying the SPIRE Server","Deploy the SPIRE Server by configuring the SpireServer custom resource (CR). This establishes a central authority that manages and issues identities to the workloads in your cluster. ¶ You have installed Zero Trust Workload Identity Manager in the cluster. ¶ 1. Create the SpireServer CR: ¶ a. Create a YAML file that defines the SpireServer CR, for example, SpireServer.yaml: ¶ Example SpireServer.yaml ¶ logLevel: ""info"" logFormat: ""text"" jwtIssuer: ""https://oidc-discovery.apps.cluster.example.com"" caValidity: ""24h"" defaultX509Validity: ""1h"" defaultJWTValidity: ""5m"" jwtKeyType: ""rsa-2048"" caSubject: ¶ country: ""US"" organization: ""Example Corporation"" commonName: ""SPIRE Server CA"" persistence: size: ""5Gi"" accessMode: ""ReadWriteOnce"" storageClass: ""gp3-csi"" datastore: databaseType: ""sqlite3"" connectionString: ""/run/spire/data/datastore.sqlite3"" tlsSecretName: """" maxOpenConns: 100 maxIdleConns: 10 connMaxLifetime: 0 disableMigration: ""false"" ¶ metadata.name ¶ Specifies that the value must be cluster. ¶ spec.logLevel ¶ Specifies the logging level for the SPIRE Server. The valid options are debug, info, warn, and error. ¶ spec.logFormat ¶ Specifies the logging format for the SPIRE Server. The valid options are text and json. ¶ spec.jwtIssuer ¶ Specifies the JWT issuer URL. Must be a valid HTTPS or HTTP URL with a maximum length of 512 characters. ¶ spec.caValidity ¶ Specifies the validity period (Time to Live (TTL)) for the SPIRE Server's CA certificate. This determines how long the server's root or intermediate certificate is valid. The format is a duration string (for example, 24h, 168h). ¶ spec.defaultX509Validity ¶ Specifies the default validity period (TTL) for X.509 SVIDs issued to workloads. This value is used if a specific TTL is not configured for a registration entry. ¶ spec.defaultJWTValidity ¶ Specifies thedefault validity period (TTL) for JWT SVIDs issued to workloads. This value ¶ Specifies thedefault validity period (TTL) for JWT SVIDs issued to workloads. This value is used if a specific TTL is not configured for a registration entry. spec.wtKeyType Specifies the key type used for JWT signing. The valid options are rsa-2048, rsa-4096, ec-p256, and ec-p384. This field is optional. spec.caSubject.country Specifies the country for the SPIRE Server certificate authority (CA). Must be an ISO 3166-1 alpha-2 country code (2 characters). spec.caSubject.organization Specifies the organization for the SPIRE Server CA. Maximum length is 64 characters. spec.caSubject.commonName Specifies the common name for the SPIRE Server CA. Maximum length is 255 characters. spec.persistence.size Specifies the size of the persistent volume (for example, 1Gi, 5Gi). Once set, this field is immutable. spec.persistence.accessMode Specifies the access mode for the persistent volume. The valid options are ReadWriteOnce, ReadWriteOncePod, and ReadWriteMany. Once set, this field is immutable. spec.persistence.storageClass Specifies the storage class to be used for the PVC. Once set, this field is immutable. spec.datastore.databaseType Specifies the type of database to use for the datastore. The valid options are sql, sqlite3, postgres, mysql, aws_postgresql, and aws_mysql. spec.datastore.connectionString Specifies the connection string for the database. For PostgreSQL with SSL, include sslmode and certificate paths (for example, dbname=spire user=spire host=postgres.example.com sslmode=verify-full). spec.datastore.tlsSecretName Specifies the name of a Kubernetes Secret containing TLS certificates for database connections. The Secret will be mounted at /run/spire/db/certs. This field is optional. spec.datastore.maxOpenConns Specifies the maximum number of open database connections. Must be between 1 and 10000. spec.datastore.maxIdleConns Specifies the maximum number of idle database connections in the pool. Must be between 0 and 10000. spec.datastore.connMaxLifetime Specifies the maximum lifetime of a database connection in seconds. A value of 0 means connections are not closed due to age. spec.datastore.disableMigration Specifies whether to disable automatic database migration. The valid options are true and false. ¶ b. Apply the configuration by running the following command: ¶ $ oc apply -f SpireServer.yaml ¶ Verify that the stateful set of SPIRE Server is ready and available by running the following ¶ $ oc get statefulset -l app.kubernetes.io/name=server -n zero-trust-workload-identity- manager ¶ NAME READY AGE ¶ spire-server 1/1 65s ¶ Verify that the status of the SPIRE Server pod is Running by running the following command: $ oc get po -l app.kubernetes.io/name=server -n zero-trust-workload-identity-manager ¶ spire-server-0 2/2 Running 1 (108s ago) 111s ¶ Verify that the persistent volume claim (PVC) is bound, by running the following command: $ oc get pvc -l app.kubernetes.io/name=server -n zero-trust-workload-identity-manager ¶ NAME STATUS VOLUME CAPACITY ACCESS ¶ MODES STORAGECLASS VOLUMEATTRIBUTECLASS AGE ¶ spire-data-spire-server-0 Bound pvc-27a36535-18a1-4fde-ab6d-e7ee7d3c2744 5Gi ¶ RW0 gp3-csi <unset> 22m","",""
"ZERO TRUST WORKLOAD IDENTITY MANAGER > INSTALLING THE ZERO TRUST WORKLOAD IDENTITY MANAGER","10.5.3","Deploying the SPIRE Agent","Use the SpireAgent custom resource to configure the SPIRE Agent DaemonSet on your nodes. This defines how the agent verifies workloads and manages identity attestation across your OpenShift Container Platform cluster. ¶ You have installed Zero Trust Workload Identity Manager in the cluster. ¶ 1. Create the SpireAgent CR: ¶ a. Create a YAML file that defines the SpireAgent CR, for example, SpireAgent.yaml: ¶ Example SpireAgent.yaml ¶ kind: SpireAgent ¶ socketPath: ""/run/spire/agent-sockets"" logLevel: ""info"" logFormat: ""text"" nodeAttestor: ¶ k8sPSATEnabled: ""true"" workloadAttestors: ¶ k8sEnabled: ""true"" workloadAttestorsVerification: ¶ type: ""auto"" hostCertBasePath: ""/etc/kubernetes"" hostCertFileName: ""kubelet-ca.crt"" disableContainerSelectors: ""false"" useNewContainerLocator: ""true"" ¶ metadata.name Specifies that the value must be cluster. ¶ spec.socketPath Specifies the directory on the host where the SPIRE agent socket is created. This directory is shared with the SPIFFE CSI driver via the hostPath volume. Must match the SpiffeCSIDriver.spec.agentSocketPath for workloads to access the socket. Must be an absolute path with a maximum length of 256 characters. ¶ spec.logLevel Specifies the logging level for the SPIRE Server. The valid options are debug, info, warn, and error. ¶ spec.logFormat Specifies the logging format for the SPIRE Server. The valid options are text and json. ¶ spec.nodeAttestor.k8sPSATEnabled Specifies whether Kubernetes Projected Service Account Token (PSAT) node attestation is enabled. When enabled, the SPIRE agent uses K8s PSATs to prove its identity to the SPIRE server during node attestation. The valid options are true and false. ¶ spec.workloadAttestors.k8sEnabled Specifies whether the Kubernetes workload attestor is enabled. When enabled, the SPIRE agent can verify workload identities using Kubernetes pod information and service account tokens. The valid options are true and false. ¶ spec.workloadAttestors.workloadAttestorsVerification.type ¶ Specifies the kubelet certificate verification mode. The valid options are auto, hostCert, ¶ Specifies the kubelet certificate verification mode. The valid options are auto, hostCert, and skip. spec.workloadAttestors.workloadAttestorsVerification.hostCertBasePath Specifies the directory containing the kubelet CA certificate. Required when type is hostCert. Optional when type is auto (defaults to /etc/kubernetes if not specified). spec.workloadAttestors.workloadAttestorsVerification.hostCertFileName Specifies the file name for the kubelet's CA certificate. When combined with hostCertBasePath, forms the full path. Required when type is hostCert. Optional when type is auto. Defaults to kubelet-ca.crt if not specified. spec.workloadAttestors.disableContainerSelectors Specifies whether to disable container selectors in the Kubernetes workload attestor. Set to true if using holdApplicationUntilProxyStarts in Istio. The valid options are true and false. spec.workloadAttestors.useNewContainerLocator Specifies enabling the new container locator algorithm that has support for cgroups v2. The valid options are true and false. ¶ b. Apply the configuration by running the following command: ¶ $ oc apply -f SpireAgent.yaml ¶ Verify that the daemon set of the SPIRE Agent is ready and available by running the following ¶ $ oc get daemonset -l app.kubernetes.io/name=spire-agent -n zero-trust-workload-identity- manager ¶ NAME DESIRED CURRENT READY UP-TO-DATE AVAILABLE NODE ¶ SELECTOR AGE ¶ spire-agent 3 3 3 3 3 <none> 10m ¶ Verify that the status of SPIRE Agent pods is Running by running the following command: $ oc get po -l app.kubernetes.io/name=spire-agent -n zero-trust-workload-identity-manager ¶ NAME READY STATUS RESTARTS AGE ¶ spire-agent-dp4jb 1/1 Running 0 12m ¶ spire-agent-nvwjm 1/1 Running 0 12m ¶ spire-agent-vtvlk 1/1 Running 0 12m","",""
"ZERO TRUST WORKLOAD IDENTITY MANAGER > INSTALLING THE ZERO TRUST WORKLOAD IDENTITY MANAGER","10.5.4","Deploying the SPIFFE Container Storage Interface driver","Configure the Container Storage Interface (CSI) driver using the SpiffeCSIDriver CR. This ¶ Configure the Container Storage Interface (CSI) driver using the SpiffeCSIDriver CR. This configuration mounts SPIFFE sockets directly into workload pods, which allows your applications to access the SPIFFE Workload API securely. ¶ You have installed Zero Trust Workload Identity Manager in the cluster. ¶ 1. Create the SpiffeCSIDriver CR: ¶ a. Create a YAML file that defines the SpiffeCSIDriver CR object, for example, SpiffeCSIDriver.yaml: ¶ Example SpiffeCSIDriver.yaml ¶ kind: SpiffeCSIDriver ¶ agentSocketPath: ""/run/spire/agent-sockets"" pluginName: ""csi.spiffe.io"" ¶ metadata.name Specifies that the name must be cluster. ¶ spec.agentSocketPath Specifies the path to the directory containing the SPIRE agent's Workload API socket. This directory is bind-mounted into workload containers by the CSI driver. The directory is shared between the SPIRE agent and CSI driver via a hostPath volume. Must be an absolute path with a maximum length of 256 characters. This value must match SpireAgent.spec.socketPath for workloads to access the socket. ¶ spec.pluginName Specifies the name of the CSI plugin. This sets the CSI driver name that is deployed to the cluster and used in VolumeMount configurations. Must match the driver name referenced in the workload pods. Must be a valid domain name format (for example, csi.spiffe.io) with a maximum length of 127 characters. ¶ b. Apply the configuration by running the following command: ¶ $ oc apply -f SpiffeCSIDriver.yaml ¶ Verify that the daemon set of the SPIFFE CSI driver is ready and available by running the ¶ $ oc get daemonset -l app.kubernetes.io/name=spiffe-csi-driver -n zero-trust-workload- identity-manager ¶ NAME DESIRED CURRENT READY UP-TO-DATE AVAILABLE NODE ¶ SELECTOR AGE ¶ spire-spiffe-csi-driver 3 3 3 3 3 <none> 114s ¶ Verify that the status of SPIFFE Container Storage Interface (CSI) Driver pods is Running by ¶ $ oc get po -l app.kubernetes.io/name=spiffe-csi-driver -n zero-trust-workload-identity- manager ¶ spire-spiffe-csi-driver-gpwcp 2/2 Running 0 2m37s ¶ spire-spiffe-csi-driver-rrbrd 2/2 Running 0 2m37s ¶ spire-spiffe-csi-driver-w6s6q 2/2 Running 0 2m37s","",""
"ZERO TRUST WORKLOAD IDENTITY MANAGER > INSTALLING THE ZERO TRUST WORKLOAD IDENTITY MANAGER","10.5.5","Deploying the SPIRE OpenID Connect Discovery Provider","Deploy the SPIRE OpenID Connect (OIDC) Discovery Provider by configuring the SpireOIDCDiscoveryProvider CR. This allows you to define the trust domain and JSON web token (JWT) issuer for your cluster. ¶ You have installed Zero Trust Workload Identity Manager in the cluster. ¶ 1. Create the SpireOIDCDiscoveryProvider CR: ¶ a. Create a YAML file that defines the SpireOIDCDiscoveryProvider CR, for example, SpireOIDCDiscoveryProvider.yaml: ¶ Example SpireOIDCDiscoveryProvider.yaml ¶ aapiVersion: operator.openshift.io/v1alpha1 kind: SpireOIDCDiscoveryProvider ¶ logLevel: ""info"" logFormat: ""text"" csiDriverName: ""csi.spiffe.io"" jwtIssuer: ""https://oidc-discovery.apps.cluster.example.com"" replicaCount: 1 ¶ externalSecretRef: """" ¶ metadata.name Specifies that the value must be cluster. ¶ spec.logLevel Specifies the logging level for the SPIRE Server. The valid options are debug, info, warn, and error. ¶ spec.logFormat Specifies the logging format for the SPIRE Server. The valid options are text and json. ¶ spec.csiDriverName Specifies the name of the CSI driver to use for mounting the Workload API socket. This must match the SpiffeCSIDriver.spec.pluginName value for the OIDC provider to access SPIFFE identities. Must be a valid DNS subdomain format (for example, csi.spiffe.io) with a maximum length of 127 characters. ¶ spec.jwtIssuer Specifies the JWT issuer URL. Must be a valid HTTPS or HTTP URL with a maximum length of 512 characters. This value must match the SpireServer.spec.jwtIssuer value. ¶ spec.replicaCount Specifies the number of replicas for the OIDC Discovery Provider deployment. Must be between 1 and 5. ¶ spec.managedRoute Specifies whether the Operator automatically creates an OpenShift route for the OIDC Discovery Provider endpoints. Set to true to have the Operator automatically create and maintain an OpenShift route for OIDC discovery endpoints (*.apps.). Set to false for administrators to manually configure routes or ingress. ¶ spec.ternalSecretRef Specifies a reference to an externally managed secret that contains the TLS certificate for the OIDC Discovery Provider route host. Must be a valid Kubernetes secret reference name with a maximum length of 253 characters. This field is optional. ¶ b. Apply the configuration by running the following command: ¶ $ oc apply -f SpireOIDCDiscoveryProvider.yaml ¶ 1. Verify that the deployment of OIDC Discovery Provider is ready and available by running the ¶ $ oc get deployment -l app.kubernetes.io/name=spiffe-oidc-discovery-provider -n zero-trust- workload-identity-manager ¶ NAME READY UP-TO-DATE AVAILABLE AGE ¶ spire-spiffe-oidc-discovery-provider 1/1 1 1 2m58s ¶ 2. Verify that the status of OIDC Discovery Provider pods is Running by running the following ¶ $ oc get po -l app.kubernetes.io/name=spiffe-oidc-discovery-provider -n zero-trust-workload- identity-manager ¶ spire-spiffe-oidc-discovery-provider-64586d599f-lcc94 2/2 Running 0 7m15s ¶ 10.6. CONFIGURING THE EGRESS PROXY FOR THE ZERO TRUST WORKLOAD IDENTITY MANAGER ¶ Operator Lifecycle Manager (OLM) automatically configures managed Operators with proxy settings when you use a cluster-wide egress proxy. To support proxying HTTPS connections, you can inject certificate authority (CA) certificates into the Zero Trust Workload Identity Manager. ¶ 10.6.1. Injecting a custom CA certificate for the Zero Trust Workload Identity Manager ¶ Inject certificate authority (CA) certificates into the Zero Trust Workload Identity Manager to support proxying HTTPS connections. This configuration helps ensure that the Identity Manager can communicate securely when you enable a cluster-wide proxy. ¶ You have enabled the cluster-wide proxy for OpenShift Container Platform. ¶ You have installed Zero Trust Workload Identity Manager 1.0.0 or later. ¶ You have deployed the SPIRE Server, SPIRE Agent, SPIFFEE CSI Driver, and the SPIRE OIDC Discovery Provider operands in the cluster. ¶ 1. Create a config map in the zero-trust-workload-identity-manager namespace by running the ¶ $ oc create configmap trusted-ca -n zero-trust-workload-identity-manager ¶ 2. Inject the CA bundle that is trusted by OpenShift Container Platform into the config map by ¶ $ oc label cm trusted-ca config.openshift.io/inject-trusted-cabundle=true -n zero-trust- workload-identity-manager ¶ 3. Update the subscription for the Zero Trust Workload Identity Manager to use the config map by ¶ 3. Update the subscription for the Zero Trust Workload Identity Manager to use the config map by ¶ $ oc -n zero-trust-workload-identity-manager patch subscription openshift-zero-trust- workload-identity-manager --type='merge' -p '{""spec"":{""config"":{""env"": [{""name"":""TRUSTED_CA_BUNDLE_CONFIGMAP"",""value"":""trusted-ca""}]}}}' ¶ 1. Verify that the operands have finished rolling out by running the following command: ¶ $ oc rollout status deployment/zero-trust-workload-identity-manager-controller-manager -n zero-trust-workload-identity-manager && \ $ oc rollout status statefulset/spireserver -n zero-trust-workload-identity-manager && \ $ oc rollout status daemonset/spire-agent -n zero-trust-workload-identity-manager && \ $ oc rollout status deployment/spire-spiffe-oidc-discovery-provider -n zero-trust-workload- identity-manager ¶ deployment ""zero-trust-workload-identity-manager-controller-manager"" successfully rolled out statefulset ""spire-server"" successfully rolled out daemonset ""spire-agent"" successfully rolled out deployment ""spire-spiffe-oidc-discovery-provider"" successfully rolled out ¶ 2. Verify that the CA bundle was mounted as a volume by running the following command: ¶ $ oc get deployment zero-trust-workload-identity-manager -n zero-trust-workload-identity- manager -o=jsonpath={.spec.template.spec.'containers[0].volumeMounts'} ¶ $ oc get statefulset spire-server -n zero-trust-workload-identity-manager -o jsonpath='{.spec.template.spec.containers[*].volumeMounts[?(@.name==""trusted-ca- bundle"")]}' ¶ $ oc get daemonset spire-agent -n zero-trust-workload-identity-manager -o jsonpath='{.spec.template.spec.containers[*].volumeMounts[?(@.name==""trusted-ca- bundle"")]}' ¶ $ oc get daemonset spire-spiffe-csi-driver -n zero-trust-workload-identity-manager -o jsonpath='{.spec.template.spec.containers[*].volumeMounts[?(@.name==""trusted-ca- bundle"")]}' ¶ [{{""mountPath"":""/etc/pki/ca-trust/extracted/pem"",""name"":""trusted-ca-bundle"",""readOnly"":true}}] ¶ 3. Verify that the source of the CA bundle is the trusted-ca config map by running the following ¶ $ oc get deployment zero-trust-workload-identity-manager -n zero-trust-workload-identity- manager -o=jsonpath={.spec.template.spec.volumes} ¶ $ oc get statefulset spire-server -n zero-trust-workload-identity-manager - o=jsonpath='{.spec.template.spec.volumes}' | jq '.[] | select(.name==""trusted-ca-bundle"")' ¶ $ oc get daemonset spire-agent -n zero-trust-workload-identity-manager - o=jsonpath='{.spec.template.spec.volumes}' | jq '.[] | select(.name==""trusted-ca-bundle"")' ¶ $ oc get deployment spire-spiffe-oidc-discovery-provider -n zero-trust-workload-identity- manager -o=jsonpath='{.spec.template.spec.volumes}' | jq '.[] | select(.name==""trusted-ca- bundle"")' ¶ ""configMap"": { ""defaultMode"": 420, ""items"": [ ""key"": ""ca-bundle.crt"", ""path"": ""tls-ca-bundle.pem"" ""name"": ""trusted-ca"" ""name"": ""trusted-ca-bundle""","",""
"ZERO TRUST WORKLOAD IDENTITY MANAGER > INSTALLING THE ZERO TRUST WORKLOAD IDENTITY MANAGER","10.6.2","Additional resources","Configuring proxy support in Operator Lifecycle Manager ¶ 10.7. ZERO TRUST WORKLOAD IDENTITY MANAGER OIDC FEDERATION ¶ Configure Zero Trust Workload Identity Manager to act as an OpenID Connect (OIDC) provider through the SPIRE server. This integration allows workloads to receive verifiable JSON Web Tokens (JWT- SVIDs) and allows external systems, such as cloud providers, to retrieve public keys from the discovery endpoint. ¶ The following providers are verified to work with SPIRE OIDC federation: ¶ Azure Entra ID ¶ Vault","",""
"ZERO TRUST WORKLOAD IDENTITY MANAGER > INSTALLING THE ZERO TRUST WORKLOAD IDENTITY MANAGER > About the Entra ID OpenID Connect","10.7.1.1","Configuring the external certificate for the managed OIDC discovery provider route","Configure the managed OIDC discovery provider route to use an externally managed TLS certificate. By referencing a TLS secret, you can secure the OIDC endpoint with your own certificate credentials. ¶ You have installed Zero Trust Workload Identity Manager 0.2.0 or later. ¶ You have deployed the SPIRE Server, SPIRE Agent, SPIFFEE CSI Driver, and the SPIRE OIDC Discovery Provider operands in the cluster. ¶ You have installed the cert-manager Operator for Red Hat OpenShift. For more information, Installing the cert-manager Operator for Red Hat OpenShift . ¶ You have created a ClusterIssuer or Issuer configured with a publicly trusted CA service. For example, an Automated Certificate Management Environment (ACME) type Issuer with the ""Let's Encrypt ACME"" service. For more information, see Configuring an ACME issuer ¶ 1. Create a Role to provide the router service account permissions to read the referenced secret by running the following command: ¶ $ oc create role secret-reader \ -verb=get,list,watch \ -resource=secrets \ -resource-name=$TLS_SECRET_NAME \ n zero-trust-workload-identity-manager ¶ 2. Create a RoleBinding resource to bind the router service account with the newly created Role resource by running the following command: ¶ $ oc create rolebinding secret-reader-binding \ -role=secret-reader \ -serviceaccount=openshift-ingress:router \ n zero-trust-workload-identity-manager ¶ 3. Configure the SpireOIDCDIscoveryProvider Custom Resource (CR) object to reference the Secret generated in the earlier step by running the following command: ¶ $ oc patch SpireOIDCDiscoveryProvider cluster --type=merge -p=' ¶ externalSecretRef: ${TLS_SECRET_NAME} ' ¶ 1. In the SpireOIDCDiscoveryProvider CR, check if the ManageRouteReady condition is set to True by running the following command: ¶ $ oc wait --for=jsonpath='{.status.conditions[? (@.type==""ManagedRouteReady"")].status}'=True SpireOIDCDiscoveryProvider/cluster -- timeout=120s ¶ 2. Verify that the OIDC endpoint can be accessed securely through HTTPS by running the ¶ $ curl https://$JWT_ISSUER_ENDPOINT/.well-known/openid-configuration ¶ ""issuer"": ""https://$JWT_ISSUER_ENDPOINT"", ""jwks_uri"": ""https://$JWT_ISSUER_ENDPOINT/keys"", ""authorization_endpoint"": """", ""response_types_supported"": [ ""id_token"" ""subject_types_supported"": [], ""id_token_signing_alg_values_supported"": [ ""RS256"", ""ES256"", ""ES384"" ¶ }% ¶ 10.7.1.2. Disabling a managed route If you want to fully control the behavior of exposing the OIDC Discovery Provider service, you can disable the managed Route based on your requirements. ¶ To manually configure the OIDC Discovery Provider, set managedRoute to false by running ¶ $ oc patch SpireOIDCDiscoveryProvider cluster --type=merge -p=' ¶ managedRoute: ""false"" ¶ 10.7.1.3. Using Entra ID with Microsoft Azure Configure your Microsoft Azure environment to enable Entra ID integration with Azure. By defining variables and creating a resource group, you establish the infrastructure needed to securely manage workload identities. ¶ You have configured the SPIRE OIDC Discovery Provider Route to serve the TLS certificates from a publicly trusted CA. ¶ 1. Log in to Azure by running the following command: ¶ $ az login ¶ 2. Configure variables for your Azure subscription and tenant by running the following commands: ¶ $ export SUBSCRIPTION_ID=$(az account list --query ""[?isDefault].id"" -o tsv) ¶ $ export TENANT_ID=$(az account list --query ""[?isDefault].tenantId"" -o tsv) ¶ $ export LOCATION=centralus Replace the SUBSCRIPTION_ID variable with your unique subscription identifier. Replace the TENANT_ID variable with the ID for your Azure Active Directory instance. Replace the LOCATION variable with the Azure region where your resource is created. ¶ 3. Define resource variable names by running the following commands: $ export NAME=ztwim ¶ $ export RESOURCE_GROUP=""${NAME}-rg"" ¶ $ export STORAGE_ACCOUNT=""${NAME}storage"" ¶ $ export STORAGE_CONTAINER=""${NAME}storagecontainer"" ¶ $ export USER_ASSIGNED_IDENTITY_NAME=""${NAME}-identity"" Replace the NAME variable with the base name for all resources. Replace the RESOURCE_GROUP variable with the name of the resource group. Replace the STORAGE_ACCOUNT variable with the name for the storage account. Replace the STORAGE_CONTAINER variable with the name for the storage container. Replace the USEDR_ASSIGNED_IDENTITY_NAME variable with the name for a managed identity. ¶ 4. Create the resource group by running the following command: $ az group create \ -name ""${RESOURCE_GROUP}"" \ -location ""${LOCATION}"" ¶ 10.7.1.4. Configuring Azure blob storage Create a new Microsoft Azure storage account and container to provide a dedicated location for your content. Configuring this storage ensures that the Zero Trust Workload Identity Manager can successfully store and retrieve blobs for your environment. ¶ 1. Create a new storage account that is used to store content by running the following command: ¶ $ az storage account create \ -name ${STORAGE_ACCOUNT} \ -resource-group ${RESOURCE_GROUP} \ -location ${LOCATION} \ -encryption-services blob ¶ 2. Obtain the storage ID for the newly created storage account by running the following command: ¶ $ export STORAGE_ACCOUNT_ID=$(az storage account show -n ${STORAGE_ACCOUNT} -g ${RESOURCE_GROUP} --query id --out tsv) ¶ 3. Create a storage container inside the newly created storage account to provide a location to support the storage of blobs by running the following command: ¶ $ az storage container create \ -account-name ${STORAGE_ACCOUNT} \ -name ${STORAGE_CONTAINER} \ -auth-mode login ¶ 10.7.1.5. Configuring an Azure user managed identity Create a user-assigned managed identity in Azure to manage access control for your resources. You must also obtain the Client ID to associate roles with the service principal. ¶ 1. Create a new User Managed Identity and then obtain the Client ID of the related Service Principal associated with the User Managed Identity by running the following command: ¶ $ az identity create \ -name ${USER_ASSIGNED_IDENTITY_NAME} \ -resource-group ${RESOURCE_GROUP} ¶ $ export IDENTITY_CLIENT_ID=$(az identity show --resource-group ""${RESOURCE_GROUP}"" --name ""${USER_ASSIGNED_IDENTITY_NAME}"" --query 'clientId' -otsv) ¶ 2. Retrieve the CLIENT_ID of an Azure user-assigned managed identity and save it as an environment variable by running the following command: ¶ $ export IDENTITY_CLIENT_ID=$(az identity show --resource-group ""${RESOURCE_GROUP}"" --name ""${USER_ASSIGNED_IDENTITY_NAME}"" --query 'clientId' -otsv) ¶ 3. Associate a role with the Service Principal associated with the User Managed Identity by running ¶ $ az role assignment create \ -role ""Storage Blob Data Contributor"" \ -assignee ""${IDENTITY_CLIENT_ID}"" \ -scope ${STORAGE_ACCOUNT_ID} ¶ 10.7.1.6. Creating the demonstration application Create the demonstration application to verify that the entire system functions correctly. This process validates the configuration of your application secrets and namespaces. ¶ To create the demonstration application, complete the following steps: ¶ 1. Set the application name and namespace by running the following commands: ¶ $ export APP_NAME=workload-app ¶ $ export APP_NAMESPACE=demo ¶ 2. Create the namespace by running the following command: ¶ $ oc create namespace $APP_NAMESPACE ¶ 3. Create the application Secret by running the following command: ¶ $ oc apply -f - << EOF kind: Secret ¶ name: $APP_NAME namespace: $APP_NAMESPACE stringData: AAD_AUTHORITY: https://login.microsoftonline.com/ AZURE_AUDIENCE: ""api://AzureADTokenExchange"" AZURE_TENANT_ID: ""${TENANT_ID}"" AZURE_CLIENT_ID: ""${IDENTITY_CLIENT_ID}"" BLOB_STORE_ACCOUNT: ""${STORAGE_ACCOUNT}"" BLOB_STORE_CONTAINER: ""${STORAGE_CONTAINER}"" EOF ¶ 10.7.1.7. Deploying the workload application Deploy the workload application to your cluster to validate the Zero Trust Workload Identity Manager environment. This application confirms that the SPIFFE Workload API is functioning and can successfully retrieve JWT tokens. ¶ The demonstration application has been created and deployed. ¶ 1. To deploy the application, copy the entire command block provided and paste it directly into your terminal. Press Enter. ¶ $ oc apply -f - << EOF kind: ServiceAccount ¶ name: $APP_NAME namespace: $APP_NAMESPACE ¶ kind: Deployment apiVersion: apps/v1 ¶ name: $APP_NAME namespace: $APP_NAMESPACE ¶ app: $APP_NAME ¶ app: $APP_NAME deployment: $APP_NAME serviceAccountName: $APP_NAME name: $APP_NAME image: ""registry.redhat.io/ubi9/python-311:latest"" /bin/bash ""-c"" | #!/bin/bash pip install spiffe azure-cli ¶ token"", cat << EOF > /opt/app-root/src/get-spiffe-token.py #!/opt/app-root/bin/python from spiffe import JwtSource import argparse parser = argparse.ArgumentParser(description='Retrieve SPIFFE Token.') parser.add_argument(""-a"", ""--audience"", help=""The audience to include in the required=True) args = parser.parse_args() with JwtSource() as source: ¶ jwt_svid = source.fetch_svid(audience={args.audience}) print(jwt_svid.token) EOF ¶ chmod +x /opt/app-root/src/get-spiffe-token.py while true; do sleep 10; done envFrom: secretRef: name: $APP_NAME env: name: SPIFFE_ENDPOINT_SOCKET value: unix:///run/spire/sockets/spire-agent.sock drop: ¶ ALL ¶ readOnlyRootFilesystem: false ¶ type: RuntimeDefault ports: ¶ containerPort: 8080 protocol: TCP ¶ volumeMounts: name: spiffe-workload-api mountPath: /run/spire/sockets readOnly: true ¶ name: spiffe-workload-api csi: driver: csi.spiffe.io readOnly: true ¶ EOF ¶ 1. Ensure that the workload-app pod is running successfully by running the following command: $ oc get pods -n $APP_NAMESPACE ¶ NAME READY STATUS RESTARTS AGE 60s workload-app-5f8b9d685b-abcde 1/1 Running 0 ¶ 2. Retrieve the SPIFFE JWT Token (SVID-JWT): a. Get the pod name dynamically by running the following command: ¶ $ POD_NAME=$(oc get pods -n $APP_NAMESPACE -l app=$APP_NAME -o jsonpath='{.items[0].metadata.name}') ¶ b. Run the script inside the pod by running the following command: ¶ $ oc exec -it $POD_NAME -n $APP_NAMESPACE -- \ /opt/app-root/src/get-spiffe-token.py -a ""api://AzureADTokenExchange"" ¶ 10.7.1.8. Configuring Azure with the SPIFFE identity federation Configure Microsoft Azure with SPIFFE identity federation to enable password-free, automated authentication for the demonstration application. This federates the User Managed Identity with the SPIFFE identity associated with your workload application. ¶ Federate the identities between the User Managed Identity and the SPIFFE identity associated with the workload application by running the following command: ¶ $ az identity federated-credential create \ ¶ -name ${NAME} \ -identity-name ${USER_ASSIGNED_IDENTITY_NAME} \ -resource-group ${RESOURCE_GROUP} \ -issuer https://$JWT_ISSUER_ENDPOINT \ -subject spiffe://$APP_DOMAIN/ns/$APP_NAMESPACE/sa/$APP_NAME \ -audience api://AzureADTokenExchange ¶ 10.7.1.9. Verifying that the application workload can access the content in the Azure Blob Storage Verify that your application workload can connect to the Azure Blob Storage. By uploading a test file, you validate the authentication token and ensure that the workload has the correct permissions. ¶ An Azure Blob Storage has been created. ¶ 1. Retrieve a JWT token from the SPIFFE Workload API by running the following command: ¶ $ oc rsh -n $APP_NAMESPACE deployment/$APP_NAME ¶ 2. Create and export an environment variable named TOKEN by running the following command: ¶ $ export TOKEN=$(/opt/app-root/src/get-spiffe-token.py --audience=$AZURE_AUDIENCE) ¶ 3. Log in to Azure CLI included within the pod by running the following command: ¶ $ az login --service-principal \ t ${AZURE_TENANT_ID} \ u ${AZURE_CLIENT_ID} \ -federated-token ${TOKEN} ¶ 4. Create a new file with the application workload pod and upload the file to the Blob Storage by ¶ $ echo ""Hello from OpenShift"" > openshift-spire-federated-identities.txt ¶ 5. Upload a file to the Azure Blog Storage by running the following command: ¶ $ az storage blob upload \ -account-name ${BLOB_STORE_ACCOUNT} \ -container-name ${BLOB_STORE_CONTAINER} \ -name openshift-spire-federated-identities.txt \ -file openshift-spire-federated-identities.txt \ -auth-mode login ¶ Confirm the file uploaded successfully by listing the files contained by running the following ¶ $ az storage blob list \ -account-name ${BLOB_STORE_ACCOUNT} \ -container-name ${BLOB_STORE_CONTAINER} \ -auth-mode login \ o table","",""
"ZERO TRUST WORKLOAD IDENTITY MANAGER > INSTALLING THE ZERO TRUST WORKLOAD IDENTITY MANAGER > About Vault OpenID Connect","10.7.2.1","Installing Vault","Install HashiCorp Vault to serve as an OpenID Connect (OIDC) provider. This establishes the necessary infrastructure to manage workload identities securely in your Zero Trust Workload Identity Manager environment. ¶ Configure a route. For more information, see Route configuration ¶ Helm is installed. ¶ A command-line JSON processor for easily reading the output from the Vault API. ¶ A HashiCorp Helm repository is added. ¶ 1. Create the vault-helm-value.yaml file. ¶ global: enabled: true openshift: true 1 tlsDisable: true 2 ¶ injector: enabled: false ¶ server: ui: enabled: true image: repository: docker.io/hashicorp/vault tag: ""1.19.0"" dataStorage: enabled: true 3 size: 1Gi standalone: enabled: true 4 config: | listener ""tcp"" { tls_disable = 1 5 address = ""[::]:8200"" cluster_address = ""[::]:8201"" ¶ storage ""file"" { ¶ path = ""/vault/data"" extraEnvironmentVars: {} ¶ The openshift field optimizes the deployment for OpenShift-specific security contexts. ¶ The tlsDisable field disables TLS for Kubernetes objects created by the chart. ¶ The datastorage.enabled field creates a 1Gi persistent volume to store Vault data. ¶ The standalone.enabled field deploys a single Vault pod. ¶ The tls_disabled field tells the Vault server to not use TLS. ¶ 2. Run the helm install command: ¶ $ helm install vault hashicorp/vault \ -create-namespace -n vault \ -values ./vault-helm-value.yaml ¶ 3. Expose the Vault service by running the following command: ¶ $ oc expose service vault -n vault ¶ 4. Set the VAULT_ADDR environment variable to retrieve the hostname from the new route and then export it by running the following command: ¶ $ export VAULT_ADDR=""http://$(oc get route vault -n vault -o jsonpath='{.spec.host}')"" ¶ http:// is prepended because TLS is disabled. ¶ To ensure your Vault instance is running, run the following command: ¶ $ curl -s $VAULT_ADDR/v1/sys/health | jq ¶ ""initialized"": true, ""sealed"": true, ""standby"": true, ""performance_standby"": false, ""replication_performance_mode"": ""disabled"", ""replication_dr_mode"": ""disabled"", ""server_time_utc"": 1663786574, ""version"": ""1.19.0"", ¶ ""cluster_name"": ""vault-cluster-a1b2c3d4"", ""cluster_id"": ""5e6f7a8b-9c0d-1e2f-3a4b-5c6d7e8f9a0b"" ¶ 10.7.2.2. Initializing and unsealing Vault A newly installed Vault is sealed. This means that the primary encryption key, which protects all other encryption keys, is not loaded into the server memory upon startup. You need to initialize Vault to unseal it. The steps to initialize a Vault server are: ¶ 1. Initialize and unseal Vault ¶ 2. Enable the key-value (KV) secrets engine and store a test secret ¶ 3. Configure JSON Web Token (JWT) authentication with SPIRE ¶ 4. Deploy a demonstration application ¶ 5. Authenticate and retrieve the secret ¶ Ensure that Vault is running. Ensure that Vault is not initialized. You can only initialize a Vault server once. ¶ 1. Open a remote shell into the vault pod by running the following command: $ oc rsh -n vault statefulset/vault ¶ 2. Initialize Vault to get your unseal key and root token by running the following command: $ vault operator init -key-shares=1 -key-threshold=1 -format=json ¶ 3. Export the unseal key and root token you received from the earlier command by running the following commands: $ export UNSEAL_KEY=<Your-Unseal-Key> ¶ $ export ROOT_TOKEN=<Your-Root-Token> ¶ 4. Unseal Vault using your unseal key by running the following command: $ vault operator unseal -format=json $UNSEAL_KEY ¶ 5. Exit the pod by entering exit. ¶ To verify that the Vault pod is ready, run the following command: $ oc get pod -n vault ¶ NAME READY STATUS RESTARTS AGE vault-0 65d 1/1 Running 0 ¶ 10.7.2.3. Enabling the key-value secrets engine and store a test secret Enable the key-value secrets engine to create a secure, centralized location for managing credentials. You can also store a test secret to verify that the engine is working. ¶ Make sure that Vault is initialized and unsealed. ¶ 1. Open another shell session in the Vault pod by running the following command: $ oc rsh -n vault statefulset/vault ¶ 2. Export your root token again within this new session and log in by running the following $ export ROOT_TOKEN=<Your-Root-Token> ¶ $ vault login ""${ROOT_TOKEN}"" ¶ 3. Enable the KV secrets engine at the secret/ path and create a test secret by running the following commands: $ export NAME=ztwim ¶ $ vault secrets enable -path=secret kv ¶ $ vault kv put secret/$NAME version=v0.1.0 ¶ To verify that the secret is stored correctly, run the following command: $ vault kv get secret/$NAME","",""
"ZERO TRUST WORKLOAD IDENTITY MANAGER > INSTALLING THE ZERO TRUST WORKLOAD IDENTITY MANAGER > About Vault OpenID Connect","10.7.2.4","Configuring JSON Web Token authentication with SPIRE","To help your applications securely log in to Vault using SPIFFE identities, configure JSON Web Token (JWT) authentication. ¶ Make sure that Vault is initialized and unsealed. Ensure that a test secret is stored in the key-value secrets engine. ¶ 1. On your local machine, retrieve the SPIRE Certificate Authority (CA) bundle and save it to a file by running the following command: $ oc get cm -n zero-trust-workload-identity-manager spire-bundle -o jsonpath='{ .data.bundle\.crt }' > oidc_provider_ca.pem ¶ 2. Back in the Vault pod shell, create a temporary file and paste the contents of oidc_provider_ca.pem into it by running the following command: ¶ $ cat << EOF > /tmp/oidc_provider_ca.pem ----BEGIN CERTIFICATE----- <Paste-Your-Certificate-Content-Here> ----END CERTIFICATE----- EOF> ¶ 3. Set up the necessary environment variables for the JWT configuration by running the following commands: $ export APP_DOMAIN=<Your-App-Domain> ¶ $ export JWT_ISSUER_ENDPOINT=""oidc-discovery.$APP_DOMAIN"" ¶ $ export OIDC_URL=""https://$JWT_ISSUER_ENDPOINT"" ¶ $ export OIDC_CA_PEM=""$(cat /tmp/oidc_provider_ca.pem)"" ¶ 4. Crate a new environment variable by running the following command: $ export ROLE=""${NAME}-role"" ¶ 5. Enable the JWT authentication method by running the following command: $ vault auth enable jwt ¶ 6. Configure you ODIC authentication method by running the following command: $ vault write auth/jwt/config \ oidc_discovery_url=$OIDC_URL \ oidc_discovery_ca_pem=""$OIDC_CA_PEM"" \ default_role=$ROLE ¶ 7. Create a policy named ztwim-policy by running the following command: ¶ $ export POLICY=""${NAME}-policy"" ¶ 8. Grant read access to the secret you created earlier by running the following command: ¶ $ vault policy write $POLICY -<<EOF path ""secret/$NAME"" { ¶ capabilities = [""read""] EOF>> ¶ 9. Create the following environment variables by running the following commands: ¶ $ export APP_NAME=client ¶ $ export APP_NAMESPACE=demo ¶ $ export AUDIENCE=$APP_NAME ¶ 10. Create a JWT role that binds the policy to workload with a specific SPIFFE ID by running the ¶ $ vault write auth/jwt/role/$ROLE -<<EOF ¶ ""role_type"": ""jwt"", ""user_claim"": ""sub"", ""bound_audiences"": ""$AUDIENCE"", ""bound_claims_type"": ""glob"", ""bound_claims"": { ¶ ""sub"": ""spiffe://$APP_DOMAIN/ns/$APP_NAMESPACE/sa/$APP_NAME"" ""token_ttl"": ""24h"", ""token_policies"": ""$POLICY"" EOF ¶ 10.7.2.5. Deploying a demonstration application Deploy a demonstration application to create a simple client that uses its SPIFFE identity to authenticate with Vault. By doing this you can verify that the client can successfully authenticate using the configured identity. ¶ 1. On your local machine, set the environment variables for your application by running the following commands: ¶ $ export APP_NAME=client ¶ $ export APP_NAMESPACE=demo ¶ $ export AUDIENCE=$APP_NAME ¶ 2. Apply the Kubernetes manifest to create the namespace, service account, and deployment for ¶ 2. Apply the Kubernetes manifest to create the namespace, service account, and deployment for the demo app by running the following command. This deployment mounts the SPIFFE CSI driver socket. ¶ $ oc apply -f - <<EOF # ... (paste the full YAML from your provided code here) ... EOF>> ¶ Verify that the client deployment is ready by running the following command: $ oc get deploy -n $APP_NAMESPACE ¶ NAME READY UP-TO-DATE AVAILABLE AGE 120d frontend-app 2/2 2 2 120d ¶ backend-api 3/3 3 3 ¶ 10.7.2.6. Authenticating and retrieving the secret Use the demonstration application to fetch a JWT token from the SPIFFE Workload API. This token allows you to authenticate with Vault to securely retrieve the secret and verify the workflow. ¶ 1. Fetch a JWT-SVID by running the following command inside the running client pod: ¶ $ oc -n $APP_NAMESPACE exec -it $(oc get pod -o=jsonpath='{.items[*].metadata.name}' -l app=$APP_NAME -n $APP_NAMESPACE) \ ¶ - /opt/spire/bin/spire-agent api fetch jwt \ socketPath /run/spire/sockets/spire-agent.sock \ audience $AUDIENCE ¶ 2. Copy the token from the output and export it as an environment variable on your local machine by running the following command: ¶ $ export IDENTITY_TOKEN=<Your-JWT-Token> ¶ 3. Crate a new environment variable by running the following command: ¶ $ export ROLE=""${NAME}-role"" ¶ 4. Use curl to send the JWT token to the Vault login endpoint to get a Vault client token by ¶ $ VAULT_TOKEN=$(curl -s --request POST --data '{ ""jwt"": ""'""${IDENTITY_TOKEN}""'"", ""role"": ""'""${ROLE}""'""}' ""${VAULT_ADDR}""/v1/auth/jwt/login | jq -r '.auth.client_token') ¶ Use the newly acquired Vault token to read the secret from the KV store by running the ¶ Use the newly acquired Vault token to read the secret from the KV store by running the ¶ $ curl -s -H ""X-Vault-Token: $VAULT_TOKEN"" $VAULT_ADDR/v1/secret/$NAME | jq ¶ You should see the contents of the secret (""version"": ""v0.1.0"") in the output, confirming the entire workflow is successful. ¶ 10.8. ZERO TRUST WORKLOAD IDENTITY MANAGER SPIRE FEDERATION ¶ Configure SPIRE federation to enable workloads in different trust domains to securely authenticate each other across clusters, cloud providers, and organizational boundaries. By establishing trust relationships between separate SPIRE deployments, you can build a zero-trust architecture that spans multiple environments without compromising security or sharing secrets. ¶ Federation works by securely sharing trust bundles between SPIRE servers through dedicated federation endpoints. Each SPIRE deployment maintains its own trust domain and cryptographic identity, while being able to verify identities from federated trust domains. This approach enables cross- cluster communication, multi-cloud deployments, and secure integration with external partners. ¶ Setting up SPIRE federation involves the following high-level steps: ¶ 1. Choose an authentication profile: Select either https_spiffe or https_web. ¶ 2. Configure the bundle endpoints: Each cluster exposes its trust bundle through a federation endpoint secured by the chosen authentication profile. ¶ 3. Bootstrap the initial trust: Manually fetch and configure the initial trust bundle from each remote cluster. ¶ 4. Establish federation relationships: Create ClusterFederatedTrustDomain resources to define which clusters trust each other. ¶ 5. Configure automatic synchronization: The SPIRE Controller Manager automatically keeps trust bundles synchronized after initial setup.","",""
"ZERO TRUST WORKLOAD IDENTITY MANAGER > INSTALLING THE ZERO TRUST WORKLOAD IDENTITY MANAGER","10.8.1","Understanding bundle endpoint profiles","The bundle endpoint profile determines how your cluster exposes its trust bundle to other SPIRE deployments and how it authenticates remote clusters accessing the bundle. Choose the profile that best matches your security requirements and infrastructure. ¶ The Zero Trust Workload Identity Manager supports two authentication profiles for federation: ¶ https_spiffe Uses SPIFFE-based TLS authentication. The SPIRE server presents its own SVID (SPIFFE Verifiable Identity Document) to authenticate itself to remote SPIRE servers. This profile provides strong cryptographic identity verification and is ideal for federation between SPIRE deployments. ¶ https_web Uses standard Web PKI (X.509 certificates from public or private certificate Authorities). This profile supports both automatic certificate management via ACME (Let's Encrypt) and manual certificate management using tools like cert-manager. ¶ The following table summarizes the key differences between the two profiles: ¶ Criteria https_spiffe https_web X.509 certificate from CA Authentication method SPIFFE SVID (TLS) ACME (automatic) or manual Web PKI / CA trust Certificate management Automatic (SPIRE-managed) External federation, public endpoints High (CA-based trust) Trust model SPIFFE trust domain Low (ACME) to Medium (manual certs) Best for Internal SPIRE-to-SPIRE federation ¶ Security level Very high (cryptographic identity) ¶ Setup complexity Medium (requires SPIFFE IDs) ¶ After enablement, federation cannot be disabled. The bundle endpoint profile is immutable once configured. Changing the profile or disabling federation requires reinstallation of the system. However, peer configurations (federatesWith) remain dynamic and can be added or removed at any time. Plan your profile selection carefully based on your long-term federation requirements.","",""
"ZERO TRUST WORKLOAD IDENTITY MANAGER > INSTALLING THE ZERO TRUST WORKLOAD IDENTITY MANAGER","10.8.2","Federation configuration examples","The following examples demonstrate different SPIRE federation configurations. Use these as templates when setting up federation between your clusters. ¶ Example 1: Using ACME for automatic certificate management ¶ The following example shows how to configure federation using Let's Encrypt for automatic certificate provisioning and renewal: ¶ profile: https_web httpsWeb: directoryUrl: https://acme-v02.api.letsencrypt.org/directory domainName: federation.apps.cluster1.example.com email: admin@example.com tosAccepted: ""true"" ¶ federatesWith: trustDomain: cluster2.example.com ¶ bundleEndpointUrl: https://federation.apps.cluster2.example.com trustDomain: cluster3.example.com bundleEndpointUrl: https://federation.apps.cluster3.example.com ¶ The profile field uses https_web profile for Web PKI certificate-based authentication. ¶ The directoryURL field is used for the production directory. For testing, use staging URL https://acme-staging-v02.api.letsencrypt.org/directory ¶ Example 2: Using manual certificate management with cert-manager The following example shows how to configure federation using externally managed certificates: ¶ profile: https_web httpsWeb: servingCert: fileSyncInterval: 86400 externalSecretRef: spire-server-federation-tls ¶ federatesWith: trustDomain: cluster2.example.com bundleEndpointUrl: https://federation.apps.cluster2.example.com trustDomain: cluster3.example.com bundleEndpointUrl: https://federation.apps.cluster3.example.com ¶ The fileSyncInterval field checks for certificate updates every 24 hours. ¶ The externalSecretRef field is the name of the Kubernetes Secret containing tls.crt and tls.key ¶ Example 3: Using https_spiffe profile for SPIRE-to-SPIRE federation The following example shows how to configure federation using SPIFFE-based TLS authentication: ¶ profile: https_spiffe federatesWith: trustDomain: cluster2.example.com ¶ bundleEndpointUrl: https://federation.apps.cluster2.example.com bundleEndpointProfile: https_spiffe endpointSpiffeId: spiffe://cluster2.example.com/spire/server trustDomain: cluster3.example.com bundleEndpointUrl: https://federation.apps.cluster3.example.com bundleEndpointProfile: https_spiffe endpointSpiffeId: spiffe://cluster3.example.com/spire/server ¶ The profile field uses https_spiffe profile for SPIFFE-based TLS authentication. ¶ The endpointSiffeId field contains the SPIFFE ID of the remote SPIRE server, required for identity validation. ¶ Example 4: Mixed federation with multiple authentication profiles The following example shows a cluster federating with multiple remote clusters using different authentication profiles: ¶ trustDomain: internal-cluster.example.com ¶ profile: https_spiffe ¶ federatesWith: # Internal cluster using SPIFFE TLS trustDomain: dev-cluster.example.com bundleEndpointUrl: https://federation.apps.dev-cluster.example.com bundleEndpointProfile: https_spiffe endpointSpiffeId: spiffe://dev-cluster.example.com/spire/server # External partner using Web PKI trustDomain: partner.example.com bundleEndpointUrl: https://federation.partner.example.com # Another external partner using Web PKI trustDomain: vendor.example.com bundleEndpointUrl: https://spire-federation.vendor.example.com ¶ The profile field cluster exposes its bundle using https_spiffe profile. ¶ The bundleEndpointProfile field cluster exposes its bundle using https_spiffe profile.","",""
"ZERO TRUST WORKLOAD IDENTITY MANAGER > INSTALLING THE ZERO TRUST WORKLOAD IDENTITY MANAGER","10.8.3","Configuring SPIRE federation with the https_spiffe profile","The Zero Trust Workload Identity Manager includes SPIRE Federation support, allowing multiple independent SPIRE deployments to establish trust relationships. This procedure demonstrates how to configure federation using the https_spiffe profile, which uses SPIFFE-based TLS authentication between SPIRE servers. ¶ You have installed the OpenShift CLI (oc). ¶ You have installed the Zero Trust Workload Identity Manager on all clusters that will participate in the federation. ¶ You have cluster-admin privileges on all participating clusters. ¶ You have network connectivity between the clusters you intend to federate. ¶ 1. Configure the SpireServer custom resource on each cluster to enable federation with the https_spiffe profile. The https_spiffe profile uses SPIFFE-based TLS authentication, where SPIRE servers authenticate to each other using their own SPIFFE Verifiable Identity Documents (SVIDs). ¶ profile: https_spiffe ¶ The spec.trustDomain field sets a unique trust domain for each cluster. ¶ The spec.federation.bundleEnpoint.profile field uses the https_spiffe profile for SPIFFE- based TLS authentication. ¶ The spec.federation.bundleEndpoint.refreshHint field suggests intervals (in seconds) for remote servers to refresh the trust bundle. Range: 60-3600 seconds. ¶ The spec.federation.managedRoute field enables automatic route creation by the ¶ 2. Apply the configuration changes by running the following command: ¶ $ oc apply -f spire-server.yaml ¶ 3. Check the status of the SPIRE Server by entering the following command. Wait for the Ready status to be returned. ¶ $ oc get spireserver cluster -w ¶ 4. Verify that the federation route has been created: $ oc get route -n zero-trust-workload-identity-manager | grep federation ¶ NAME HOST/PORT PATH SERVICES PORT ¶ TERMINATION ¶ spire-server-federation federation.apps.cluster1.example.com spire-server 8443 ¶ passthrough ¶ 5. Fetch the trust bundle from each remote cluster's federation endpoint: $ curl -k https://federation.apps.cluster2.example.com > cluster2-bundle.json ¶ For https_spiffe profile, you might need to use the -k flag if the certificate is not trusted by your system's CA bundle: ¶ The response contains the trust bundle in JSON Web Key Set (JWKS) format: ¶ Example trust bundle ¶ ""keys"": [ ""use"": ""x509-svid"", ""kty"": ""RSA"", ""n"": ""..."", ""e"": ""AQAB"", ""x5c"": [""...""] ""spiffe_sequence"": 1, ""refresh_hint"": 300 ¶ 6. Create ClusterFederatedTrustDomain resources for each remote trust domain. ¶ a. On Cluster 1, create a resource to federate with Cluster 2: ¶ apiVersion: spire.spiffe.io/v1alpha1 kind: ClusterFederatedTrustDomain ¶ name: federation-to-cluster2 ¶ trustDomain: <CLUSTER2_APPS_DOMAIN> bundleEndpointURL: https://federation.<CLUSTER2_APPS_DOMAIN> bundleEndpointProfile: ¶ type: https_spiffe endpointSPIFFEID: spiffe://<CLUSTER2_APPS_DOMAIN>/spire/server className: zero-trust-workload-identity-manager-spire ¶ trustDomainBundle: | ""keys"": [ ""use"": ""x509-svid"", ""kty"": ""RSA"", ""n"": ""..."", ""e"": ""AQAB"", ""x5c"": [""...""] ""spiffe_sequence"": 1 ¶ where ¶ <CLUSTER2_APPS_DOMAIN> ¶ Specifies the trust domain of the external cluster you are federating with. spec.bundleEndpointProfile.endpointSPIFFEID ¶ Specifies the SPIFFE ID of the remote SPIRE server. Required for https_spiffe profile to validate the remote server's identity. spec.trustDomainBundle ¶ Specifies the complete trust bundle JSON that you fetched in the previous step. spec.className ¶ Specifies the name of a class to watch CRs for. Spire-controller-manager watches the resource only if spec.className is set to zero-trust-workload-identity-manager- spire. ¶ 7. Apply the ClusterFederatedTrustDomain resource by running the following command: ¶ $ oc apply -f clusterfederatedtrustdomain.yaml ¶ 8. Repeat steps 5-7 on each cluster for every remote cluster it should federate with. For bidirectional federation, each cluster needs a ClusterFederatedTrustDomain resource for every other cluster. ¶ 9. Update the SpireServer resource on each cluster to add the federatesWith configuration: ¶ profile: https_spiffe ¶ federatesWith: trustDomain: cluster2.example.com bundleEndpointUrl: https://federation.apps.cluster2.example.com bundleEndpointProfile: https_spiffe endpointSpiffeId: spiffe://cluster2.example.com/spire/server ¶ trustDomain: cluster3.example.com bundleEndpointUrl: https://federation.apps.cluster3.example.com bundleEndpointProfile: https_spiffe endpointSpiffeId: spiffe://cluster3.example.com/spire/server ¶ The spec.federation.federatesWith field lists all remote trust domains this cluster should federate with. ¶ 10. Apply the updated configuration by running the following command: ¶ $ oc apply -f spireserver.yaml ¶ 1. Verify that the ClusterFederatedTrustDomain resources have been created by running the ¶ $ oc get clusterfederatedtrustdomains ¶ NAME TRUST DOMAIN ENDPOINT URL AGE ¶ cluster2-federation cluster2.example.com https://federation.apps.cluster2.example.com ¶ 5m ¶ cluster3-federation cluster3.example.com https://federation.apps.cluster3.example.com ¶ 5m ¶ 2. Check the status of a ClusterFederatedTrustDomain to ensure bundle synchronization is working by running the following command: ¶ $ oc describe clusterfederatedtrustdomain cluster2-federation ¶ Look for successful status conditions indicating that the trust bundle has been synchronized. ¶ 3. Verify that the federation endpoint is accessible by running the following command: ¶ $ curl https://federation.apps.cluster1.example.com ¶ You should receive a JSON response containing the trust bundle. ¶ 4. Check the SPIRE Server logs to confirm federation is active by running the following command: ¶ $ oc logs -n zero-trust-workload-identity-manager \ statefulset/spire-server -c spire-server --tail=50 ¶ Look for log messages indicating successful bundle synchronization with federated trust domains. ¶ 10.8.4. Using SPIRE federation with Automatic Certificate Management Environment protocol ¶ Using SPIRE federation with Automatic Certificate Management Environment (ACME) protocol ¶ Using SPIRE federation with Automatic Certificate Management Environment (ACME) protocol provides automatic certificate provisioning from Let's Encrypt. ACME also enables automatic certificate renewal before expiration, eliminating manual certificate management overhead. ¶ You have installed the Zero Trust Workload Identity Manager on all clusters that will participate in the federation. ¶ You have installed the OpenShift CLI (oc). ¶ You have cluster-admin privileges on all participating clusters. ¶ Your federation endpoints must be publicly accessible for Let's Encrypt HTTP-01 challenge validation. ¶ You have network connectivity between all federated clusters. ¶ 1. Configure the SpireServer custom resource on each cluster to enable federation with ACME certificate management. Create or update your SpireServer resource with the federation configuration: ¶ profile: https_web httpsWeb: directoryUrl: https://acme-v02.api.letsencrypt.org/directory domainName: federation.apps.cluster1.example.com email: admin@example.com tosAccepted: ""true"" ¶ The spec.trustDomain field sets a unique trust domain for each cluster (for example, cluster1.example.com, cluster2.example.com). ¶ The spec.federation.bundleEndpoint.profile field uses the https_web profile for ACME- based certificate management. ¶ The spec.federation.bundleEndpoint.httpsWeb.acme.directoryUrl field contains the Let's Encrypt production directory URL. For testing, use: https://acme-staging- v02.api.letsencrypt.org/directory. ¶ The spec.federation.bundleEndpoint.httpsWeb.acme.domainName field is the domain name where your federation endpoint is accessible. This automatically sets to federation. <cluster-apps-domain> if managedRoute is set to ""true"". ¶ The spec.federation.bundleEndpoint.httpsWeb.acme.email field is your email address for ACME account registration and certificate expiration notifications. ¶ The spec.federation.bundleEndpoint.httpsWeb.acme.tosAccepted field accepts the Let's Encrypt Terms of Service. ¶ The spec.federation.managedRoute field enables an automatic route creation by the Operator for the federation bundle endpoint. ¶ 2. Apply the configuration to each cluster by running the following command: ¶ $ oc apply -f spireserver.yaml ¶ 3. Check the status of the SPIRE Server by entering the following command. Wait for the Ready status to be returned before proceeding to the next step. ¶ $ oc get spireserver cluster -w ¶ NAME STATUS AGE cluster Ready 5m ¶ 4. Verify that the federation route has been created by running the following command: $ oc get route -n zero-trust-workload-identity-manager | grep federation ¶ NAME HOST/PORT PATH SERVICES PORT spire-server TERMINATION ¶ spire-server-federation federation.apps.cluster1.example.com ¶ 8443 passthrough ¶ 5. On each cluster, fetch the trust bundle from the federation endpoint by running the following ¶ $ curl https://federation.apps.cluster1.example.com > cluster1-bundle.json ¶ The response contains the trust bundle in JSON Web Key Set (JWKS) format: ¶ Example trust bundle ¶ ""keys"": [ ""use"": ""x509-svid"", ""kty"": ""RSA"", ""n"": ""..."", ""e"": ""AQAB"", ""x5c"": [""...""] ¶ ""spiffe_sequence"": 1, ""refresh_hint"": 300 ¶ 6. Create ClusterFederatedTrustDomain resources to establish federation relationships. ¶ a. On Cluster 1, create resources to federate with Cluster 2 and Cluster 3: ¶ apiVersion: spire.spiffe.io/v1alpha1 kind: ClusterFederatedTrustDomain ¶ name: cluster2-federation ¶ trustDomain: cluster2.example.com bundleEndpointURL: https://federation.apps.cluster2.example.com bundleEndpointProfile: ¶ type: https_web className: zero-trust-workload-identity-manager-spire trustDomainBundle: | ¶ ""keys"": [...], ""spiffe_sequence"": 1 ¶ apiVersion: spire.spiffe.io/v1alpha1 kind: ClusterFederatedTrustDomain ¶ name: cluster3-federation ¶ trustDomain: cluster3.example.com bundleEndpointURL: https://federation.apps.cluster3.example.com bundleEndpointProfile: ¶ type: https_web className: zero-trust-workload-identity-manager-spire trustDomainBundle: | ¶ ""keys"": [...], ""spiffe_sequence"": 1 ¶ The spec.trustDomainBundle field contains the complete trust bundle JSON that you fetched using curl in step 5. ¶ The spec.className field contains the name of a class to watch CRs for. Spire- controller-manager watches the resource only if spec.className is set to zero-trust- workload-identity-manager-spire. ¶ 7. Apply the ClusterFederatedTrustDomain resources by running the following command: ¶ $ oc apply -f cluster-federated-trust-domains.yaml ¶ 8. Repeat steps 6 and 7 on each cluster to establish bidirectional federation. Each cluster needs ClusterFederatedTrustDomain resources for every other cluster it federates with. ¶ 9. Update the SpireServer resource on each cluster to add the federatesWith configuration: ¶ # ... existing configuration ... ¶ # ... existing bundleEndpoint configuration ... ¶ federatesWith: trustDomain: cluster2.example.com bundleEndpointUrl: https://federation.apps.cluster2.example.com trustDomain: cluster3.example.com bundleEndpointUrl: https://federation.apps.cluster3.example.com ¶ The spec.federation.federatesWith field lists all remote trust domains this cluster should federate with. ¶ 10. Apply the updated configuration by running the following command: ¶ $ oc apply -f spireserver.yaml ¶ 1. Verify that the ClusterFederatedTrustDomain resources have been created by running the ¶ $ oc get clusterfederatedtrustdomains ¶ NAME TRUST DOMAIN ENDPOINT URL AGE ¶ cluster2-federation cluster2.example.com https://federation.apps.cluster2.example.com ¶ 5m ¶ cluster3-federation cluster3.example.com https://federation.apps.cluster3.example.com ¶ 5m ¶ 2. Check the status of a ClusterFederatedTrustDomain to ensure bundle synchronization is working by running the following command: ¶ $ oc describe clusterfederatedtrustdomain cluster2-federation ¶ Look for Successful status conditions indicating that the trust bundle has been synchronized. ¶ 3. Verify that the federation endpoint is accessible and serving the trust bundle by running the ¶ $ curl https://federation.apps.cluster1.example.com ¶ You should receive a JSON response containing the trust bundle. ¶ 4. Check the SPIRE Server logs to confirm federation is active by running the following command: ¶ $ oc logs -n zero-trust-workload-identity-manager deployment/spire-server -c spire-server -- tail=50 ¶ Look for log messages indicating successful bundle synchronization with federated trust domains. ¶ 5. Verify that all SPIRE components are running by running the following command: ¶ $ oc get pods -n zero-trust-workload-identity-manager ¶ spire-agent-abcde 1/1 Running 0 10m ¶ spire-server-0 2/2 Running 0 10m ¶ 6. Optional: Test cross-cluster workload authentication by deploying workloads with SPIFFE identities on different clusters and verifying they can authenticate to each other using the federated trust.","",""
"ZERO TRUST WORKLOAD IDENTITY MANAGER > INSTALLING THE ZERO TRUST WORKLOAD IDENTITY MANAGER","10.8.5","Using SPIRE federation with manual certificate management","You can use SPIRE federation with custom certificate management using cert-manager or other certificate providers. This approach provides flexibility for organizations that require control over certificate issuance, support for internal certificate authorities (CAs), or integration with existing certificate management infrastructure. ¶ You have installed the Zero Trust Workload Identity Manager on all clusters that will participate in the federation. ¶ You have installed the OpenShift CLI (oc). ¶ You have cluster-admin privileges on all participating clusters. ¶ You have installed the cert-manager Operator for Red Hat OpenShift. For more information, see cert-manager Operator for Red Hat OpenShift . ¶ Your federation endpoints must be publicly accessible for certificate validation. ¶ You have network connectivity between all federated clusters. ¶ 1. Install the cert-manager Operator on the cluster where you want to use externally managed certificates. Create a namespace and install the operator: ¶ kind: Namespace ¶ name: cert-manager-operator ¶ name: openshift-cert-manager-operator namespace: cert-manager-operator upgradeStrategy: Default apiVersion: operators.coreos.com/stable-v1 name: openshift-cert-manager-operator namespace: cert-manager-operator name: openshift-cert-manager-operator channel: stable-v1 ¶ 2. Apply the cert-manager installation by running the following command: ¶ $ oc apply -f cert-manager-install.yaml ¶ 3. Check the status of the cert-manager Operator by entering the following command: ¶ $ oc get pods -n cert-manager ¶ All cert-manager pods should be in Running status. ¶ 4. Create an Issuer for certificate provisioning. For Let's Encrypt with HTTP-01 challenge: ¶ name: letsencrypt-http01 ¶ server: https://acme-v02.api.letsencrypt.org/directory ¶ name: letsencrypt-account-key ¶ http01: ingress: ingressClassName: openshift-default ¶ Alternatively, for an internal CA: ¶ name: internal-ca ¶ ca: secretName: internal-ca-key-pair ¶ 5. Apply the Issuer by running the following command: ¶ $ oc apply -f issuer.yaml ¶ 6. Determine the federation endpoint domain name. The federation route follows a predictable naming pattern if managedRoute is set to true. Get your cluster's application domain by running the following command: ¶ $ CLUSTER_DOMAIN=$(oc get ingresses.config/cluster -o jsonpath='{.spec.domain}') $ FEDERATION_DOMAIN=""federation.${CLUSTER_DOMAIN}"" $ echo ""Federation domain will be: $FEDERATION_DOMAIN"" ¶ Federation domain will be: federation.apps.cluster1.example.com ¶ The federation route is created automatically if managedRoute is set to true when you apply the SpireServer configuration in a later step. The route name is spire-server-federation and the hostname is federation.<cluster-apps- domain>. ¶ 7. Create a Certificate resource to request a TLS certificate. Use the federation domain determined in the previous step: ¶ kind: Certificate ¶ name: spire-server-federation-tls secretName: spire-server-federation-tls duration: 2160h renewBefore: 360h commonName: federation.apps.cluster1.example.com dnsNames: ¶ federation.apps.cluster1.example.com usages: ¶ server auth digital signature key encipherment name: letsencrypt-http01 ¶ The secretName field must match the externalSecretRef value in SpireServer. ¶ The duration field shows how long a certificate is valid. Certificates are valid for 90 days. ¶ The renewBefore field shows how many days a certificate must be renewed before it expires. Renew a certificate 15 days before expiration. ¶ The commonName field must be replaced with your actual federation domain from the previous step. ¶ The dnsNames field must match the commonName and the actual route hostname that was created. ¶ The name field must reference the Issuer that was created earlier. ¶ 8. Apply the Certificate resource by running the following command: ¶ $ oc apply -f certificate.yaml ¶ 9. Monitor the certificate issuance by running the following command: ¶ $ oc get certificate spire-server-federation-tls \ n zero-trust-workload-identity-manager -w ¶ Example output when ready ¶ NAME READY SECRET AGE ¶ spire-server-federation-tls True spire-server-federation-tls 2m ¶ 10. Create RBAC permissions for the OpenShift Ingress Router to access the certificate secret. Create a Role by running the following command: ¶ $ oc create role secret-reader \ -verb=get,list,watch \ -resource=secrets \ -resource-name=spire-server-federation-tls \ n zero-trust-workload-identity-manager ¶ Create a RoleBinding by running the following command: ¶ $ oc create rolebinding secret-reader-binding \ -role=secret-reader \ -serviceaccount=openshift-ingress:router \ n zero-trust-workload-identity-manager ¶ 11. Configure the SpireServer custom resource to use manual certificate management. Now that the certificate is ready, configure the SpireServer to reference it: ¶ profile: https_web httpsWeb: servingCert: fileSyncInterval: 86400 externalSecretRef: spire-server-federation-tls ¶ The profile field must use https_web profile for certificate-based authentication. ¶ The fileSyncInterval field checks for certificate updates every 24 hours (86400 seconds). Range: 3600-7776000 seconds. ¶ The externalSecretRef field is the name of the secret containing the TLS certificate and private key. Must match the certificate secret created in the previous steps. ¶ 12. Apply the configuration by running the following command: ¶ $ oc apply -f spireserver.yaml ¶ 13. Wait for the SPIRE Server to be ready: $ oc get spireserver cluster -n zero-trust-workload-identity-manager -w ¶ Wait until the status shows Ready. ¶ 14. Verify that the federation route was created by running the following command: ¶ $ oc get route spire-server-federation -n zero-trust-workload-identity-manager ¶ NAME HOST/PORT PATH SERVICES PORT ¶ TERMINATION ¶ spire-server-federation federation.apps.cluster1.example.com spire-server 8443 ¶ reencrypt ¶ Verify that the route hostname matches the domain name used in your certificate. ¶ 15. Verify that the federation endpoint is accessible by running the following command: ¶ $ curl https://$(oc get route spire-server-federation \ n zero-trust-workload-identity-manager \ o jsonpath='{.spec.host}') ¶ You should receive a JSON response containing the trust bundle. ¶ 16. Fetch the trust bundle from each federation endpoint that you want to federate with. For each remote cluster, fetch its trust bundle by running the following commands: ¶ $ curl https://federation.apps.cluster1.example.com > cluster1-bundle.json $ curl https://federation.apps.cluster2.example.com > cluster2-bundle.json ¶ The trust bundle is in JSON Web Key Set (JWKS) format: ¶ Example trust bundle ¶ ""keys"": [ ""use"": ""x509-svid"", ""kty"": ""RSA"", ""n"": ""xGOzB..."", ""e"": ""AQAB"", ""x5c"": [""MIIC...""] ""spiffe_sequence"": 1, ""refresh_hint"": 300 ¶ 17. Create ClusterFederatedTrustDomain resources for each remote trust domain you want to federate with: ¶ apiVersion: spire.spiffe.io/v1alpha1 kind: ClusterFederatedTrustDomain ¶ name: cluster1-federation ¶ bundleEndpointURL: https://federation.apps.cluster1.example.com bundleEndpointProfile: ¶ type: https_web className: zero-trust-workload-identity-manager-spire trustDomainBundle: | ¶ ""keys"": [ ""use"": ""x509-svid"", ""kty"": ""RSA"", ""n"": ""xGOzB..."", ""e"": ""AQAB"", ""x5c"": [""MIIC...""] ""spiffe_sequence"": 1 ¶ apiVersion: spire.spiffe.io/v1alpha1 kind: ClusterFederatedTrustDomain ¶ name: cluster2-federation ¶ trustDomain: cluster2.example.com bundleEndpointURL: https://federation.apps.cluster2.example.com bundleEndpointProfile: ¶ type: https_web className: zero-trust-workload-identity-manager-spire ¶ trustDomainBundle: | ""keys"": [...], ""spiffe_sequence"": 1 ¶ The trustDomainBundle field contains the complete trust bundle JSON that you fetched in the previous step. ¶ The spec.className field contains the name of a class to watch CRs for. Spire-controller- manager watches the resource only if spec.className is set to zero-trust-workload- identity-manager-spire. ¶ 18. Apply the ClusterFederatedTrustDomain resources by running the following command: ¶ $ oc apply -f clusterfederatedtrustdomains.yaml ¶ 19. Update the SpireServer resource to add the federatesWith configuration: ¶ trustDomain: cluster3.example.com ¶ profile: https_web httpsWeb: servingCert: fileSyncInterval: 86400 externalSecretRef: spire-server-federation-tls ¶ federatesWith: trustDomain: cluster1.example.com bundleEndpointUrl: https://federation.apps.cluster1.example.com ¶ trustDomain: cluster2.example.com bundleEndpointUrl: https://federation.apps.cluster2.example.com ¶ The federatesWith field lists all remote trust domains this cluster should federate with. ¶ 20. Apply the updated configuration by running the following command: ¶ $ oc apply -f spireserver.yaml ¶ 21. Repeat steps 1-15 on each cluster that participates in the federation, ensuring that: ¶ Each cluster has cert-manager installed and configured ¶ Each cluster has its own certificate created and ready before applying the SpireServer configuration ¶ Each cluster has the RBAC for the ingress router configured ¶ Each cluster has ClusterFederatedTrustDomain resources for every other cluster it federates with ¶ Each cluster's SpireServer has the complete federatesWith list ¶ 1. Verify that the certificate has been issued successfully by running the following command: ¶ $ oc get certificate spire-server-federation-tls \ n zero-trust-workload-identity-manager ¶ NAME READY SECRET AGE ¶ spire-server-federation-tls True spire-server-federation-tls 5m ¶ 2. Check the certificate details and expiration by running the following command: ¶ $ oc get secret spire-server-federation-tls \ n zero-trust-workload-identity-manager \ o jsonpath='{.data.tls\.crt}' | base64 -d | openssl x509 -noout -dates ¶ notBefore=Dec 16 10:00:00 2025 GMT notAfter=Mar 16 10:00:00 2026 GMT ¶ 3. Verify that the RBAC permissions are configured correctly by running the following command: ¶ $ oc get role,rolebinding -n zero-trust-workload-identity-manager \ | grep secret-reader ¶ role.rbac.authorization.k8s.io/secret-reader rolebinding.rbac.authorization.k8s.io/secret-reader-binding ¶ Verify the RoleBinding references the correct ServiceAccount by running the following ¶ $ oc describe rolebinding secret-reader-binding \ n zero-trust-workload-identity-manager ¶ Name: secret-reader-binding Namespace: zero-trust-workload-identity-manager Role: ¶ Kind: Role ¶ Name: secret-reader ¶ Subjects: ¶ Kind Name Namespace ¶ --- ---- --------- ¶ ServiceAccount router openshift-ingress ¶ 4. Verify that the ClusterFederatedTrustDomain resources have been created by running the ¶ $ oc get clusterfederatedtrustdomains ¶ NAME TRUST DOMAIN ENDPOINT URL AGE ¶ cluster1-federation cluster1.example.com https://federation.apps.cluster1.example.com ¶ 5m ¶ cluster2-federation cluster2.example.com https://federation.apps.cluster2.example.com ¶ 5m ¶ 5. Check the status of a ClusterFederatedTrustDomain to ensure bundle synchronization is working by running the following command: ¶ $ oc describe clusterfederatedtrustdomain cluster1-federation ¶ Look for successful status conditions indicating that the trust bundle has been synchronized. ¶ 6. Verify that the federation endpoint is accessible and using the correct certificate by running the ¶ $ curl -v https://$(oc get route spire-server-federation \ n zero-trust-workload-identity-manager \ o jsonpath='{.spec.host}') ¶ In the output, verify that the certificate presented is issued by your configured CA (Let's Encrypt or internal CA). ¶ 7. Check the SPIRE Server logs to confirm that by running the following command: ¶ Federation is active with remote trust domains Trust bundles are being synchronized The bundle endpoint is serving correctly ¶ $ oc logs -n zero-trust-workload-identity-manager \ statefulset/spire-server -c spire-server --tail=100 ¶ Look for log messages indicating successful federation bundle synchronization. ¶ 8. Verify that all SPIRE components are running by running the following command: ¶ $ oc get pods -n zero-trust-workload-identity-manager ¶ NAME READY STATUS RESTARTS AGE spire-agent-abc123 spire-server-0 1/1 Running 0 10m ¶ 2/2 Running 0 10m ¶ 9. Optional: Test cross-cluster workload authentication by deploying workloads with SPIFFE identities on different clusters and verifying they can authenticate to each other using the federated trust.","",""
"ZERO TRUST WORKLOAD IDENTITY MANAGER > INSTALLING THE ZERO TRUST WORKLOAD IDENTITY MANAGER","10.8.6","Federation configuration field reference","This reference provides detailed information about all configuration fields available for SPIRE federation in the SpireServer custom resource. Use this reference when customizing your federation setup. ¶ Top-level federation fields ¶ Field Type Require Default Description d Configuration for this cluster's federation.bundle object Yes N/A federation endpoint that exposes Endpoint the trust bundle to remote clusters. federation.federat array No [] ""true"" List of remote trust domains to esWith federate with. ¶ federation.manag string No Enable or disable automatic OpenShift Route creation. Set to edRoute ""true"" for operator-managed routes or ""false"" for manual route management. ¶ bundleEndpoint configuration fields ¶ Field Type Require Default Description d Authentication profile for the federation.bundle string Yes https_spiffe bundle endpoint. Valid values: Endpoint.profile (enum) https_spiffe or https_web. This value is immutable after federation.bundle integer No 300 initial configuration. ¶ Endpoint.refreshH Suggested interval (in seconds) for remote servers to refresh the int trust bundle. Valid range: 60- 3600. ¶ Field Type Require Default Description d Required when profile is federation.bundle object Conditio N/A https_web. Contains certificate Endpoint.httpsWe nal configuration. b ¶ httpsWeb configuration fields ¶ Field Type Require Default Description d ACME configuration for federation.bundle object Conditio N/A automatic certificate Endpoint.httpsWe nal management. Mutually exclusive b.acme with servingCert. ¶ federation.bundle object Conditio N/A Manual certificate configuration. Endpoint.httpsWe nal Mutually exclusive with acme. b.servingCert Description ACME configuration fields ACME directory URL. For Let's Field Type Require Default Encrypt production: d https://acme- v02.api.letsencrypt.org/direc federation.bundle string Yes N/A tory. For staging:https://acme- Endpoint.httpsWe staging- b.acme.directoryU v02.api.letsencrypt.org/direc rl tory ¶ federation.bundle string Yes N/A Fully qualified domain name for the certificate. Typically the Endpoint.httpsWe federation endpoint hostname. ¶ b.acme.domainNa Email address for ACME account registration and certificate me expiration notifications. ¶ federation.bundle string Yes N/A 457 ¶ Endpoint.httpsWe ¶ b.acme.email ¶ Field Type Require Default Description d Accept the ACME provider's federation.bundle string No ""false"" Terms of Service. Must be ""true"" Endpoint.httpsWe to obtain certificates. b.acme.tosAccept ed Description ¶ servingCert configuration fields Interval (in seconds) to check for certificate updates. Valid range: Field Type Require Default 3600-7776000 (1 hour to 90 d days). ¶ federation.bundle integer No 86400 Name of the Kubernetes Secret Endpoint.httpsWe containing the TLS certificate b.servingCert.file (tls.crt) and private key (tls.key) SyncInterval for the federation route. ¶ federation.bundle string Yes N/A Description Endpoint.httpsWe b.servingCert.exte Trust domain name of the remote rnalSecretRef SPIRE deployment (for example, cluster2.example.com). federatesWith configuration fields HTTPS URL of the remote Field Type Require Default federation endpoint (for example, d https://federation.apps.clust er2.example.com). federation.federat string Yes N/A esWith[].trustDom Authentication profile of the ain remote endpoint. Valid values: https_spiffe or https_web. federation.federat string Yes N/A esWith[].bundleEn dpointUrl ¶ federation.federat string Yes N/A ¶ esWith[].bundleEn (enum) ¶ dpointProfile ¶ Field Type Require Default Description d SPIFFE ID of the remote SPIRE federation.federat string Conditio N/A server (for example, esWith[].endpoint nal spiffe://cluster2.example.co SpiffeId m/spire/server). Required when bundleEndpointProfile is https_spiffe. ¶ Field validation rules The following validation rules are enforced by the Operator: Profile immutability: The bundleEndpoint.profile field cannot be changed after initial configuration. Changing it requires deleting and recreating the SpireServer resource (re- installation of the system). ¶ Mutual exclusivity: Within httpsWeb, only one of acme or servingCert can be specified. ¶ Conditional requirements: When profile is https_web, the httpsWeb object must be present with either acme or servingCert configured. ¶ SPIFFE ID requirement: When bundleEndpointProfile is https_spiffe in the federatesWith list, the endpointSpiffeId field is required. ¶ Array limits: The federatesWith array supports a maximum of 50 entries. ¶ Numeric ranges: refreshHint: 60-3600 seconds ¶ fileSyncInterval: 3600-7776000 seconds ¶ 10.9. ENABLING CREATE-ONLY MODE FOR THE ZERO TRUST WORKLOAD IDENTITY MANAGER ¶ To pause Operator reconciliation, enable create-only mode by setting an environment variable in the subscription object. By setting this value, you can perform manual configurations or debug the Operator without the controller overwriting your changes. ¶ The following scenarios are examples of when the create-only mode might be of use: ¶ Manual Customization Required: You need to customize operator-managed resources (ConfigMaps, Deployments, DaemonSets, etc.) with specific configurations that differ from the operator's defaults ¶ Day 2 Operations: After initial deployment, you want to prevent the operator from overwriting their manual changes during subsequent reconciliation cycles ¶ Configuration Drift Prevention: You want to maintain control over certain resource configurations ¶ Configuration Drift Prevention: You want to maintain control over certain resource configurations while still benefiting from the operator's lifecycle management","",""
"ZERO TRUST WORKLOAD IDENTITY MANAGER > INSTALLING THE ZERO TRUST WORKLOAD IDENTITY MANAGER","10.9.1","Pausing Operator reconciliation","Pause reconciliation of the operands by enabling create-only mode. This setting prevents the Operator from automatically reverting your manual changes to the desired state. You can enable this mode by updating the Operator's subscription object. ¶ When create-only mode is disabled, the Operator overwrites the resources if any conflicts exist. ¶ You have installed Zero Trust Workload Identity Manager on your machine. ¶ You have installed the SPIRE Servers, Agents, SPIFFE Container Storage Interface (CSI), and an OpenID Connect (OIDC) Discovery Provider and are in running status. ¶ To pause reconciling the operands resources managed by the Operator, add the environment variable CREATE_ONLY_MODE: true in the subscription object by running the following ¶ $ oc -n $OPERATOR_NAMESPACE patch subscription openshift-zero-trust-workload- identity-manager --type='merge' -p '{""spec"":{""config"":{""env"": [{""name"":""CREATE_ONLY_MODE"",""value"":""true""}]}}}' ¶ Check the status of the SpireServer resource to confirm that the create-only mode is active. The status must be true and the reason must be CreateOnlyModeEnabled. ¶ $ oc get SpireServer cluster -o yaml ¶ The following is an example that confirms that the 'create-only' mode is active. ¶ conditions: lastTransitionTime: ""2025-12-23T11:36:58Z"" message: All components are ready reason: Ready status: ""True"" type: Ready lastTransitionTime: ""2025-12-23T11:36:58Z"" message: All operand CRs are ready reason: Ready status: ""True"" type: OperandsAvailable lastTransitionTime: ""2025-12-23T11:36:58Z"" message: create-only mode enabled ¶ reason: CreateOnlyModeEnabled status: ""True"" type: CreateOnlyMode ¶ The Operator updates the upgradeable condition to false in the operatorCondition resource. You might not be able to upgrade the Operator when in create-only mode.","",""
"ZERO TRUST WORKLOAD IDENTITY MANAGER > INSTALLING THE ZERO TRUST WORKLOAD IDENTITY MANAGER","10.9.2","Resuming Operator reconciliation by annotation","To resume Operator reconciliation after manual configuration or debugging, disable the create-only mode. This allows the controller to resume managing resources and applying the desired state. You can disable this mode by setting the environment variable in the subscription object. ¶ You have enabled create-only mode on the Zero Trust Workload Identity Manager. ¶ You have completed your manual configuration or debugging tasks. ¶ To restart reconciling the Operator-managed resources, add the environment variable CREATE_ONLY_MODE: false in the subscription object by running the following command: ¶ $ oc -n $OPERATOR_NAMESPACE patch subscription openshift-zero-trust-workload- identity-manager --type='merge' -p '{""spec"":{""config"":{""env"": [{""name"":""CREATE_ONLY_MODE"",""value"":""false""}]}}}' ¶ Check the status of the SpireServer resource to confirm that create-only mode is disabled by ¶ $ oc get SpireServer cluster -o yaml ¶ conditions: lastTransitionTime: ""2025-12-23T11:40:00Z"" ¶ message: create-only mode disabled reason: CreateOnlyModeDisabled status: ""False"" type: CreateOnlyMode","",""
"ZERO TRUST WORKLOAD IDENTITY MANAGER > MONITORING ZERO TRUST WORKLOAD IDENTITY MANAGER","10.10.1","Enabling user workload monitoring","Enable user workload monitoring to track metrics for your user-defined projects. Configuring this feature allows you to observe application performance and helps you maintain the health of your services. ¶ You have access to the cluster as a user with the cluster-admin cluster role. ¶ 1. Create the cluster-monitoring-config.yaml file to define and configure the ConfigMap: ¶ kind: ConfigMap ¶ name: cluster-monitoring-config namespace: openshift-monitoring data: config.yaml: | ¶ enableUserWorkload: true ¶ 2. Apply the ConfigMap by running the following command: ¶ $ oc apply -f cluster-monitoring-config.yaml ¶ Verify that the monitoring components for user workloads are running in the openshift-user- workload-monitoring namespace: ¶ $ oc -n openshift-user-workload-monitoring get pod ¶ prometheus-operator-6cb6bd9588-dtzxq 2/2 Running 0 50s ¶ prometheus-user-workload-0 6/6 Running 0 48s ¶ prometheus-user-workload-1 6/6 Running 0 48s ¶ thanos-ruler-user-workload-0 4/4 Running 0 42s ¶ thanos-ruler-user-workload-1 4/4 Running 0 42s ¶ The status of the pods such as prometheus-operator, prometheus-user-workload, and thanos-ruler- user-workload must be Running. ¶ Setting up metrics collection for user-defined projects","",""
"ZERO TRUST WORKLOAD IDENTITY MANAGER > MONITORING ZERO TRUST WORKLOAD IDENTITY MANAGER","10.10.2","Configuring metrics collection for SPIRE Server by using a ServiceMonitor","To collect custom metrics from the SPIRE Server, create a ServiceMonitor custom resource (CR). This ¶ To collect custom metrics from the SPIRE Server, create a ServiceMonitor custom resource (CR). This configuration enables the Prometheus Operator to scrape metrics from the default endpoint, which helps you monitor your SPIRE deployment. ¶ The SPIRE Server operand exposes metrics by default on port 9402 at the /metrics endpoint. You can configure metrics collection for the SPIRE Server by creating a ServiceMonitor custom resource (CR) that enables the Prometheus Operator to collect custom metrics. ¶ You have access to the cluster as a user with the cluster-admin cluster role. ¶ You have installed the Zero Trust Workload Identity Manager. ¶ You have deployed the SPIRE Server operand in the cluster. ¶ You have enabled the user workload monitoring. ¶ 1. Create the ServiceMonitor CR: ¶ a. Create the YAML file that defines the ServiceMonitor CR: ¶ Example servicemonitor-spire-server file ¶ app.kubernetes.io/name: server app.kubernetes.io/instance: spire name: spire-server-metrics port: metrics interval: 30s ¶ app.kubernetes.io/name: server app.kubernetes.io/instance: spire zero-trust-workload-identity-manager ¶ b. Create the ServiceMonitor CR by running the following command: ¶ $ oc create -f servicemonitor-spire-server.yaml ¶ After the ServiceMonitor CR is created, the user workload Prometheus instance begins metrics collection from the SPIRE Server. The collected metrics are labeled with job=""spire-server"". ¶ 1. In the OpenShift Container Platform web console, navigate to Observe Targets. ¶ 2. In the Label filter field, enter the following label to filter the metrics targets: ¶ $ service=zero-trust-workload-identity-manager-metrics-service ¶ 3. Confirm that the Status column shows Up for the spire-server-metrics entry. ¶ Configuring user workload monitoring","",""
"ZERO TRUST WORKLOAD IDENTITY MANAGER > MONITORING ZERO TRUST WORKLOAD IDENTITY MANAGER","10.10.3","Configuring metrics collection for SPIRE Agent by using a Service Monitor","Configure metrics collection for the SPIRE Agent by creating a ServiceMonitor custom resource (CR). This enables the Prometheus Operator to collect custom metrics that the SPIRE Agent exposes on the default port. ¶ You have access to the cluster as a user with the cluster-admin cluster role. ¶ You have installed the Zero Trust Workload Identity Manager. ¶ You have deployed the SPIRE Agent operand in the cluster. ¶ You have enabled the user workload monitoring. ¶ 1. Create the ServiceMonitor CR: ¶ a. Create the YAML file that defines the ServiceMonitor CR: ¶ Example servicemonitor-spire-agent.yaml file ¶ app.kubernetes.io/name: agent app.kubernetes.io/instance: spire ¶ name: spire-agent-metrics port: metrics ¶ interval: 30s ¶ app.kubernetes.io/name: agent app.kubernetes.io/instance: spire ¶ zero-trust-workload-identity-manager ¶ b. Create the ServiceMonitor CR by running the following command: ¶ $ oc create -f servicemonitor-spire-agent.yaml ¶ After the ServiceMonitor CR is created, the user workload Prometheus instance begins metrics collection from the SPIRE Agent. The collected metrics are labeled with job=""spire- agent"". ¶ 1. In the OpenShift Container Platform web console, navigate to Observe Targets. ¶ 2. In the Label filter field, enter the following label to filter the metrics targets: ¶ $ service=spire-agent ¶ 3. Confirm that the Status column shows Up for the spire-agent-metrics entry.","",""
"ZERO TRUST WORKLOAD IDENTITY MANAGER > MONITORING ZERO TRUST WORKLOAD IDENTITY MANAGER","10.10.4","Configuring metrics collection for the Operator by using a ServiceMonitor","The Zero Trust Workload Identity Manager exposes metrics by default on port 8443 at the /metrics service endpoint. You can configure metrics collection for the Operator by creating a ServiceMonitor custom resource (CR) that enables the Prometheus Operator to collect custom metrics. For more information, see ""Configuring user workload monitoring"". The SPIRE Server operand exposes metrics by default on port 9402 at the /metrics endpoint. You can configure metrics collection for the SPIRE Server by creating a ServiceMonitor custom resource (CR) that enables the Prometheus Operator to collect custom metrics. ¶ You have access to the cluster as a user with the cluster-admin cluster role. ¶ You have installed the Zero Trust Workload Identity Manager. You have enabled the user workload monitoring. ¶ 1. Configure the Operator to use HTTP or HTTPS protocols for the metrics server. a. Update the subscription object for Zero Trust Workload Identity Manager to configure the HTTP protocol by running the following command: ¶ $ oc -n zero-trust-workload-identity-manager patch subscription zero-trust-workload- identity-manager-subscription --type='merge' -p '{""spec"":{""config"":{""env"": [{""name"":""METRICS_BIND_ADDRESS"",""value"":"":8080""}, {""name"": ""METRICS_SECURE"", ""value"": ""false""}]}}}' ¶ b. Verify the Zero Trust Workload Identity Manager pod is redeployed and that the configured ¶ b. Verify the Zero Trust Workload Identity Manager pod is redeployed and that the configured values for METRICS_BIND_ADDRESS and METRICS_SECURE is updated by running the ¶ $ oc set env --list deployment/zero-trust-workload-identity-manager-controller-manager - n zero-trust-workload-identity-manager | grep -e METRICS_BIND_ADDRESS -e METRICS_SECURE -e container ¶ deployments/zero-trust-workload-identity-manager-controller-manager, container manager METRICS_BIND_ADDRESS=:8080 METRICS_SECURE=false ¶ 2. Create the Secret resource with kubernetes.io/service-account.name annotation to inject the token required for authenticating with the metrics server. ¶ a. Create the secret-zero-trust-workload-identity-manager.yaml YAML file: ¶ kind: Secret ¶ name: zero-trust-workload-identity-manager name: zero-trust-workload-identity-manager-metrics-auth ¶ kubernetes.io/service-account.name: zero-trust-workload-identity-manager-controller- manager type: kubernetes.io/service-account-token ¶ b. Create the Secret resource by running the following command: ¶ $ oc apply -f secret-zero-trust-workload-identity-manager.yaml ¶ 3. Create the ClusterRoleBinding resource required for granting permissions to access the metrics. ¶ a. Create the clusterrolebinding-zero-trust-workload-identity-manager.yaml YAML file: ¶ apiVersion: rbac.authorization.k8s.io/v1 kind: ClusterRoleBinding ¶ name: zero-trust-workload-identity-manager name: zero-trust-workload-identity-manager-allow-metrics-access roleRef: apiGroup: rbac.authorization.k8s.io kind: ClusterRole name: zero-trust-workload-identity-manager-metrics-reader subjects: ¶ kind: ServiceAccount name: zero-trust-workload-identity-manager-controller-manager ¶ b. Create the ClusterRoleBinding resource by running the following command: ¶ $ oc apply -f clusterrolebinding-zero-trust-workload-identity-manager.yaml ¶ 4. Create the following ServiceMonitor CR if the metrics server is configured to use http. ¶ a. Create the servicemonitor-zero-trust-workload-identity-manager-http.yaml YAML file: ¶ name: zero-trust-workload-identity-manager ¶ name: zero-trust-workload-identity-manager-metrics-monitor ¶ authorization: credentials: name: zero-trust-workload-identity-manager-metrics-auth key: token type: Bearer ¶ interval: 60s port: metrics-http scheme: http scrapeTimeout: 30s zero-trust-workload-identity-manager name: zero-trust-workload-identity-manager ¶ b. Create the ServiceMonitor CR by running the following command: ¶ $ oc apply -f servicemonitor-zero-trust-workload-identity-manager-http.yaml ¶ 5. Create the following ServiceMonitor CR if the metrics server is configured to use https. ¶ a. Create the servicemonitor-zero-trust-workload-identity-manager-https.yaml YAML file: ¶ name: zero-trust-workload-identity-manager ¶ name: zero-trust-workload-identity-manager-metrics-monitor ¶ authorization: credentials: name: zero-trust-workload-identity-manager-metrics-auth key: token type: Bearer ¶ interval: 60s port: metrics-https scheme: https scrapeTimeout: 30s tlsConfig: ¶ ca: configMap: name: openshift-service-ca.crt key: service-ca.crt ¶ serverName: zero-trust-workload-identity-manager-metrics-service.zero-trust- workload-identity-manager.svc.cluster.local ¶ zero-trust-workload-identity-manager ¶ name: zero-trust-workload-identity-manager ¶ b. Create the ServiceMonitor CR by running the following command: ¶ $ oc apply -f servicemonitor-zero-trust-workload-identity-manager-https.yaml ¶ After the ServiceMonitor CR is created, the user workload Prometheus instance begins metrics collection from the SPIRE Server. The collected metrics are labeled with job=""zero- trust-workload-identity-manager-metrics-service"". ¶ 1. In the OpenShift Container Platform web console, navigate to Observe Targets. ¶ 2. In the Label filter field, enter the following label to filter the metrics targets: ¶ $ service=zero-trust-workload-identity-manager-metrics-service ¶ 3. Confirm that the Status column shows Up for the zero-trust-workload-identity-manager entry. ¶ Configuring user workload monitoring","",""
"ZERO TRUST WORKLOAD IDENTITY MANAGER > MONITORING ZERO TRUST WORKLOAD IDENTITY MANAGER","10.10.5","Querying metrics for the Zero Trust Workload Identity Manager","As a cluster administrator, or as a user with view access to all namespaces, you can query SPIRE Agent and SPIRE Server metrics by using the OpenShift Container Platform web console or the command line. The query retrieves all the metrics collected from the SPIRE components that match the specified job labels. ¶ You have installed the Zero Trust Workload Identity Manager. You have deployed the SPIRE Server and SPIRE Agent operands in the cluster. You have enabled monitoring and metrics collection by creating ServiceMonitor objects. ¶ 1. In the OpenShift Container Platform web console, navigate to Observe Metrics. ¶ 2. In the query field, enter the following PromQL expression to query SPIRE Server metrics: {job=""spire-server""} ¶ 3. In the query field, enter the following PromQL expression to query SPIRE Agent metrics. {job=""spire-agent""} ¶ Accessing metrics","",""
"ZERO TRUST WORKLOAD IDENTITY MANAGER > MONITORING ZERO TRUST WORKLOAD IDENTITY MANAGER","10.10.6","Zero Trust Workload Identity Manager monitoring available metrics","Monitor the health and performance of Zero Trust Workload Identity Manager components by reviewing exposed metrics. This reference describes controller, certificate, and runtime metrics that help you maintain system health and troubleshoot errors. The Zero Trust Workload Identity Manager exposes the following metrics: Controller runtime metrics ¶ controller_runtime_active_workers: Number of currently used workers per controller controller_runtime_max_concurrent_reconciles: Maximum number of concurrent reconciles per controller controller_runtime_reconcile_errors_total: Total number of reconciliation errors per controller controller_runtime_reconcile_time_seconds: Length of time per reconciliation per controller controller_runtime_reconcile_total: Total number of reconciliations per controller ¶ Certificate watcher metrics certwatcher_read_certificate_errors_total: Total number of certificate read errors certwatcher_read_certificate_total: Total number of certificates read ¶ Go runtime metrics Standard Go runtime metrics including: go_gc_duration_seconds: Garbage collection duration go_goroutines: Number of goroutines go_memstats_*: Memory statistics process_*: Process statistics ¶ Custom Operator metrics The Operator also exposes custom metrics related to: SPIRE Server status and health SPIRE Agent deployment status SPIFFE CSI Driver status OIDC Discovery Provider status Workload identity management operations ¶ 10.11. UNINSTALLING THE ZERO TRUST WORKLOAD IDENTITY MANAGER ¶ To remove the Zero Trust Workload Identity Manager from OpenShift Container Platform, uninstall the Operator and delete its related resources. This process removes the component from your cluster.","",""
"ZERO TRUST WORKLOAD IDENTITY MANAGER > MONITORING ZERO TRUST WORKLOAD IDENTITY MANAGER","10.11.1","Uninstalling the Zero Trust Workload Identity Manager","To remove the Zero Trust Workload Identity Manager from your cluster, uninstall the Operator using the web console. This helps you clean up resources and delete the service from your environment. ¶ The Zero Trust Workload Identity Manager is installed. ¶ 2. Uninstall the Zero Trust Workload Identity Manager. a. Go to Ecosystem Installed Operators. b. Click the Options menu next to the Zero Trust Workload Identity Manager entry, and then click Uninstall Operator. ¶ c. In the confirmation dialog, click Uninstall. ¶ 10.11.2. Uninstalling Zero Trust Workload Identity Manager resources by using the CLI ¶ Remove Zero Trust Workload Identity Manager resources from your cluster using the CLI. This deletes the remaining operands and definitions to help ensure a clean environment after you uninstall the product. ¶ 1. Uninstall the operands by running each of the following commands: a. Delete the SpireOIDCDiscoveryProvider cluster by running the following command: $ oc delete SpireOIDCDiscoveryProvider cluster ¶ b. Delete the SpiffeCSIDriver cluster by running the following command: $ oc delete SpiffeCSIDriver cluster -l=app.kubernetes.io/name=zero-trust-workload- identity-manager ¶ c. Delete the SpireAgent cluster by running the following command: $ oc delete SpireAgent cluster ¶ d. Delete the SpireServer cluster by running the following command: $ oc delete SpireServer cluster ¶ e. Delete the ZeroTrustWorkloadIdentityManager cluster by running the following $ oc delete ZeroTrustWorkloadIdentityManager cluster ¶ f. Delete the persistent volume claim (PVC) by running the following command: $ oc delete pvc -l=app.kubernetes.io/name=spire-server ¶ g. Delete the service by running the following command: $ oc delete service -l=app.kubernetes.io/name=zero-trust-workload-identity-manager -n zero-trust-workload-identity-manager ¶ h. Delete the namespace by running the following command: $ oc delete ns zero-trust-workload-identity-manager ¶ i. Delete the cluster role by running the following command: $ oc delete clusterrole -l=app.kubernetes.io/name=zero-trust-workload-identity-manager ¶ j. Delete the admission wehhook configuration by running the following command: $ oc delete validatingwebhookconfigurations -l=app.kubernetes.io/name=zero-trust- workload-identity-manager ¶ 2. Delete the custom resource definitions (CRDs) by running each of the following commands: a. Delete the SPIRE Server CRD by running the following command: $ oc delete crd spireservers.operator.openshift.io b. Delete the SPIRE Agent CRD by running the following command: $ oc delete crd spireagents.operator.openshift.io c. Delete the SPIFFEE CSI Drivers CRD by running the following command: $ oc delete crd spiffecsidrivers.operator.openshift.io d. Delete the SPIRE OIDC Discovery Provider CRD by running the following command: $ oc delete crd spireoidcdiscoveryproviders.operator.openshift.io e. Delete the SPIRE and SPIFFE cluster federated trust domains CRD by running the $ oc delete crd clusterfederatedtrustdomains.spire.spiffe.io f. Delete the cluster SPIFFE IDs CRD by running the following command: $ oc delete crd clusterspiffeids.spire.spiffe.io g. Delete the SPIRE and SPIFFE cluster static entries CRD by running the following command: $ oc delete crd clusterstaticentries.spire.spiffe.io h. Delete the Zero Trust Workload Identity Manager CRD by running the following command: $ oc delete crd zerotrustworkloadidentitymanagers.operator.openshift.io ¶ To verify that the resources have been deleted, replace each oc delete command with oc get, and then run the command. If no resources are returned, the deletion was successful.","",""
"EXTERNAL SECRETS OPERATOR FOR RED HAT OPENSHIFT","11.1.1","About the External Secrets Operator for Red Hat OpenShift","Use the External Secrets Operator for Red Hat OpenShift to integrate external-secrets application with the OpenShift Container Platform cluster. The external-secrets application fetches secrets stored in the external providers such as AWS Secrets Manager, HashiCorp Vault, Google Secret Manager , Azure Key Vault, IBM Cloud Secrets Manager , AWS Systems Manager Parameter Store and integrates them with Kubernetes in a secure manner. ¶ Using the External Secrets Operator ensures the following: ¶ Decouples applications from the secret-lifecycle management. ¶ Centralizes secret storage to support compliance requirements. ¶ Enables secure and automated secret rotation. ¶ Supports multi-cloud secret sourcing with fine-grained access control. ¶ Centralizes and audits access control. ¶ Do not attempt to use more than one External Secrets Operator in your cluster. If you have a community External Secrets Operator installed in your cluster, you must uninstall it before installing the External Secrets Operator for Red Hat OpenShift. ¶ For more information about external-secrets application, see external-secrets. ¶ Use the External Secrets Operator to authenticate with the external secrets store, retrieve secrets, and inject the retrieved secrets into a native Kubernetes secret. This method removes the need for applications to directly access or manage external secrets. ¶ 11.1.2. External secrets providers for the External Secrets Operator for Red Hat OpenShift ¶ The External Secrets Operator for Red Hat OpenShift is tested with the following external secrets provider types: ¶ AWS Secrets Manager ¶ HashiCorp Vault ¶ Google Secret Manager ¶ Azure Key Vault ¶ IBM Cloud Secrets Manager ¶ Red Hat does not test all factors associated with third-party secrets store provider functionality. For more information about third-party support, see the Red Hat third- party support policy.","",""
"EXTERNAL SECRETS OPERATOR FOR RED HAT OPENSHIFT","11.1.3","About FIPS compliance for External Secrets Operator for Red Hat OpenShift","The External Secrets Operator for Red Hat OpenShift supports FIPS compliance. When running on OpenShift Container Platform in FIPS mode, External Secrets Operator uses the RHEL cryptographic libraries submitted to NIST for FIPS validation on the x86_64, ppc64le, and s390X architectures. For more information about the NIST validation program, see Cryptographic module validation program . For more information about the latest NIST status for the individual versions of the RHEL cryptographic libraries submitted for validation, see Compliance activities and government standards . ¶ To enable FIPS mode, install the External Secrets Operator on an OpenShift Container Platform cluster that runs in FIPS mode. For more information, see ""Do you need extra security for your cluster?"".","",""
"EXTERNAL SECRETS OPERATOR FOR RED HAT OPENSHIFT","11.1.4","Security considerations","When using the External Secrets Operator for Red Hat OpenShift, there are some security concerns you should consider: ¶ The external-secrets operand fetches the secrets from the configured external providers and stores it in a Kubernetes native Secrets resource. This results in a secret zero problem. It is recommended to secure the secret objects using additional encryption. For more information, see Data encryption options . ¶ When configuring SecretStore and ClusterSecretStore resources, consider using short-term credential-based authorization. This approach enhances security by limiting the window of opportunity for unauthorized access, even if credentials are compromised. ¶ To enhance the security of the External Secrets Operator for Red Hat OpenShift, it is crucial to implement role-based access controls (RBACs). These RBACs should define and limit access to the custom resources provided by the External Secrets Operator.","",""
"EXTERNAL SECRETS OPERATOR FOR RED HAT OPENSHIFT","11.1.5","Additional resources","external-secrets application ¶ Understanding compliance ¶ Installing a cluster in FIPS mode ¶ Do you need extra security for your cluster? ¶ Security considerations ¶ Security Best Practices ¶ 11.2. EXTERNAL SECRETS OPERATOR FOR RED HAT OPENSHIFT RELEASE NOTES ¶ The External Secrets Operator for Red Hat OpenShift is a cluster-wide service that provides lifecycle management for secrets fetched from external secret management systems. ¶ These release notes track the development of External Secrets Operator. ¶ For more information, see External Secrets Operator overview .","",""
"EXTERNAL SECRETS OPERATOR FOR RED HAT OPENSHIFT","11.2.1","Release notes for External Secrets Operator for Red Hat OpenShift 1.2.0","External Secrets Operator for Red Hat OpenShift version 1.2.0 is based on the upstream external- secrets project, version v2.5.0. For more information, see the external-secrets project release notes for v2.5.0. ¶ Issued: 2026-07-09 ¶ The following advisories are available for the External Secrets Operator for Red Hat OpenShift 1.2.0: ¶ RHBA-2026:36640 ¶ RHBA-2026:36647 ¶ RHBA-2026:36650 ¶ RHBA-2026:36676 ¶ 11.2.1.1. New features and enhancements Support for user-provided trusted CA bundles on the External Secrets Operator core controller ¶ With this release, you can configure the External Secrets Operator for Red Hat OpenShift to trust custom Certificate Authority (CA) certificates when the external-secrets core controller makes outbound TLS connections to external secret management systems, such as HashiCorp Vault or Amazon Web Services (AWS) Secrets Manager. ¶ To use this feature, create a ConfigMap object in the operand namespace containing one or more PEM-encoded CA certificates, and reference it in the ExternalSecretsConfig custom resource under the spec.controllerConfig.trustedCABundle field. The Operator validates the bundle on every reconcile and mounts it as a volume only on the core controller deployment. The webhook and cert- controller deployments are not affected. ¶ If the referenced ConfigMap object is missing or contains invalid data, the Operator sets the ExternalSecretsConfig custom resource (CR) status to Degraded and emits a warning event describing the problem. The Operator recovers automatically when the ConfigMap object is created or corrected, without requiring a spec change. ¶ If the proxy is configured and the ConfigMap carries the Cluster Network Operator (CNO) inject- trusted-cabundle label, the user bundle mount is skipped because the proxy TLS connections already use the OpenShift Container Platform trusted CA bundle injected by the CNO. ¶ For more information, see Configuring a trusted CA bundle for the External Secrets Operator for Red Hat OpenShift. ¶ Optional feature configuration is available for External Secrets Operator deployments ¶ With this release, the ExternalSecretsManager CR supports a spec.features field for toggling optional capabilities across Operator-managed deployments. Each entry is identified by name and can be individually set to Enabled or Disabled. ¶ The first supported feature is UnsafeAllowGenericTargets. When enabled, the Operator passes the -- unsafe-allow-generic-targets flag to the external-secrets core controller, allowing ExternalSecret resources to sync secrets into Kubernetes resources other than Secret objects. ¶ UnsafeAllowGenericTargets is a pre-release feature in the upstream external-secrets project. The UnsafeAllowGenericTargets feature has the following limitations: ¶ Only namespaced resources can be targeted, and only by an ExternalSecret CR in the same namespace as the target resource. ¶ Performance is approximately 20% slower than standard Secret synchronization. ¶ Custom resources are not encrypted at rest by Kubernetes. Use this feature only when the target resource does not contain sensitive credentials, or when encryption is provided by other means. ¶ Enabling this feature also requires that the external-secret service account has the appropriate role- based access control (RBAC) permissions to create and update the target resource types. Without these permissions, secret synchronization for affected ExternalSecret CR resources fails. ¶ Improved status reporting for invalid user configuration ¶ With this release, the External Secrets Operator for Red Hat OpenShift distinguishes between Operator-level failures and user configuration errors during reconciliation. When an invalid or incomplete user configuration is detected, such as a missing cert-manager issuer reference or an incomplete Bitwarden TLS setup, the Operator immediately sets the ExternalSecretsConfig CR status to Degraded=True and Ready=False without entering an exponential backoff retry loop. ¶ The Operator recovers automatically when the configuration is corrected. If a referenced object does not yet exist, the Operator requeues periodically until the object is created. ¶ Automatic proxy egress NetworkPolicy management ¶ With this release, the External Secrets Operator for Red Hat OpenShift automatically creates, updates, and deletes a proxy egress NetworkPolicy named eso-sys-allow-proxy-egress, for all external- secrets pods when a cluster proxy is configured. The policy allows outbound traffic from operand pods to the configured proxy server port. You can control whether the Operator manages this policy by setting the networkPolicyProvisioning field on the proxy configuration to Managed or Unmanaged. When set to Unmanaged, no proxy egress policy is created or deleted by the Operator. ¶ Standardized NetworkPolicy naming ¶ With this release, Operator-managed NetworkPolicies now use an eso-sys- prefix such as eso-sys- deny-all-traffic, eso-sys-allow-to-dns, and so on. User-configured NetworkPolicies defined in the spec.controllerConfig.networkPolicies field now use an eso-user- prefix when the Kubernetes object is created. This makes it easier to distinguish Operator-managed policies from user-defined ones. ¶ As a result of the eso-user- prefix, the maximum length for the name field in spec.controllerConfig.networkPolicies entries is reduced from 253 to 243 characters. ¶ Automatic migration of legacy NetworkPolicy names With this release, when upgrading from a version that used unprefixed NetworkPolicy names, the Operator automatically detects and deletes the legacy unprefixed NetworkPolicies during the first reconciliation after upgrade. This migration runs once per cluster and is gated by the externalsecretsconfig.operator.openshift.io/skip-np-cleanup-check annotation so that subsequent reconciliations do not repeat the cleanup scan. ¶ 11.2.1.2. Fixed issues Before this release, if the app=external-secrets managed label was externally removed from a resource that the External Secrets Operator for Red Hat OpenShift owns, the resource fell out of the label-filtered informer cache. Subsequent reconciliation attempts to create the resource received an AlreadyExists error, causing the controller to enter a permanent error loop. With this release, the controller detects this cache-miss condition and restores the managed labels and annotations directly on the API server by using an uncached client, without interrupting the operand. (ESO-237)","",""
"EXTERNAL SECRETS OPERATOR FOR RED HAT OPENSHIFT","11.2.2","Release notes for External Secrets Operator for Red Hat OpenShift 1.1.1","External Secrets Operator for Red Hat OpenShift 1.1.1 is based on the upstream external-secrets version 0.20.4. Issued: 13 August 2026 This release fixes some Common Vulnerabilities and Exposures (CVEs) and provides related Red Hat advisories. The following advisories are available for the External Secrets Operator for Red Hat OpenShift: ¶ RHBA-2026:54480 RHSA-2026:54525 RHBA-2026:54526 RHBA-2026:54537 ¶ 11.2.2.1. CVEs CVE-2026-44740 CVE-2026-27145 CVE-2026-39835 CVE-2026-56852 ¶ 11.2.2.2. New features and enhancements Operand container arguments can be overridden by using the Operator Subscription ¶ With this release, you can override container arguments for the external-secrets operand components by setting environment variables in the spec.config.env field of the External Secrets Operator Subscription. The supported variables are OPERAND_EXTERNAL_SECRETS_ARGS, OPERAND_WEBHOOK_ARGS, OPERAND_CERT_CONTROLLER_ARGS, and OPERAND_BITWARDEN_SDK_SERVER_ARGS. Use comma-separated --key=value flags. Commas inside values such as --tls-ciphers are supported. ¶ For more information, see Customizing the External Secrets Operator for Red Hat OpenShift . ¶ 11.2.3. Release notes for External Secrets Operator for Red Hat OpenShift 1.1.0 (General Availability) ¶ External Secrets Operator for Red Hat OpenShift version 1.1.0 is based on the upstream external- secrets project, version v0.20.4. For more information, see the external-secrets project release notes for v0.20.4. ¶ Issued: 2026-03-17 ¶ The following advisories are available for the External Secrets Operator for Red Hat OpenShift 1.1.0: ¶ RHBA-2026:5554 ¶ RHBA-2026:5555 ¶ RHBA-2026:5558 ¶ RHBA-2026:5589 ¶ 11.2.3.1. New features and enhancements Customization feature is now available for External Secrets Operator components ¶ With this release, the Operator API, externalsecretsconfig.operator.openshift.io allows users to customize various aspects of the external-secrets controllers. The new API allows users to add custom annotations and environment variables, and allows configuring revision history limits for the external- secrets deployments. ¶ For more information, see Customizing the External Secrets Operator for Red Hat OpenShift . ¶ Renaming and improvements on the Operator API ¶ With this release, the Operator API, externalsecrets.operator.openshift.io has been renamed to externalsecretsconfigs.operator.openshift.io to avoid confusion with the external-secrets provided API that has the same name, but a different purpose. The external-secrets provided API has also been restructured and new features are added. ¶ For more information, see External Secrets Operator for Red Hat OpenShift APIs . ¶ Support to collect metrics of External Secrets Operator ¶ With this release, the External Secrets Operator for Red Hat OpenShift supports collecting metrics for both the Operator and operands. This is optional and must be enabled. ¶ For more information, see Monitoring the External Secrets Operator for Red Hat OpenShift . ¶ Support to configure proxy for External Secrets Operator ¶ With this release, the External Secrets Operator for Red Hat OpenShift supports configuring proxy for both the Operator and operand. ¶ For more information, see About the egress proxy for the External Secrets Operator for Red Hat OpenShift. ¶ Root filesystem is read-only for External Secrets Operator for Red Hat OpenShift containers ¶ With this release, to improve security, the External Secrets Operator for Red Hat OpenShift and all its operands have the readOnlyRootFilesystem security context set to true by default. This enhancement hardens the containers and prevents a potential attacker from modifying the contents of the container's root file system. ¶ Network policy hardening is now available for External Secrets Operator components ¶ With this release, External Secrets Operator for Red Hat OpenShift includes pre-defined NetworkPolicy resources designed for enhanced security by governing ingress and egress traffic for operand components. These policies cover essential internal traffic, such as ingress to the metrics and webhook servers, and egress to the OpenShift API server and DNS server. Note that deployment of the NetworkPolicy is enabled by default and egress allow policies must be explicitly defined in the ExternalSecretsConfig custom resource for the external-secrets component to fetch secrets from external providers. ¶ For more information, see Configuring network policy for the operand . ¶ 11.2.4. Release notes for External Secrets Operator for Red Hat OpenShift 0.1.0 (Technology Preview) ¶ Version 0.1.0 of the External Secrets Operator for Red Hat OpenShift is based on the upstream external-secrets version 0.14.3. For more information, see the external-secrets project release notes for v0.14.3. ¶ Issued: 2025-06-26 ¶ The following advisories are available for the External Secrets Operator for Red Hat OpenShift 0.1.0: ¶ RHBA-2025:9747 ¶ RHBA-2025:9746 ¶ RHBA-2025:9757 ¶ RHBA-2025:9763 ¶ 11.2.4.1. New features and enhancements There are no new features and enhancements for this release. ¶ 11.3. INSTALLING THE EXTERNAL SECRETS OPERATOR FOR RED HAT OPENSHIFT ¶ To manage external secrets on OpenShift Container Platform, install the External Secrets Operator by using the web console or the command-line interface (CLI).","",""
"EXTERNAL SECRETS OPERATOR FOR RED HAT OPENSHIFT","11.3.1","Limitations of External Secrets Operator for Red Hat OpenShift","The External Secrets Operator has limitations related to resource cleanup, cert-manager dependencies, and architecture support that require manual intervention during installation and uninstallation. ¶ Uninstalling the External Secrets Operator for Red Hat OpenShift does not delete the resources created for the external-secrets application. You must clean up the resources manually. ¶ When you add the cert-manager Operator configurations in the externalsecrets.operator.openshift.io object after creation, delete the external-secrets-cert- controller deployment resource manually to prevent degradation of the external-secrets application. ¶ Enable the BitwardenSecretManagerProvider field in the externalsecrets.operator.openshift.io object only when installed on an OpenShift Cluster running on x86_64 and arm64 architectures. ¶ Ensure that the cert-manager Operator is installed and operational before deploying the External Secrets Operator for Red Hat OpenShift for seamless functioning. If you install the cert-manager Operator later, manually restart the external-secrets-operator pod to apply the cert-manager configurations in the externalsecrets.operator.openshift.io object. ¶ 11.3.2. Installing the External Secrets Operator for Red Hat OpenShift by using the web console ¶ Install the External Secrets Operator for Red Hat OpenShift by using the web console to add secret management features to your cluster. By doing this task, you can select an update channel and approval strategy to ensure the Operator stays current. ¶ 2. Navigate to Ecosystem Software Catalog. ¶ 3. Enter External Secrets Operator in the search box. ¶ 4. Select the External Secrets Operator for Red Hat OpenShiftfrom the generated list and click Install. ¶ 5. On the Install Operator page: a. Update the Update channel, if necessary. The channel defaults to stable-v1, which installs the latest stable release of the External Secrets Operator. ¶ b. Select the version from Version drop-down list. ¶ c. Choose the Installed Namespace for the Operator. ¶ To use the default Operator namespace, select the Operator recommended Namespace option. To use the namespace that you created, select the Select a Namespace option, and then select the namespace from the drop-down list. If the default external-secrets-operator namespace does not exist, it is created for you by the Operator Lifecycle Manager (OLM). d. Select an Update approval strategy. The Automatic strategy enables OLM to automatically update the Operator when a new version is available. The Manual strategy requires a user with appropriate credentials to approve the Operator update. e. Click Install. ¶ 1. Navigate to Ecosystem Installed Operators. ¶ 2. Verify that External Secrets Operator is listed with a Status of Succeeded in the external- secrets-operator namespace. ¶ 11.3.3. Installing the External Secrets Operator for Red Hat OpenShift by using the CLI ¶ Install the External Secrets Operator by creating a project, OperatorGroup, and Subscription objects using the OpenShift CLI. ¶ You have access to the cluster with the cluster-admin fole. ¶ 1. Create a new project named external-secrets-operator by running the following command: ¶ $ oc new-project external-secrets-operator ¶ 2. Create an OperatorGroup object by defining a YAML file with the following content: ¶ Example operatorGroup.yaml file ¶ name: openshift-external-secrets-operator namespace: external-secrets-operator targetNamespaces: [] ¶ 3. Create the OperatorGroup object by running the following command: ¶ $ oc create -f operatorGroup.yaml ¶ 4. Create a Subscription object by defining a YAML file with the following content: ¶ Example subscription.yaml file ¶ name: openshift-external-secrets-operator namespace: external-secrets-operator channel: tech-preview-v0.1 name: openshift-external-secrets-operator ¶ 5. Create the Subscription object by running the following command: ¶ $ oc create -f subscription.yaml ¶ 1. Verify that the OLM subscription is created by running the following command: $ oc get subscription -n external-secrets-operator ¶ NAME PACKAGE SOURCE CHANNEL ¶ openshift-external-secrets-operator openshift-external-secrets-operator eso-010-index ¶ tech-preview-v0.1 ¶ 2. Verify whether the Operator is successfully installed by running the following command: $ oc get csv -n external-secrets-operator ¶ NAME DISPLAY VERSION REPLACES ¶ PHASE ¶ external-secrets-operator.v0.1.0 External Secrets Operator for Red Hat OpenShift 0.1.0 ¶ Succeeded ¶ 3. Verify that the status of the External Secrets Operator is Running by entering the following ¶ $ oc get pods -n external-secrets-operator ¶ external-secrets-operator-controller-manager-5699f4bc54-kbsmn 1/1 Running 0 ¶ 25h","",""
"EXTERNAL SECRETS OPERATOR FOR RED HAT OPENSHIFT","11.3.4","Additional resources","Adding Operators to a cluster","",""
"EXTERNAL SECRETS OPERATOR FOR RED HAT OPENSHIFT > Installing the External Secrets Operand by using the CLI","11.3.6.1","About the External Secrets Operator for Red Hat OpenShift stable-v1 channel","Select the stable-v1 channel to install and update the latest release of the External Secrets Operator for Red Hat OpenShift. By selecting this channel, you can use the most recent stable release for your ¶ The stable-v1 channel is the default and suggested channel while installing the External Secrets Operator for Red Hat OpenShift. ¶ The stable-v1 channel offers the following update approval strategies: ¶ Automatic If you choose automatic updates for an installed External Secrets Operator, a new version of the External Secrets Operator is available in the stable-v1 channel. The Operator Lifecycle Manager (OLM) automatically upgrades the running instance of your Operator without human intervention. ¶ Manual If you select manual updates, when a newer version of the External Secrets Operator for Red Hat OpenShift is available, OLM creates an update request. As a cluster administrator, you must then manually approve that update request to have the cert-manager Operator for Red Hat OpenShift updated to the new version.","",""
"EXTERNAL SECRETS OPERATOR FOR RED HAT OPENSHIFT > Installing the External Secrets Operand by using the CLI","11.3.6.2","About the External Secrets Operator for Red Hat OpenShift stable-v1.y channel","Select the stable-v1 channel to install and update the latest release of the External Secrets Operator for Red Hat OpenShift. By selecting this channel, you can use the latest stable release and allows you to choose between automatic and manual updates. ¶ The y-stream version of the External Secrets Operator for Red Hat OpenShift installs updates from the stable-v1.y channels such as stable-v1.0, stable-v1.1, and stable-v1.2. Select the stable-v1.y channel if you want to use the y-stream version and stay updated to the z-stream version of the External Secrets Operator for Red Hat OpenShift. ¶ The stable-v1.y channel offers the following update approval strategies: ¶ Automatic If you choose automatic updates for an installed External Secrets Operator for Red Hat OpenShift, a new z-stream version of the External Secrets Operator for Red Hat OpenShift is available in the stable-v1.y channel. OLM automatically upgrades the running instance of your Operator without human intervention. ¶ Manual If you select manual updates, when a newer version of the External Secrets Operator for Red Hat OpenShift is available, OLM creates an update request. As a cluster administrator, you must then manually approve that update request to have the External Secrets Operator for Red Hat OpenShift updated to the new version of the z-stream releases.","",""
"EXTERNAL SECRETS OPERATOR FOR RED HAT OPENSHIFT","11.3.7","Additional resources","Adding Operators to a cluster ¶ Updating installed Operators","",""
"EXTERNAL SECRETS OPERATOR FOR RED HAT OPENSHIFT > CONFIGURING NETWORK POLICY FOR THE OPERAND","11.4.1","Adding a custom network policy to allow egress to all external providers","You must configure custom policies through the ExternalSecretsConfig custom resource to allow all egress to all external providers. ¶ An ExternalSecretsConfig must be predefined. ¶ You must be able to define specific egress rules, including destination ports and protocols. ¶ 1. Edit the ExternalSecretsConfig CR by running the following command: ¶ 2. Set the policy by editing the networkPolicies section: ¶ networkPolicies: name: allow-external-secrets-egress componentName: CoreController egress: # Allow all egress traffic","",""
"EXTERNAL SECRETS OPERATOR FOR RED HAT OPENSHIFT > CONFIGURING NETWORK POLICY FOR THE OPERAND","11.4.2","Adding a custom network policy to allow egress to a specific provider","You must configure custom policies through the ExternalSecretsConfig custom resource (CR) to allow all egress to a specific provider. ¶ An ExternalSecretsConfig must be predefined. ¶ You must be able to define specific egress rules, including destination ports and protocols ¶ 1. Edit the ExternalSecretsConfig CR by running the following command: ¶ 2. Set the policy by editing the networkPolicies section. The following example shows how to allow egress to Amazon Web Services (AWS) endpoints. ¶ networkPolicies: componentName: ExternalSecretsCoreController egress: # Allow egress to Kubernetes API server, AWS endpoints, and DNS ports: port: 443 # HTTPS (AWS Secrets Manager) protocol: TCP name: allow-external-secrets-egress ¶ spec.controllerConfig.networkPolicies.componentName Specifies the name for the core controller which is ExternalSecretsCoreController. Egress rules must specify the required ports, such as Transmission Control Protocol (TCP) port 443, for services such as the AWS Secrets Manager.","",""
"EXTERNAL SECRETS OPERATOR FOR RED HAT OPENSHIFT > CONFIGURING NETWORK POLICY FOR THE OPERAND","11.4.3","Default ingress and egress rules","The following table summarizes the default ingress and egress rules. ¶ Component Ingress ports Egress ports Description external-secrets 8080 6443 6443 Allows retrieving metrics external-secrets- 8080/10250 and interacting with the webhook 6443 API server external-secrets- 8080 Allows retrieving cert-controller 9998 metrics, handling webhook requests, and external-secrets- interacting with the API bitwarden-server server ¶ Allows retrieving metrics and interacting with the API server ¶ Handles Bitwarden server connections and interacts with the API server ¶ Component Ingress ports Egress ports Description external-secrets- Enables DNS lookups to allow-dns find external secret providers. ¶ 11.5. ABOUT THE EGRESS PROXY FOR THE EXTERNAL SECRETS OPERATOR FOR RED HAT OPENSHIFT ¶ If a cluster-wide egress proxy is configured in OpenShift Container Platform, the Operator Lifecycle Manager (OLM) automatically configures Operators that it manages with the cluster-wide proxy. OLM automatically updates all of the Operator deployments with the HTTP_PROXY, HTTPS_PROXY, and NO_PROXY environment variables. ¶ 11.5.1. Configuring the egress proxy for the External Secrets Operator for Red Hat OpenShift ¶ The egress proxy can be configured in the ExternalSecretsConfig or the ExternalSecretsManager custom resource (CR). The Operator and the Operand make use of the OpenShift Container Platform supported certificate authority (CA) bundle for the proxy validations. ¶ The Operator can automatically create and manage a NetworkPolicy such as eso-sys-allow-proxy- egress, that allows all external-secrets pods to reach the proxy server. You control this behavior by using the networkPolicyProvisioning field. The field can be set in either the ExternalSecretsConfig CR or the ExternalSecretsManager CR, and can be configured independently of proxy URL fields. For example, when the proxy is provided by Operator Lifecycle Manager (OLM) environment variables at the cluster level, you can set only networkPolicyProvisioning in either CR without specifying any proxy URLs. ¶ You have created the ExternalSecretsConfig custom CR. ¶ 1. To set the proxy in the ExternalSecretsConfig resource, perform the following steps: a. Edit the ExternalSecretsConfig resource by running the following command: ¶ b. Edit the spec.appConfig.proxy section to set the proxy values as follows: ¶ appConfig: proxy: httpProxy: <http_proxy> ¶ httpsProxy: <https_proxy> noProxy: <no_proxy> networkPolicyProvisioning: Managed ¶ spec.appConfig.proxy.httpProxy Specifies the proxy URL for the HTTP requests. ¶ spec.appConfig.proxy.httpsProxy Specifies the proxy URL for the HTTPS requests. ¶ spec.appConfig.proxy.noProxy Specifies a comma-separated list of hostnames, CIDRs, IPs or a combination of these, for which the proxy should not be used. ¶ spec.appConfig.proxy.networkPolicyProvisioning Specifies whether the Operator automatically creates and manages the eso-sys-allow- proxy-egress NetworkPolicy. Accepted values are Managed, which is the default, and Unmanaged. When set to Managed, the Operator creates the policy based on the proxy URL port and deletes it when the proxy is removed. When set to Unmanaged, the Operator does not create or delete the policy and you are responsible for managing proxy egress traffic. ¶ 2. To set the proxy in the ExternalSecretsManager CR, perform the following steps: ¶ a. Edit the ExternalSecretsManager CR by running the following command: ¶ $ oc edit externalsecretsmanagers.operator.openshift.io cluster ¶ b. Edit the spec.globalConfig.proxy section to set the proxy values as follows: ¶ kind: ExternalSecretsManager ¶ globalConfig: proxy: httpProxy: <http_proxy> httpsProxy: <https_proxy> noProxy: <no_proxy> networkPolicyProvisioning: Managed ¶ spec.appConfig.proxy.httpProxy Specifies the proxy URL for the HTTP requests. ¶ spec.appConfig.proxy.httpsProxy Specifies the proxy URL for the HTTPS requests. ¶ spec.appConfig.proxy.noProxy Specifies a comma-separated list of hostnames, CIDRs, IPs or a combination of these, for which the proxy should not be used. ¶ spec.appConfig.proxy.networkPolicyProvisioning ¶ Specifies whether the Operator automatically creates and manages the eso-sys-allow- proxy-egress NetworkPolicy. The values are`Managed`, which is the default, and Unmanaged. ¶ When networkPolicyProvisioning is set in both the ExternalSecretsConfig CR and the ExternalSecretsManager CR, the value in the ExternalSecretsConfig CR takes precedence. ¶ 3. If the proxy is configured at the cluster level through OLM environment variables and you only want to control NetworkPolicy provisioning without specifying proxy URLs in a CR, set only the networkPolicyProvisioning field in either CR as follows: ¶ applicationConfig: proxy: networkPolicyProvisioning: Unmanaged ¶ 1. Verify that the proxy egress NetworkPolicy was created by running the following command: ¶ $ oc get networkpolicy eso-sys-allow-proxy-egress -n external-secrets -o yaml ¶ The policy should show an egress rule allowing transmission control protocol (TCP) traffic on the port derived from the configured proxy URL. ¶ 2. Verify that the proxy configuration is applied to the external-secrets deployment by running ¶ $ oc set env deployment/external-secrets -n external-secrets --list | grep -i proxy ¶ spec.globalConfig.proxy.<no_proxy> Comma-separated list of hostnames, CIDRs, IPs or a combination of these for which the proxy should not be used.","",""
"EXTERNAL SECRETS OPERATOR FOR RED HAT OPENSHIFT > CONFIGURING NETWORK POLICY FOR THE OPERAND","11.5.2","Additional resources","Configuring proxy support in Operator Lifecycle Manager ¶ 11.6. MONITORING THE EXTERNAL SECRETS OPERATOR FOR RED HAT OPENSHIFT ¶ By default, the External Secrets Operator for Red Hat OpenShift exposes metrics for the Operator and the Operands. You can configure OpenShift Monitoring to collect these metrics by using the Prometheus Operator format.","",""
"EXTERNAL SECRETS OPERATOR FOR RED HAT OPENSHIFT > CONFIGURING NETWORK POLICY FOR THE OPERAND","11.6.1","Enabling user workload monitoring","To enable metrics collection for user-defined projects, configure user workload monitoring in the OpenShift Container Platform cluster. With this configuration, you can maintain visibility into the performance and status of your specific project workloads. ¶ For more information, see ""Setting up metrics collection for user-defined projects"". ¶ 1. Create the cluster-monitoring-config.yaml file as shown in the example belowsd: ¶ kind: ConfigMap ¶ name: cluster-monitoring-config namespace: openshift-monitoring data: config.yaml: | ¶ enableUserWorkload: true ¶ 2. Apply the ConfigMap by running the following command: ¶ $ oc apply -f cluster-monitoring-config.yaml ¶ Verify that the monitoring components for user workloads are running in the openshift-user- workload-monitoring namespace by running the following command: ¶ $ oc -n openshift-user-workload-monitoring get pod ¶ prometheus-operator-5f79cff9c9-67pjb 2/2 Running 0 25h ¶ prometheus-user-workload-0 6/6 Running 0 25h ¶ thanos-ruler-user-workload-0 4/4 Running 0 25h ¶ The status of the pods such as prometheus-operator, prometheus-user-workload, and thanos-ruler-user-workload must be Running. ¶ Setting up metrics collection for user-defined projects ¶ 11.6.2. Configuring metrics collection for External Secrets Operator for Red Hat OpenShift by using a ServiceMonitor ¶ The External Secrets Operator for Red Hat OpenShift exposes metrics by default on port 8443 at the /metrics service endpoint. You can configure metrics collection for the Operator by creating a ServiceMonitor custom resource (CR) that enables the Prometheus Operator to collect custom metrics. For more information, see ""Configuring user workload monitoring"". ¶ You have installed the External Secrets Operator for Red Hat OpenShift. ¶ You have enabled the user workload monitoring. ¶ 1. Configure the Operator to use HTTP for the metrics server. HTTPS is enabled by default. ¶ a. Update the subscription object for External Secrets Operator for Red Hat OpenShift to configure the HTTP protocol by running the following command: ¶ $ oc -n external-secrets-operator patch subscription openshift-external-secrets-operator - type='merge' -p '{""spec"":{""config"":{""env"": [{""name"":""METRICS_BIND_ADDRESS"",""value"":"":8080""}, {""name"": ""METRICS_SECURE"", ""value"": ""false""}]}}}' ¶ b. To verify that the External Secrets Operator pod is redeployed and that the configured values for METRICS_BIND_ADDRESS and METRICS_SECURE are updated, run the ¶ $ oc set env --list deployment/external-secrets-operator-controller-manager -n external- secrets-operator | grep -e METRICS_BIND_ADDRESS -e METRICS_SECURE -e container ¶ example output ¶ # deployments/external-secrets-operator-controller-manager, container manager METRICS_BIND_ADDRESS=:8080 METRICS_SECURE=false ¶ 2. Create the Secret resource with the kubernetes.io/service-account.name annotation to inject the token required for authenticating with the metrics server. ¶ a. Create the secret-external-secrets-operator.yaml file: ¶ kind: Secret ¶ app: external-secrets-operator ¶ name: external-secrets-operator-metrics-auth namespace: external-secrets-operator ¶ kubernetes.io/service-account.name: external-secrets-operator-controller-manager type: kubernetes.io/service-account-token ¶ b. Apply the Secret resource by running the following command: ¶ $ oc apply -f secret-external-secrets-operator.yaml ¶ 3. Create the ClusterRoleBinding resource required for granting permissions to access metrics: ¶ a. Create the clusterrolebinding-external-secrets.yaml file: ¶ apiVersion: rbac.authorization.k8s.io/v1 kind: ClusterRoleBinding ¶ app: external-secrets-operator ¶ name: external-secrets-allow-metrics-access roleRef: ¶ apiGroup: rbac.authorization.k8s.io kind: ClusterRole name: external-secrets-operator-metrics-reader subjects: kind: ServiceAccount ¶ name: external-secrets-operator-controller-manager namespace: external-secrets-operator ¶ b. Apply the ClusterRoldeBinding custom resource by running the following command: ¶ $ oc apply -f clusterrolebinding-external-secrets.yaml ¶ 4. Create the ServiceMonitor CR if using the default HTTPS: ¶ a. Create the servicemonitor-external-secrets-operator-https.yaml file: ¶ app: external-secrets-operator ¶ name: external-secrets-operator-metrics-monitor namespace: external-secrets-operator ¶ authorization: credentials: name: external-secrets-operator-metrics-auth key: token type: Bearer ¶ interval: 60s port: metrics-https scheme: https scrapeTimeout: 30s tlsConfig: ¶ ca: configMap: ¶ name: openshift-service-ca.crt key: service-ca.crt serverName: external-secrets-operator-controller-manager-metrics-service.external- secrets-operator.svc.cluster.local external-secrets-operator app: external-secrets-operator svc: external-secrets-operator-controller-manager-metrics-service ¶ b. Apply the ServiceMonitor CR by running the following command: ¶ $ oc apply -f servicemonitor-external-secrets-operator-https.yaml ¶ 5. Create the ServiceMonitor CR if configured to use HTTP: ¶ a. Create the servicemonitor-external-secrets-operator-http.yaml file: ¶ app: external-secrets-operator ¶ name: external-secrets-operator-metrics-monitor namespace: external-secrets-operator ¶ authorization: credentials: name: external-secrets-operator-metrics-auth key: token type: Bearer ¶ interval: 60s port: metrics-http scheme: http scrapeTimeout: 30s external-secrets-operator app: external-secrets-operator svc: external-secrets-operator-controller-manager-metrics-service ¶ b. Apply the ServiceMonitor CR by running the following command: ¶ $ oc apply -f servicemonitor-external-secrets-operator-http.yaml ¶ After the ServiceMonitor CR is created, the user workload Prometheus instance begins metrics collection from the Operator. The collected metrics are labeled with job=""external- secrets-operator-controller-manager-metrics-service"". ¶ 1. In the OpenShift Container Platform web console, navigate to Observe Targets. ¶ 2. In the Label filter field, enter the following label to filter the metrics targets for each Operand: service=external-secrets-operator-controller-manager-metrics-service ¶ 3. Confirm that the Status column shows Up for the external-secrets-operator. ¶ Configurable monitoring components","",""
"EXTERNAL SECRETS OPERATOR FOR RED HAT OPENSHIFT > CONFIGURING NETWORK POLICY FOR THE OPERAND","11.6.3","Querying metrics for the External Secrets Operator for Red Hat OpenShift","As a cluster administrator, or as a user with view access to all namespaces, you can query the Operator metrics by using the OpenShift Container Platform web console or the command-line interface (CLI). For more information, see ""Accessing metrics"". ¶ You installed the External Secrets Operator for Red Hat OpenShift. You enabled the monitoring and metrics collection by creating a ServiceMonitor object. ¶ 1. In the OpenShift Container Platform web console, navigate to Observe Metrics. ¶ 2. In the query field, enter the following PromQL expressions to query the External Secrets Operator for Red Hat OpenShift metric: {job=""external-secrets-operator-controller-manager-metrics-service""} ¶ Accessing metrics ¶ 11.6.4. Configuring metrics collection for External Secrets Operator for Red Hat OpenShift Operands by using a ServiceMonitor ¶ The External Secrets Operator for Red Hat OpenShift Operands exposes metrics by default on port 8080 at the /metrics service endpoint for all three components ( external-secrets, external-secrets- cert-controll, and external-secrets-webhook). You can configure metrics collection for the external- secrets Operands by creating a ServiceMonitor custom resource (CR) that enables the Prometheus Operator to collect custom metrics. For more information, see ""Configuring user workload monitoring"". ¶ You have installed the External Secrets Operator for Red Hat OpenShift. ¶ You have enabled the user workload monitoring. ¶ 1. Create the ClusterRoleBinding resource required for granting permissions to access metrics: ¶ a. Create the clusterrolebinding-external-secrets.yaml file: ¶ Example Cluster Rolebinding External Secrets YAML: ¶ apiVersion: rbac.authorization.k8s.io/v1 kind: ClusterRoleBinding ¶ app: external-secrets ¶ name: external-secrets-allow-metrics-access roleRef: ¶ apiGroup: rbac.authorization.k8s.io kind: ClusterRole name: external-secrets-operator-metrics-reader subjects: kind: ServiceAccount ¶ name: external-secrets namespace: external-secrets kind: ServiceAccount name: external-secrets-cert-controller namespace: external-secrets kind: ServiceAccount name: external-secrets-webhook namespace: external-secrets ¶ b. Apply the ClusterRoldeBinding custom resource by running the following command: ¶ $ oc apply -f clusterrolebinding-external-secrets.yaml ¶ 2. Create the ServiceMonitor CR: ¶ a. Create the servicemonitor-external-secrets.yaml file: ¶ Eample Service Monitor External Secrets YAML ¶ app: external-secrets ¶ name: external-secrets-metrics-monitor namespace: external-secrets ¶ interval: 60s port: metrics ¶ scheme: http scrapeTimeout: 30s external-secrets matchExpressions: key: app.kubernetes.io/name ¶ operator: In values: ¶ external-secrets external-secrets-cert-controller external-secrets-webhook key: app.kubernetes.io/instance operator: In values: external-secrets key: app.kubernetes.io/managed-by operator: In values: external-secrets-operator ¶ b. Apply the ServiceMonitor CR by running the following command: ¶ $ oc apply -f servicemonitor-external-secrets.yaml ¶ After the ServiceMonitor CR is created, the user-workload Prometheus instance begins metrics collection from the External Secrets Operator for Red Hat OpenShift Operands. The collected metrics are labeled with job=""external-secrets"",job=""external-secrets- cainjector"", and job=""external-secrets-webhook"". ¶ 1. In the OpenShift Container Platform web console, navigate to Observe Targets. ¶ 2. In the Label filter field, enter the following labels to filter the metrics targets for each Operand: ¶ service=external-secrets ¶ service=external-secrets-cert-controller-metrics ¶ service=external-secrets-webhook ¶ 3. Confirm that the Status column shows Up for the external-secrets, external-secrets-cert- controller and external-secrets-webhook. ¶ Configuring user workload monitoring","",""
"EXTERNAL SECRETS OPERATOR FOR RED HAT OPENSHIFT > CONFIGURING NETWORK POLICY FOR THE OPERAND","11.6.5","Querying metrics for the external-secrets operand","As a cluster administrator, or as a user with view access to all namespaces, you can query external- secrets operand metrics by using the OpenShift Container Platform web console or the command-line interface (CLI). For more information, see ""Accessing metrics"". ¶ You have installed the External Secrets Operator for Red Hat OpenShift. You have enabled monitoring and metrics collection by creating a ServiceMonitor object. ¶ 1. In the OpenShift Container Platform web console, navigate to Observe Metrics. ¶ 2. In the query field, enter the following PromQL expressions to query the External Secrets Operator for Red Hat OpenShift operands metric for each operand: ¶ {job=""external-secrets""} ¶ {job=""external-secrets-webhook""} ¶ {job=""external-secrets-cert-controller-metrics""} ¶ Accessing metrics ¶ 11.7. CUSTOMIZING THE EXTERNAL SECRETS OPERATOR FOR RED HAT OPENSHIFT ¶ You can customize the behavior of the External Secrets Operator for Red Hat OpenShift Operand components by configuring custom annotations, deployment lifecycle settings, and environment variables through the ExternalSecretsConfig custom resource (CR). ¶ These configurations provide administrators with fine-grained control over the external-secrets deployment. You can customize the External Secrets Operator for Red Hat OpenShift Operand by using the ExternalSecretsConfig custom resource (CR). The CR supports a set of deployment and runtime options, such as custom annotations, revision history limits, environment variables, resource limits, tolerations, and proxy settings so you can control how the operand is deployed and run without editing the operand resources directly. All supported options are defined in the ExternalSecretsConfig CR (for example under the spec.controllerConfig for controller-related settings). The Operator reconciles the Operand from this CR. Changes made directly to Operand resources are overwritten. Use the ExternalSecretsConfig CR as the only supported way to customize the operand. For the complete list of fields and allowed values, see the ExternalSecretsConfig API reference in the External Secrets Operator for Red Hat OpenShift documentation. ¶ External Secrets Operator for Red Hat OpenShift APIs","",""
"EXTERNAL SECRETS OPERATOR FOR RED HAT OPENSHIFT > CONFIGURING NETWORK POLICY FOR THE OPERAND","11.7.1","Setting a log level for the External Secrets Operator for Red Hat OpenShift","You can adjust the verbosity of your logs to both troubleshoot issues effectively and manage the volume of log data. Set the log level for the External Secrets Operator for Red Hat OpenShift to control the detail of log messages. ¶ You have created the ExternalSecretsConfig custom resource. ¶ Update the subscription object for the External Secrets Operator for Red Hat OpenShift to provide the verbosity level for the Operator logs by running the following command: ¶ $ oc -n <external_secrets_operator_namespace> patch subscription openshift-external- secrets-operator --type='merge' -p '{""spec"":{""config"":{""env"": [{""name"":""OPERATOR_LOG_LEVEL"",""value"":""<log_level>""}]}}}' ¶ <external_secrets_operator_namespace> ¶ Specifies the namespace where the Operator is installed. <log_level> ¶ Specifies the level of log detail. Values range from 1-5. The default is 2. ¶ 1. Verify that the log level of the External Secrets Operator for Red Hat OpenShift is updated by ¶ $ oc set env deploy/external-secrets-operator-controller-manager -n external-secrets- operator --list | grep -e OPERATOR_LOG_LEVEL -e container ¶ # deployments/external-secrets-operator-controller-manager, container manager OPERATOR_LOG_LEVEL=2 ¶ 2. Verify that the log level of the External Secrets Operator for Red Hat OpenShift is updated by ¶ $ oc logs -n external-secrets-operator -f deployments/external-secrets-operator-controller- manager -c manager ¶ 11.7.2. Setting a log level for the External Secrets Operator for Red Hat OpenShift Operand ¶ Adjust the amount of detail recorded for troubleshooting or monitoring purposes by configuring log levels and verbosity for the External Secrets Operator for Red Hat OpenShift Operand. ¶ You created the ExternalSecretsConfig custom resource (CR). ¶ 1. Edit the ExternalSecretsConfig CR by running the following command: ¶ 2. Set the log level value by editing the spec.appConfig.logLevel section: ¶ appConfig: logLevel: <log_level> ¶ spec.appConfig.<log_level> ¶ Specifies the value range of 1-5. The log level gets mapped to the following Operand support levels: ¶ 1 - warnings 2 - error logs 3 - info logs 4 and 5 - debug logs ¶ 3. Save your changes and exit the editor.","",""
"EXTERNAL SECRETS OPERATOR FOR RED HAT OPENSHIFT > CONFIGURING NETWORK POLICY FOR THE OPERAND","11.7.3","Configuring cert-manager for the external-secrets certificate requirements","Configure the cert-manager Operator to handle certificate management for the external-secrets webhook and plugins. This optional configuration automates certificate generation for plugins and eliminates the need for manual configuration. When the cert-manager Operator is not used, external-secrets defaults to its own certificate management. In this mode, it automatically generates the required certificates for the webhook, while you are responsible for manually configuring certificates for the plugins. ¶ You created the ExternalSecretsConfig custom resource. ¶ You installed the cert-manager Operator for Red Hat OpenShift. For more information, see ¶ You installed the cert-manager Operator for Red Hat OpenShift. For more information, see ""Installing the cert-manager Operator for Red Hat OpenShift"" ¶ 1. Edit the ExternalSecretsConfig custom resource by running the following command: ¶ 2. Configure cert-manager by editing the spec.controllerConfig.certProvider.certManager section as follows: ¶ certProvider: certManager: injectAnnotations: ""true"" name: <issuer_name> kind: <issuer_kind> group: <issuer_group> mode: Enabled ¶ spec.controllerConfig.certProvider.certManager.issuerRef.injectAnnotation Must be set to true when enabled. ¶ spec.controllerConfig.certProvider.certManager.issuerRef.name Specifies the name of the issuer object referenced in ExternalSecretsConfig. ¶ spec.controllerConfig.certProvider.certManager.issuerRef.kind Specifies the API issuer. Can be set to either Issuer or ClusterIssuer. ¶ spec.controllerConfig.certProvider.certManager.issuerRef.group Specifies the API issuer group. The group name must be cert-manager.io. ¶ spec.controllerConfig.certProvider.certManager.mode Must be set to Enabled. This is an immutable field and cannot be modified once it is configured. ¶ 3. Save your changes. ¶ 4. After you update the cert-manager configurations in the externalsecretsconfig.operator.openshift.io object, you must manually delete external- secrets-cert-controller deployment by running the following command. This prevents performance degradation of the external-secrets application. ¶ $ oc delete deployments.apps external-secrets-cert-controller -n external-secrets ¶ 5. Optionally, you can delete other resources created for the cert-controller by running the following commands: ¶ $ oc delete clusterrolebindings.rbac.authorization.k8s.io external-secrets-cert-controller ¶ $ oc delete clusterroles.rbac.authorization.k8s.io external-secrets-cert-controller ¶ $ oc delete serviceaccounts external-secrets-cert-controller -n external-secrets ¶ $ oc delete secrets external-secrets-webhook -n external-secrets ¶ cert-manager Operator for Red Hat OpenShift Installing the cert-manager-Operator for Red Hat OpenShift","",""
"EXTERNAL SECRETS OPERATOR FOR RED HAT OPENSHIFT > CONFIGURING NETWORK POLICY FOR THE OPERAND","11.7.4","Configuring the bitwardenSecretManagerProvider plugin","Configure the bitwardenSecretManagerProvider plugin to use Bitwarden Secrets Manager as a source for your secrets. By using this integration, you can sync external secrets to your OpenShift Container Platform cluster. ¶ You have created the ExternalSecretsConfig custom resource. ¶ 1. Edit the ExternalSecretsConfig custom resource by running the following command: ¶ 2. Edit the spec.plugins.bitwardenSecretManagerProvider section as follows to enable the Bitwarden Secrets Manager: ¶ plugins: bitwardenSecretManagerProvider: mode: Enabled secretRef: name: <secret_object_name> ¶ name ¶ The name of the secret containing the certificate key pair for the plugin. The key name in the secret for the certificate must be tls.crt. The key name for the private key must be tls.key. The key name for the Certificate Authority (CA) certificate key name must be ca.crt. Configuring the secret is optional when the cert-manager certificate provider is configured. ¶ 3. Save your changes and exit the editor. ¶ 4. If you disable the plugin, the following resources must be deleted manually by running the ¶ following commands: $ oc delete deployments.apps bitwarden-sdk-server -n external-secrets ¶ $ oc delete certificates.cert-manager.io bitwarden-tls-certs -n external-secrets ¶ $ oc delete service bitwarden-sdk-server -n external-secrets ¶ $ oc delete serviceaccounts bitwarden-sdk-server -n external-secrets","",""
"EXTERNAL SECRETS OPERATOR FOR RED HAT OPENSHIFT > CONFIGURING NETWORK POLICY FOR THE OPERAND","11.7.5","Adding custom annotations to external-secrets resources","To customize your resources, you can define up to 20 custom annotations in the custom resource (CR). The Operator merges the annotations with the defaults, prioritizes them, and safely preserves annotations set by external systems. When an annotation is removed from the CR, the Operator automatically removes it from all managed resources during the next reconciliation. Annotations set by external sources, such as Kubernetes system annotations or annotations added by other controllers, are preserved and are not affected by the Operator. Annotation keys containing the following reserved domain prefixes are not allowed and are rejected by validation if applied: ¶ kubernetes.io/ (including subdomains such as *.kubernetes.io/) k8s.io/ (including subdomains such as *.k8s.io/) openshift.io/ (including subdomains such as *.openshift.io/) cert-manager.io/ ¶ You have created the ExternalSecretsConfig custom resource. ¶ 1. Edit the ExternalSecretsConfig CR by running the following command: ¶ 2. Add the annotations field under spec.controllerConfig as follows: ¶ prometheus.io/scrape: ""true"" example.com/environment: ""production"" ¶ 1. Verify that annotations are applied to the external-secrets deployment by running the following ¶ $ oc get deployment external-secrets -n external-secrets -o jsonpath='{.metadata.annotations}' | jq . ¶ The output should include the custom annotations you specified. ¶ 2. Verify that annotations are applied to the pod template by running the following command: ¶ $ oc get deployment external-secrets -n external-secrets -o jsonpath='{.spec.template.metadata.annotations}' | jq . ¶ The output should include the custom annotations you specified. ¶ 3. Verify that annotations are applied to other managed resources such as Services by running the ¶ $ oc get service external-secrets-webhook -n external-secrets -o jsonpath='{.metadata.annotations}' | jq . ¶ The output should include the custom annotations you specified.","",""
"EXTERNAL SECRETS OPERATOR FOR RED HAT OPENSHIFT > CONFIGURING NETWORK POLICY FOR THE OPERAND","11.7.6","Configuring the revisionHistoryLimit for external-secrets components","Configure the number of old ReplicaSet objects retained for rollback by setting the revisionHistoryLimit parameter for external-secrets components. ¶ The following components can be configured: ¶ Component name Description ExternalSecretsCoreController The main external-secrets controller. Webhook The external-secrets webhook server. CertController The certificate controller for webhook TLS. BitwardenSDKServer The Bitwarden SDK server plugin. ¶ Each component can only have one configuration entry. A maximum of 4 component configuration entries are allowed, one per component. ¶ You have created the ExternalSecretsConfig custom resource. ¶ 1. Edit the ExternalSecretsConfig CR by running the following command: ¶ 2. Add the componentConfigs field under spec.controllerConfig as follows: ¶ componentConfigs: componentName: ExternalSecretsCoreController deploymentConfigs: revisionHistoryLimit: 5 componentName: Webhook deploymentConfigs: revisionHistoryLimit: 3 ¶ where ¶ spec.controllerConfig.componentConfigs.componentName.deploymentConfigs.revisionH istoryLimit ¶ Specifies the number of old ReplicaSet objects to retain for rollback. The value must be at least 1 to ensure rollback capability. The maximum value is 50. If not specified, the default is 10. ¶ Verify that the revisionHistoryLimit parameter is applied to the deployment by running the ¶ $ oc get deployment external-secrets -n external-secrets -o jsonpath='{.spec.revisionHistoryLimit}' ¶ The output should display the value you configured.","",""
"EXTERNAL SECRETS OPERATOR FOR RED HAT OPENSHIFT > CONFIGURING NETWORK POLICY FOR THE OPERAND","11.7.7","Setting custom environment variables for external-secrets components","To configure component behavior at runtime or integrate with external services, set custom environment variables for individual external-secrets components. ¶ Custom environment variables are merged with the default environment variables set by the Operator. User-specified variables take precedence in case of conflicts with the Operator defaults. A maximum of 50 custom environment variables can be specified per component. ¶ The environment variable names starting with the following prefixes are reserved: ¶ HOSTNAME ¶ KUBERNETES_ ¶ EXTERNAL_SECRETS_ ¶ You have created the ExternalSecretsConfig custom resource. ¶ 1. Edit the ExternalSecretsConfig CR by running the following command: ¶ 2. Add the overrideEnv field under the desired component in the spec.controllerConfig.componentConfigs YAML as follows: ¶ componentConfigs: componentName: ExternalSecretsCoreController overrideEnv: name: Example value: ""4"" ¶ where ¶ spec.controllerConfig.componentConfigs.overrideEnv.name Specifies the name of the environment variable. Environment variable names starting with HOSTNAME, KUBERNETES_, or EXTERNAL_SECRETS_ are reserved and are not allowed. ¶ spec.controllerConfig.componentConfigs.overrideEnv.value Specifies the value of the environment variable. ¶ Verify that the environment variable is set on the deployment by running the following ¶ $ oc set env deployment/external-secrets -n external-secrets --list ¶ The output should include the custom environment variable you specified. ¶ 11.7.8. Enabling optional features for External Secrets Operator for Red Hat OpenShift ¶ The External Secrets Operator for Red Hat OpenShift supports optional capabilities that can be enabled cluster-wide through the ExternalSecretsManager custom resource (CR). Features are disabled by default and must be explicitly enabled. ¶ You can enable or disable a feature at any time. The Operator reconciles the core controller deployment when the feature state changes, without requiring a restart or reinstallation. ¶ UnsafeAllowGenericTargets is a pre-release feature. It is not recommended for production use. Enabling this feature allows ExternalSecret resources to write secret data to arbitrary Kubernetes resource types beyond Secret objects. This might cause data managed by other controllers to be overwritten and can expose sensitive values through non-secret resources. This feature provides no additional access control beyond standard Kubernetes role-based access control (RBAC). ¶ When enabled, ExternalSecret resources can target arbitrary Kubernetes resource types as their sync destination, instead of being limited to Secret objects. ¶ The Operator passes the --unsafe-allow-generic-targets=true flag to the core external-secrets controller. The webhook and cert-controller are not affected. ¶ You have installed the External Secrets Operator for Red Hat OpenShift and created the ExternalSecretsConfig CR. ¶ 1. Edit the ExternalSecretsManager CR by running the following command: ¶ $ oc edit externalsecretsmanagers.operator.openshift.io cluster ¶ 2. Add the features field under spec and set the desired feature mode: ¶ kind: ExternalSecretsManager ¶ features: name: UnsafeAllowGenericTargets mode: Enabled ¶ To disable the feature, set mode: Disabled or remove the entry from the features list. ¶ 1. Verify that the feature flag is passed to the core controller by running the following command: ¶ $ oc get deployment external-secrets \ n external-secrets \ o jsonpath='{.spec.template.spec.containers[0].args}' | jq . ¶ ""--concurrent=1"", ""--metrics-addr=:8080"", ""--loglevel=warn"", ""--zap-time-encoding=epoch"", ""--enable-leader-election=true"", ""--enable-push-secret-reconciler=true"", ""--enable-cluster-store-reconciler=true"", ""--enable-cluster-external-secret-reconciler=true"", ""--unsafe-allow-generic-targets=true"" ¶ When the feature is enabled, the output includes --unsafe-allow-generic-targets=true. When disabled or not configured, the flag is absent. ¶ 2. Verify that the ExternalSecretsManager CR reflects the configured feature by running the ¶ $ oc get externalsecretsmanagers.operator.openshift.io cluster -o jsonpath='{.spec.features}' | jq . ¶ ""mode"": ""Enabled"", ""name"": ""UnsafeAllowGenericTargets""","",""
"EXTERNAL SECRETS OPERATOR FOR RED HAT OPENSHIFT > CONFIGURING NETWORK POLICY FOR THE OPERAND","11.7.9","Mounting a custom trusted certificate authority bundle for external-secrets","You can configure the External Secrets Operator for Red Hat OpenShift to trust a custom certificate authority (CA) bundle when the external-secrets core controller communicates with external secret backends over transport layer socket (TLS). This is required when your organization uses a private CA or a self-signed certificate that is not included in the default system truststore. ¶ To enable mounting a custom trusted CA, you reference a ConfigMap that contains the Privacy Enhanced Mail (PEM)-encoded CA certificates in the spec.controllerConfig.trustedCABundle field of the ExternalSecretsConfig custom resource (CR). The Operator mounts the bundle into the core controller pod and configures the TLS library to use it alongside the default system trust stores. ¶ The External Secrets Operator for Red Hat OpenShift applies the following rules to the CA bundle ConfigMap: ¶ The ConfigMap must reside in the external-secrets namespace and must contain only PEM- encoded X.509 CA certificates. Leaf certificates and private key PEM blocks are rejected. ¶ If the ConfigMap key contains an invalid bundle, the ExternalSecretsConfig CR enters a Degraded state. The Operator automatically recovers and mounts the bundle when the ConfigMap is corrected, without requiring manual intervention. ¶ If the referenced ConfigMap does not exist, the Operator removes any previously mounted CA bundle from the core controller deployment and sets the ExternalSecretsConfig CR to a Degraded state until the ConfigMap is created. ¶ The CA bundle is mounted only on the core external-secrets controller container. The webhook and cert-controller containers are not affected. ¶ If the ConfigMap has the config.openshift.io/inject-trusted-cabundle: ""true"" label and a cluster proxy is configured, the Operator skips the user-defined mount. The cluster-wide CA bundle injected by the Cluster Network Operator (CNO) is already available to the controller through the proxy CA bundle mechanism. ¶ You have installed the External Secrets Operator for Red Hat OpenShift and created the ExternalSecretsConfig CR. ¶ A ConfigMap containing PEM-encoded X.509 CA certificates exists in the external-secrets namespace. ¶ 1. Create the ConfigMap containing your CA bundle by running the following command: ¶ $ oc create configmap user-ca-bundle \ -from-file=ca-bundle.crt=/path/to/ca.pem \ n external-secrets ¶ 2. Edit the ExternalSecretsConfig CR by running the following command: ¶ 3. Add the trustedCABundle field under spec.controllerConfig: ¶ trustedCABundle: name: user-ca-bundle key: ca-bundle.crt ¶ spec.controllerConfig.trustedCABundle.name Specifies the name of the ConfigMap in the external-secrets namespace that contains the CA certificate bundle. ¶ spec.controllerConfig.trustedCABundle.key Optional. Specifies the key within the ConfigMap that holds the PEM-encoded CA bundle. The default is ca-bundle.crt. ¶ 1. Verify that the CA bundle volume is mounted on the core controller deployment by running the ¶ $ oc get deployment external-secrets \ n external-secrets \ o jsonpath='{.spec.template.spec.volumes}' | jq '.[] | select(.name==""user-ca-bundle"")' ¶ ""configMap"": { ""defaultMode"": 420, ""items"": [ ""key"": ""ca-bundle.crt"", ""path"": ""ca-bundle.crt"" ""name"": ""trusted-ca-bundle-for-es"" ""name"": ""user-ca-bundle"" ¶ 2. Verify that the SSL_CERT_DIR is set on the core controller container by running the following ¶ $ oc set env deployment/external-secrets \ n external-secrets \ -list | grep SSL_CERT_DIR ¶ SSL_CERT_DIR=/etc/pki/tls/user-certs:/etc/pki/tls/certs:/etc/ssl/certs ¶ 3. Verify that the ExternalSecretsConfig CR is not in a Degraded state by running the following ¶ $ oc get externalsecretsconfigs.operator.openshift.io cluster \ o jsonpath='{.status.conditions[?(@.type==""Degraded"")]}' | jq . ¶ ""lastTransitionTime"": ""2026-06-22T10:29:11Z"", ""message"": """", ""observedGeneration"": 5, ""reason"": ""Ready"", ""status"": ""False"", ""type"": ""Degraded"" ¶ The Degraded condition should show ""status"": ""False"". If the condition is True, review the message field for the specific validation error and correct the referenced ConfigMap. ¶ 11.7.10. Overriding operand container arguments for the External Secrets Operator for Red Hat OpenShift ¶ You can override container arguments for the external-secrets operand deployments by setting environment variables on the External Secrets Operator for Red Hat OpenShift subscription. Use this method when you need to pass additional or replacement --key=value flags to operand containers. ¶ This is a temporary feature available only in the External Secrets Operator for Red Hat OpenShift 1.1 and 1.2 z-streams. External Secrets Operator for Red Hat OpenShift 1.3.0 adds support in the ExternalSecretsConfig API to configure the same behavior. Consider migrating to the ExternalSecretsConfig API when upgrading to External Secrets Operator 1.3.0. This subscription-based method is scheduled to be deprecated and removed in External Secrets Operator for Red Hat OpenShift 1.4.0. ¶ Your installed External Secrets Operator for Red Hat OpenShift version is 1.1 or 1.2. ¶ Update the Subscription for the External Secrets Operator to set the operand argument overrides by running the following command: ¶ $ oc -n <external_secrets_operator_namespace> patch subscription openshift-external- secrets-operator --type='merge' -p '{""spec"":{""config"":{""env"": [{""name"":""OPERAND_EXTERNAL_SECRETS_ARGS"",""value"":""<controller_args>""}, {""name"":""OPERAND_WEBHOOK_ARGS"",""value"":""<webhook_args>""}, {""name"":""OPERAND_CERT_CONTROLLER_ARGS"",""value"":""<cert_controller_args>""}, {""name"":""OPERAND_BITWARDEN_SDK_SERVER_ARGS"",""value"":""<bitwarden_args>""}]}}}' ¶ <external_secrets_operator_namespace> Specifies the namespace where the Operator is installed. ¶ <controller_args> Specifies a comma-separated list of --key or --key=value flags for the external-secrets core controller. For example, --concurrent=2,--loglevel=debug. ¶ <webhook_args> Specifies a comma-separated list of flags for the webhook. Commas inside a flag value are preserved when the next flag begins with --. For example, --tls- ciphers=TLS_ECDHE_ECDSA_WITH_CHACHA20_POLY1305_SHA256,TLS_ECDHE_RS A_WITH_CHACHA20_POLY1305_SHA256,--loglevel=debug. ¶ <cert_controller_args> Specifies a comma-separated list of flags for the cert-controller. For example, --crd- requeue-interval=10m,--loglevel=debug. ¶ <bitwarden_args> Specifies a comma-separated list of flags for the bitwarden-sdk-server. For example, -- key-file=/certs/key.pem,--cert-file=/certs/cert.pem. Set only the environment variables you need. Omit any unused entries from the env list. ¶ 1. Verify that the environment variables are set on the Operator by running the following ¶ $ oc set env deploy/external-secrets-operator-controller-manager -n <external_secrets_operator_namespace> --list | grep -e OPERAND_ -e container ¶ $ deployments/external-secrets-operator-controller-manager, container manager OPERAND_EXTERNAL_SECRETS_ARGS=--concurrent=2,--loglevel=debug OPERAND_WEBHOOK_ARGS=--tls- ciphers=TLS_ECDHE_ECDSA_WITH_CHACHA20_POLY1305_SHA256,TLS_ECDHE_RSA_ WITH_CHACHA20_POLY1305_SHA256,--loglevel=debug ¶ 2. Verify that the operand Deployment container arguments were updated by running the ¶ $ oc get deploy/external-secrets-webhook -n <operand_namespace> -o jsonpath='{.spec.template.spec.containers[0].args}' ¶ $ [""webhook"",""--dns-name=external-secrets-webhook.external-secrets.svc"",""--port=10250"",""-- cert-dir=/tmp/certs"",""--check-interval=15m0s"",""--metrics-addr=:8080"",""--healthz- addr=:8081"",""--loglevel=debug"",""--zap-time-encoding=epoch"",""--tls- ciphers=TLS_ECDHE_ECDSA_WITH_CHACHA20_POLY1305_SHA256,TLS_ECDHE_RSA_ WITH_CHACHA20_POLY1305_SHA256""] ¶ 11.8. UNINSTALLING THE EXTERNAL SECRETS OPERATOR FOR RED HAT OPENSHIFT ¶ ou can remove the External Secrets Operator for Red Hat OpenShift from OpenShift Container Platform by uninstalling the Operator and removing its related resources. ¶ 11.8.1. Uninstalling the External Secrets Operator for Red Hat OpenShift using the web console ¶ You can uninstall the External Secrets Operator for Red Hat OpenShift by using the web console. ¶ The External Secrets Operator is installed. ¶ 2. Uninstall the External Secrets Operator for Red Hat OpenShift using the following steps: a. Navigate to Ecosystem Installed Operators. ¶ b. Click the Options menu next to the External Secrets Operator for Red Hat ¶ OpenShift entry and click Uninstall Operator. ¶ c. In the confirmation dialog, click Uninstall. ¶ 11.8.2. Removing External Secrets Operator for Red Hat OpenShift resources by using the web console ¶ To clean up your cluster after uninstalling the External Secrets Operator for Red Hat OpenShift, remove its associated resources. This deletes residual components, such as deployments and custom resource definitions. ¶ 2. Remove the deployments of the external-secrets application components in the external- secrets namespace: ¶ a. Click the Project drop-down menu to see a list of all available projects, and select the ¶ a. Click the Project drop-down menu to see a list of all available projects, and select the external-secrets project. ¶ b. Navigate to Workloads Deployments. ¶ c. Select the deployment that you want to delete. ¶ d. Click the Actions drop-down menu, and select Delete Deployment to see a confirmation dialog box. ¶ e. Click Delete to delete the deployment. ¶ 3. Remove the custom resource definitions (CRDs) that were installed by the External Secrets Operator using the following steps: a. Navigate to Administration CustomResourceDefinitions. ¶ b. Choose external-secrets.io/component: controller from the suggestions in the Label field to filter the CRDs. ¶ c. Click the Options menu next to each of the following CRDs, and select Delete ¶ Custom Resource Definition: ¶ ACRAccessToken ¶ ClusterExternalSecret ¶ ClusterGenerator ¶ ClusterPushSecret ¶ ClusterSecretStore ¶ ECRAuthorizationToken ¶ ExternalSecret ¶ GCRAccessToken ¶ GeneratorState ¶ GithubAccessToken ¶ Grafana ¶ MFA ¶ Password ¶ PushSecret ¶ QuayAccessToken ¶ SecretStore ¶ SSHKey ¶ STSSessionToken UUID VaultDynamicSecret Webhook ¶ 4. Remove the external-secrets-operator namespace using the following steps: a. Navigate to Administration Namespaces. ¶ b. Click the Options menu next to the External Secrets Operator and select Delete Namespace. ¶ c. In the confirmation dialog, enter external-secrets-operator in the field and click Delete. ¶ 11.8.3. Removing External Secrets Operator for Red Hat OpenShift resources by using the CLI ¶ After you have uninstalled the External Secrets Operator for Red Hat OpenShift, you can optionally eliminate its associated resources from your cluster by using the command-line interface (CLI). ¶ 1. Delete the deployments of the external-secrets application components in the external- secrets namespace by running the following command: ¶ $ oc delete deployment -n external-secrets -l app=external-secrets ¶ 2. Delete the custom resource definitions (CRDs) that were installed by the External Secrets Operator by running the following command: ¶ $ oc delete customresourcedefinitions.apiextensions.k8s.io -l external- secrets.io/component=controller ¶ 3. Delete the external-secrets-operator namespace by running the following command: ¶ $ oc delete project external-secrets-operator","",""
"EXTERNAL SECRETS OPERATOR FOR RED HAT OPENSHIFT > EXTERNAL SECRETS OPERATOR FOR RED HAT OPENSHIFT APIS","11.9.5","Listing fields in External Secrets Operator for Red Hat OpenShift APIs","The following fields apply to the External Secrets Operator for Red Hat OpenShift APIs. ¶ 11.9.6. externalSecretsManagerSpec ¶ The externalSecretsManagerSpec field defines the desired behavior of the externalSecretsManager object. ¶ Field type Description Validation globalConfig object globalConfig Optional configures the behavior of deployments that External Secrets Operator manages. ¶ Field type Description Validation feature array feature enables the Optional optional features of the ¶ 11.9.7. externalSecretsManagerStatus ¶ The externalSecretsManagerStatus field shows the most recently observed status of the externalSecretsManager object. ¶ Field Type Description Validation controllerStatus array controllerStatus holds the observed conditions of the controllers used by the Operator. ¶ lastTransitionTime Time lastTransitionTime Format: date-time records the most recent Type: string time the status of the condition changed. ¶ 11.9.8. externalSecretsConfigSpec ¶ The externalSecretsConfigSpec field defines the desired behavior of the externalSecrets object. ¶ Field Type Description Validation appConfig object appConfig configures Optional the behavior of the external-secrets Operand. ¶ plugins object plugins configures the Optional optional provider plugins. ¶ controllerConfig object controllerConfig Optional configures the controller to set up defaults that enable external- secrets Operand. ¶ 11.9.9. externalSecretsConfigStatus ¶ The externalSecretsConfigStatus field shows the most recently observed status of the ¶ The externalSecretsConfigStatus field shows the most recently observed status of the externalSecretsConfig Object. ¶ Field Type Description conditions Condition array conditions contains information externalSecretsImage string about the current state of deployment. bitwardenSDKServerImage string externalSecretsImage specifies the image name and tag used for deploy external- secrets operand. ¶ bitwardenSDKServerImage specifies the name of the image and tag used for deploying the bitwarden-sdk-server. ¶ 11.9.10. globalConfig ¶ The globalConfig field configures the behavior of the External Secrets Operator. ¶ Field Type Description Default Validation labels integer 1 labels applies to The maximum all resources number of created by the properties is 20 Operator. This field can have a The minimum maximum of 20 number of entries properties is 0 ¶ logLevel integer logLevel 1 Optional ¶ supports a range The maximum range value is 5 of values as The minimum defined in the range value is 1 ¶ kubernetes Optional ¶ logging guidelines. ¶ Field Type Description Default Validation resources Optional ResourceRequireme resources affinity nts defines the Optional tolerations resource nodeSelector requirements. You The maximum cannot change the number of items is value of this field 50 after setting it The minimum initially. For more number of items is information, see 0 https://kubernetes Optional /configuration/ma The maximum nage-resources- number of containers/ properties is 50 The minimum Affinity affinity sets the number of scheduling affinity properties is 0 rules. For more Optional information, see https://kubernetes /scheduling- eviction/assign- pod-node/ ¶ Toleration array tolerations sets the pod tolerations. For more information, see https://kubernetes /scheduling- eviction/taint- and-toleration/ ¶ object (keys:string, nodeSelector values:string) defines the scheduling criteria by using the node labels. For more information, see https://kubernetes /configuration/ass ign-pod-node/ ¶ Field Type Description Default Validation proxy object Optional proxy sets the proxy configurations available in the operand containers managed by the Operator as environment variables. ¶ 11.9.11. controllerConfig ¶ The controllerConfig specifies the configurations used by the controller when installing the external- secrets Operand and the plugins. ¶ Field Type Description Validation certProvider string certProvider defines Optional labels object (keys:string, the configuration for the values:string) certificate providers used to manage TLS certificates for webhook and plugins. ¶ labels field applies The maximum number labels to all resources of properties is 20. created for the external-secrets The minimum number of Operand deployment. properties is 0. ¶ Optional ¶ Field Type Description Validation annotations object (keys:string, annotations add The maximum number values:string) custom annotations to of properties is 20. all the resources created for the external- The minimum number of secrets deployment. properties is 0. The annotations are merged with any default Optional annotations set by the Operator. User- specified annotations take precedence over defaults in case of conflicts. Annotation keys containing the reserved domains kubernetes.io/, openshift.io/, k8s.io/, or cert-manager.io/ (including subdomains like *.kubernetes.io/) are not allowed. ¶ componentConfigs ComponentConfig array componentConfigs The maximum number allows specifying of items is 4. deployment-level configuration overrides The minimum number of for individual external- items is 0. secrets components. Each component can Optional have only one configuration entry. ¶ 11.9.12. controllerStatus ¶ The controllerStatus field contains the observed conditions of the controllers used by the Operator. ¶ Field Type Description Validation name string Required name specifies the conditions array name of the controller for which the observed condition is recorded. ¶ conditions contains information about the current state of the External Secrets Operator controllers. ¶ Field Type Description Validation ¶ observedGeneration integer observedGeneration Minimum: 0 represents the .metadata.generatio n on the observed resource. ¶ 11.9.13. applicationConfig ¶ The applicationConfig specifies the configurations for the external-secrets operand. ¶ Field Type Description Default Validation logLevel integer logLevel 1 The maximum range value is 5 supports a range The minimum of values as range value is 1 ¶ defined in the Optional ¶ kubernetes The maximum length is 63 logging guidelines. The minimum operatingName string operatingName length is 1 space space restricts the external- Optional secrets operand webhookConfig object operations to the provided namespace. Enabling this field disables ClusterSecretSt ore and ClusterExternal Secret. ¶ webhookConfig configures webhook specifics of the external- secrets operand. ¶ Field Type Description Default Validation resources Optional ResourceRequireme resources nts defines the Optional resource requirements. You The maximum cannot change the number of items is value of this field 50 after setting it The minimum initially. For more number of items is information, see 0 https://kubernetes Optional /configuration/ma The maximum nage-resources- number of containers/ properties is 50 The minimum affinity Affinity affinity sets the number of tolerations scheduling affinity properties is 0 nodeSelector rules. For more Optional information, see https://kubernetes /scheduling- eviction/assign- pod-node/ ¶ Toleration array tolerations sets the pod tolerations. For more information, see https://kubernetes /scheduling- eviction/taint- and-toleration/ ¶ object (keys:string, nodeSelector values:string) defines the scheduling criteria by using node labels. For more information, see https://kubernetes /configuration/ass ign-pod-node/ ¶ Field Type Description Default Validation proxy Optional object (keys:string, proxy sets the values:string) proxy configurations available in operand containers managed by the Operator as environment variables. ¶ 11.9.14. bitwardenSecretManagerProvider ¶ The bitwardenSecretManagerProvider field enables the Bitwarden secrets manager provider and sets up the additional service required to connect to the Bitwarden server. ¶ Field Type Description Default Validation mode string mode field Disabled enum: [Enabled enables the Disabled] bitwardenSecret Optional ManagerProvide r provider state, which can be set to Enabled or Disabled. If set to Enabled, the Operator ensures the plugin is deployed and synchronized. If set to Disabled, the Bitwarden provider plugin reconciliation is disabled. The plugin and resources remain in their current state, and are not managed by the ¶ Field Type Description Default Validation secretRef SecretReference Optional SecretRef specifies the Kubernetes secret that contains the TLS key pair for the Bitwarden server. If this reference is not provided and the certManagerCo nfig field is configured, the issuer defined in certManagerCo nfig generates the required certificate. The secret must use tls.crt for certificate, tls.key for the private key, and ca.crt for CA certificate. ¶ 11.9.15. webhookConfig ¶ The webhookConfig field configures the specifics of the external-secrets application webhook. ¶ Field Type Description Default Validation Optional certificateCheck Duration certificateCheck 5m Interval Interval configures the polling interval to check certificate validity. ¶ 11.9.16. certManagerConfig ¶ The certManagerConfig field configures the cert-manager Operator settings. ¶ Field Type Description Default Validation ¶ Field Type Description Default Validation mode string enum: [true false] mode specifies false Required whether to use the cert-manager Operator for certificate management instead of the built-in cert- controller controller which can be indicated by setting either Enabled or Disabled. If set to Enabled, the Operator uses cert-manager for obtaining the certificates for the webhook server and other components. If set to Disabled, the Operator uses the cert-controller controller for obtaining the certificates for the webhook server. Disabled is the default behavior. ¶ Field Type Description Default Validation enum: [true false] injectAnnotatio string injectAnnotatio false Optional ns ns adds the cert- manager.io/inje Required ct-ca-from annotation to the webhooks and custom resource definitions (CRDs) to automatically configure the webhook with the cert-manager Operator certificate authority (CA). This requires the CA Injector to be enabled in the cert-manager Operator. Set this field to true or false. When set, this field cannot be changed. ¶ issuerRef ObjectReference issuerRef contains details of the referenced object used for obtaining certificates. The object must exist in the external- secrets namespace unless a cluster-scoped cert-manager Operator issuer is used. ¶ certificateDurati Duration certificateDurati 8760h Optional on on sets the validity period of the webhook certificate. ¶ Field Type Description Default Validation Duration Optional certificateRene certificateRene 30m wBefore wBefore sets the ahead time to renew the webhook certificate before expiry. ¶ 11.9.17. certProvidersConfig ¶ The certProvidersConfig defines the configuration for the certificate providers used to manage TLS certificates for webhook and plugins. ¶ Field Type Description Validation certManager object certManager defines Optional the configuration for cert-manager provider specifics. ¶ 11.9.18. objectReference ¶ The ObjectReference field refers to an object by its name, kind, and group. ¶ Field Type Description Validation name string Required kind string name specifies the Optional group string name of the resource Optional being referred to. ¶ kind specifies the kind of the resource being referred to. ¶ group specifies the group of the resource being referred to. ¶ 11.9.19. secretReference ¶ The secretReference field refers to a secret with the given name in the same namespace where it used. ¶ Field Type Description Validation ¶ Field Type Description Validation name string name specifies the Required name of the secret resource being referred to. ¶ 11.9.20. condition ¶ The condition field holds information about the condition of the external-secrets deployment. ¶ Field Type Description Validation type string Required status ConditionStatus type contains the message string condition of the deployment. ¶ status contains the status of the condition of the deployment ¶ message provides details on the state of the deployment ¶ 11.9.21. conditionalStatus ¶ The conditionalStatus field holds information about the current state of the external-secrets deployment. ¶ Field Type Description conditions array conditions contains information on the current state of the deployment. ¶ 11.9.22. mode ¶ The mode field indicates the operational state of the optional features. ¶ Field Description Enabled Enabled indicates the optional configuration is enabled. ¶ Field Description Disabled Disabled indicates the optional configuration is disabled. ¶ 11.9.23. pluginsConfig ¶ The pluginsConfig configures the optional plugins. ¶ Field Type Description Validation ¶ bitwardenSecretMan object bitwardenSecretMan Optional agerProvider agerProvider enables the bitwarden- secrets-manager provider plugin for connecting with the 'bitwarden-secrets- manager'. ¶ 11.9.24. proxyConfig ¶ The proxyConfig holds the proxy configurations which are made available in the operand containers and managed by the Operator as environment variables. ¶ Field Type Description Validation httpProxy string The httpProxy field The maximum length is contains the URL of the 2048 characters. proxy for HTTP requests. This field can The minimum length is 0 have a maximum of characters. 2048 characters. Optional ¶ httpsProxy string The httpsProxy field The maximum length is contains the URL of the 2048 characters. proxy for HTTPS requests. This field can The minimum length is 0 have a maximum of characters. 2048 characters. Optional ¶ Field Type Description Validation noProxy string The noProxy field is a The maximum length is comma-separated list of 4096 characters. hostnames, classless inter-domain routings The minimum length is 0 (CIDRs), and IP characters. addresses or a combination of the three Optional for which the proxy should not be used. This field can have a maximum of 4096 characters. ¶ 11.9.25. componentConfig ¶ The componentConfig field defines configuration overrides for a specific external-secrets component. ¶ Field Type Description Validation componentName string componentName Enum: identifies which [ExternalSecretsCor external-secrets eController, component this Webhook, configuration applies to. CertController, Valid values are BitwardenSDKServer ExternalSecretsCore ] Controller, Webhook, CertController, and Required BitwardenSDKServer . ¶ deploymentConfigs object deploymentConfigs Optional specifies overrides for the Kubernetes Deployment resource of this component. ¶ Field Type Description Validation overrideEnv EnvVar array overrideEnv specifies The maximum number custom environment of items is 50. variables for this component's container. Optional These are merged with Operator-managed environment variables, with user-defined values taking precedence. Environment variable names starting with HOSTNAME, KUBERNETES_ or EXTERNAL_SECRET S_ are reserved and are not allowed. ¶ 11.9.26. deploymentConfig ¶ The deploymentConfig field defines configuration overrides for a Kubernetes Deployment resource. ¶ Field Type Description Default Validation ¶ revisionHistory integer revisionHistory 10 The minimum Limit Limit specifies the value is 1. number of old ReplicaSets to The maximum retain for rollback value is 50. purposes. This allows rolling back Optional to previous deployment versions using the command oc rollout undo. Must be at least 1 to ensure rollback capability.","",""
"VIEWING AUDIT LOGS","12.1","ABOUT THE API AUDIT LOG","Audit works at the API server level, logging all requests coming to the server. Each audit log contains the following information: ¶ Field Description ¶ level The audit level at which the event was generated. ¶ auditID A unique audit ID, generated for each request. ¶ stage The stage of the request handling when this event instance was generated. ¶ requestURI The request URI as sent by the client to a server. ¶ verb The Kubernetes verb associated with the request. For non-resource requests, this is the lowercase HTTP method. ¶ user The authenticated user information. ¶ impersonatedUser Optional. The impersonated user information, if the request is impersonating another user. ¶ sourceIPs Optional. The source IPs, from where the request originated and any intermediate proxies. ¶ userAgent Optional. The user agent string reported by the client. Note that the user agent is provided by the client, and must not be trusted. ¶ objectRef Optional. The object reference this request is targeted at. This does not apply for List-type requests, or non-resource requests. ¶ responseStatus Optional. The response status, populated even when the ResponseObject is not a Status type. For successful responses, this will only include the code. For non-status type error responses, this will be auto-populated with the error message. ¶ Field Description requestObject Optional. The API object from the request, in JSON format. The RequestObject is recorded as is in the request (possibly re-encoded as JSON), prior to version conversion, defaulting, admission or merging. It is an external versioned object type, and might not be a valid object on its own. This is omitted for non-resource requests and is only logged at request level and higher. ¶ responseObject Optional. The API object returned in the response, in JSON format. The ResponseObject is recorded after conversion to the external type, and serialized as JSON. This is omitted for non-resource requests and is only logged at response level. ¶ requestReceivedTimestamp The time that the request reached the API server. ¶ stageTimestamp The time that the request reached the current audit stage. ¶ annotations Optional. An unstructured key value map stored with an audit event that may be set by plugins invoked in the request serving chain, including authentication, authorization and admission plugins. Note that these annotations are for the audit event, and do not correspond to the metadata.annotations of the submitted object. Keys should uniquely identify the informing component to avoid name collisions, for example podsecuritypolicy.admission.k8s.io/policy. Values should be short. Annotations are included in the metadata level. ¶ Example output for the Kubernetes API server: ¶ {""kind"":""Event"",""apiVersion"":""audit.k8s.io/v1"",""level"":""Metadata"",""auditID"":""ad209ce1-fec7-4130-8192- c4cc63f1d8cd"",""stage"":""ResponseComplete"",""requestURI"":""/api/v1/namespaces/openshift-kube- controller-manager/configmaps/cert-recovery-controller-lock?timeout=35s"",""verb"":""update"",""user"": {""username"":""system:serviceaccount:openshift-kube-controller-manager:localhost-recovery- client"",""uid"":""dd4997e3-d565-4e37-80f8-7fc122ccd785"",""groups"": [""system:serviceaccounts"",""system:serviceaccounts:openshift-kube-controller- manager"",""system:authenticated""]},""sourceIPs"":[""::1""],""userAgent"":""cluster-kube-controller-manager- operator/v0.0.0 (linux/amd64) kubernetes/$Format"",""objectRef"": {""resource"":""configmaps"",""namespace"":""openshift-kube-controller-manager"",""name"":""cert-recovery- controller-lock"",""uid"":""5c57190b-6993-425d-8101- 8337e48c7548"",""apiVersion"":""v1"",""resourceVersion"":""574307""},""responseStatus"":{""metadata"": {},""code"":200},""requestReceivedTimestamp"":""2020-04- 02T08:27:20.200962Z"",""stageTimestamp"":""2020-04-02T08:27:20.206710Z"",""annotations"": {""authorization.k8s.io/decision"":""allow"",""authorization.k8s.io/reason"":""RBAC: allowed by ClusterRoleBinding \""system:openshift:operator:kube-controller-manager-recovery\"" of ClusterRole \""cluster-admin\"" to ServiceAccount \""localhost-recovery-client/openshift-kube-controller-manager\""""}}","",""
"VIEWING AUDIT LOGS","12.2","VIEWING THE AUDIT LOGS","You can view the logs for the OpenShift API server, Kubernetes API server, OpenShift OAuth API server, ¶ You can view the logs for the OpenShift API server, Kubernetes API server, OpenShift OAuth API server, and OpenShift OAuth server for each control plane node. ¶ To view the audit logs: ¶ View the OpenShift API server audit logs: ¶ a. List the OpenShift API server audit logs that are available for each control plane node: ¶ $ oc adm node-logs --role=master --path=openshift-apiserver/ ¶ ci-ln-m0wpfjb-f76d1-vnb5x-master-0 audit-2021-03-09T00-12-19.834.log ci-ln-m0wpfjb-f76d1-vnb5x-master-0 audit.log ci-ln-m0wpfjb-f76d1-vnb5x-master-1 audit-2021-03-09T00-11-49.835.log ci-ln-m0wpfjb-f76d1-vnb5x-master-1 audit.log ci-ln-m0wpfjb-f76d1-vnb5x-master-2 audit-2021-03-09T00-13-00.128.log ci-ln-m0wpfjb-f76d1-vnb5x-master-2 audit.log ¶ b. View a specific OpenShift API server audit log by providing the node name and the log name: ¶ $ oc adm node-logs <node_name> --path=openshift-apiserver/<log_name> ¶ For example: ¶ $ oc adm node-logs ci-ln-m0wpfjb-f76d1-vnb5x-master-0 --path=openshift- apiserver/audit-2021-03-09T00-12-19.834.log ¶ {""kind"":""Event"",""apiVersion"":""audit.k8s.io/v1"",""level"":""Metadata"",""auditID"":""381acf6d-5f30- 4c7d-8175- c9c317ae5893"",""stage"":""ResponseComplete"",""requestURI"":""/metrics"",""verb"":""get"",""user"": {""username"":""system:serviceaccount:openshift-monitoring:prometheus- k8s"",""uid"":""825b60a0-3976-4861-a342-3b2b561e8f82"",""groups"": [""system:serviceaccounts"",""system:serviceaccounts:openshift- monitoring"",""system:authenticated""]},""sourceIPs"": [""10.129.2.6""],""userAgent"":""Prometheus/2.23.0"",""responseStatus"":{""metadata"": {},""code"":200},""requestReceivedTimestamp"":""2021-03- 08T18:02:04.086545Z"",""stageTimestamp"":""2021-03- 08T18:02:04.107102Z"",""annotations"": {""authorization.k8s.io/decision"":""allow"",""authorization.k8s.io/reason"":""RBAC: allowed by ClusterRoleBinding \""prometheus-k8s\"" of ClusterRole \""prometheus-k8s\"" to ServiceAccount \""prometheus-k8s/openshift-monitoring\""""}} ¶ View the Kubernetes API server audit logs: ¶ a. List the Kubernetes API server audit logs that are available for each control plane node: ¶ $ oc adm node-logs --role=master --path=kube-apiserver/ ¶ ci-ln-m0wpfjb-f76d1-vnb5x-master-0 audit-2021-03-09T14-07-27.129.log ci-ln-m0wpfjb-f76d1-vnb5x-master-0 audit.log ci-ln-m0wpfjb-f76d1-vnb5x-master-1 audit-2021-03-09T19-24-22.620.log ci-ln-m0wpfjb-f76d1-vnb5x-master-1 audit.log ci-ln-m0wpfjb-f76d1-vnb5x-master-2 audit-2021-03-09T18-37-07.511.log ci-ln-m0wpfjb-f76d1-vnb5x-master-2 audit.log ¶ b. View a specific Kubernetes API server audit log by providing the node name and the log name: ¶ $ oc adm node-logs <node_name> --path=kube-apiserver/<log_name> ¶ For example: ¶ $ oc adm node-logs ci-ln-m0wpfjb-f76d1-vnb5x-master-0 --path=kube-apiserver/audit- 2021-03-09T14-07-27.129.log ¶ {""kind"":""Event"",""apiVersion"":""audit.k8s.io/v1"",""level"":""Metadata"",""auditID"":""cfce8a0b-b5f5- 4365-8c9f- 79c1227d10f9"",""stage"":""ResponseComplete"",""requestURI"":""/api/v1/namespaces/openshift- kube-scheduler/serviceaccounts/openshift-kube-scheduler-sa"",""verb"":""get"",""user"": {""username"":""system:serviceaccount:openshift-kube-scheduler-operator:openshift-kube- scheduler-operator"",""uid"":""2574b041-f3c8-44e6-a057-baef7aa81516"",""groups"": [""system:serviceaccounts"",""system:serviceaccounts:openshift-kube-scheduler- operator"",""system:authenticated""]},""sourceIPs"":[""10.128.0.8""],""userAgent"":""cluster-kube- scheduler-operator/v0.0.0 (linux/amd64) kubernetes/$Format"",""objectRef"": {""resource"":""serviceaccounts"",""namespace"":""openshift-kube- scheduler"",""name"":""openshift-kube-scheduler-sa"",""apiVersion"":""v1""},""responseStatus"": {""metadata"":{},""code"":200},""requestReceivedTimestamp"":""2021-03- 08T18:06:42.512619Z"",""stageTimestamp"":""2021-03- 08T18:06:42.516145Z"",""annotations"":{""authentication.k8s.io/legacy- token"":""system:serviceaccount:openshift-kube-scheduler-operator:openshift-kube- scheduler- operator"",""authorization.k8s.io/decision"":""allow"",""authorization.k8s.io/reason"":""RBAC: allowed by ClusterRoleBinding \""system:openshift:operator:cluster-kube-scheduler- operator\"" of ClusterRole \""cluster-admin\"" to ServiceAccount \""openshift-kube-scheduler- operator/openshift-kube-scheduler-operator\""""}} ¶ View the OpenShift OAuth API server audit logs: ¶ a. List the OpenShift OAuth API server audit logs that are available for each control plane node: ¶ $ oc adm node-logs --role=master --path=oauth-apiserver/ ¶ ci-ln-m0wpfjb-f76d1-vnb5x-master-0 audit-2021-03-09T13-06-26.128.log ci-ln-m0wpfjb-f76d1-vnb5x-master-0 audit.log ci-ln-m0wpfjb-f76d1-vnb5x-master-1 audit-2021-03-09T18-23-21.619.log ¶ ci-ln-m0wpfjb-f76d1-vnb5x-master-1 audit.log ci-ln-m0wpfjb-f76d1-vnb5x-master-2 audit-2021-03-09T17-36-06.510.log ci-ln-m0wpfjb-f76d1-vnb5x-master-2 audit.log ¶ b. View a specific OpenShift OAuth API server audit log by providing the node name and the log name: ¶ $ oc adm node-logs <node_name> --path=oauth-apiserver/<log_name> ¶ For example: ¶ $ oc adm node-logs ci-ln-m0wpfjb-f76d1-vnb5x-master-0 --path=oauth-apiserver/audit- 2021-03-09T13-06-26.128.log ¶ {""kind"":""Event"",""apiVersion"":""audit.k8s.io/v1"",""level"":""Metadata"",""auditID"":""dd4c44e2- 3ea1-4830-9ab7- c91a5f1388d6"",""stage"":""ResponseComplete"",""requestURI"":""/apis/user.openshift.io/v1/users /~"",""verb"":""get"",""user"":{""username"":""system:serviceaccount:openshift- monitoring:prometheus-k8s"",""groups"": [""system:serviceaccounts"",""system:serviceaccounts:openshift- monitoring"",""system:authenticated""]},""sourceIPs"": [""10.0.32.4"",""10.128.0.1""],""userAgent"":""dockerregistry/v0.0.0 (linux/amd64) kubernetes/$Format"",""objectRef"": {""resource"":""users"",""name"":""~"",""apiGroup"":""user.openshift.io"",""apiVersion"":""v1""},""response Status"":{""metadata"":{},""code"":200},""requestReceivedTimestamp"":""2021-03- 08T17:47:43.653187Z"",""stageTimestamp"":""2021-03- 08T17:47:43.660187Z"",""annotations"": {""authorization.k8s.io/decision"":""allow"",""authorization.k8s.io/reason"":""RBAC: allowed by ClusterRoleBinding \""basic-users\"" of ClusterRole \""basic-user\"" to Group \""system:authenticated\""""}} ¶ View the OpenShift OAuth server audit logs: ¶ a. List the OpenShift OAuth server audit logs that are available for each control plane node: ¶ $ oc adm node-logs --role=master --path=oauth-server/ ¶ ci-ln-m0wpfjb-f76d1-vnb5x-master-0 audit-2022-05-11T18-57-32.395.log ci-ln-m0wpfjb-f76d1-vnb5x-master-0 audit.log ci-ln-m0wpfjb-f76d1-vnb5x-master-1 audit-2022-05-11T19-07-07.021.log ci-ln-m0wpfjb-f76d1-vnb5x-master-1 audit.log ci-ln-m0wpfjb-f76d1-vnb5x-master-2 audit-2022-05-11T19-06-51.844.log ci-ln-m0wpfjb-f76d1-vnb5x-master-2 audit.log ¶ b. View a specific OpenShift OAuth server audit log by providing the node name and the log name: ¶ $ oc adm node-logs <node_name> --path=oauth-server/<log_name> ¶ For example: ¶ $ oc adm node-logs ci-ln-m0wpfjb-f76d1-vnb5x-master-0 --path=oauth-server/audit- 2022-05-11T18-57-32.395.log ¶ {""kind"":""Event"",""apiVersion"":""audit.k8s.io/v1"",""level"":""Metadata"",""auditID"":""13c20345- f33b-4b7d-b3b6- e7793f805621"",""stage"":""ResponseComplete"",""requestURI"":""/login"",""verb"":""post"",""user"": {""username"":""system:anonymous"",""groups"":[""system:unauthenticated""]},""sourceIPs"": [""10.128.2.6""],""userAgent"":""Mozilla/5.0 (X11; Linux x86_64; rv:91.0) Gecko/20100101 Firefox/91.0"",""responseStatus"":{""metadata"": {},""code"":302},""requestReceivedTimestamp"":""2022-05- 11T17:31:16.280155Z"",""stageTimestamp"":""2022-05- 11T17:31:16.297083Z"",""annotations"": {""authentication.openshift.io/decision"":""error"",""authentication.openshift.io/username"":""kubea dmin"",""authorization.k8s.io/decision"":""allow"",""authorization.k8s.io/reason"":""""}} ¶ The possible values for the authentication.openshift.io/decision annotation are allow, deny, or error.","",""
"VIEWING AUDIT LOGS","12.3","FILTERING AUDIT LOGS","You can use jq or another JSON parsing tool to filter the API server audit logs. ¶ The amount of information logged to the API server audit logs is controlled by the audit log policy that is set. ¶ The following procedure provides examples of using jq to filter audit logs on control plane node node- 1.example.com. See the jq Manual for detailed information on using jq. ¶ You have installed jq. ¶ Filter OpenShift API server audit logs by user: ¶ $ oc adm node-logs node-1.example.com \ -path=openshift-apiserver/audit.log \ | jq 'select(.user.username == ""myusername"")' ¶ Filter OpenShift API server audit logs by user agent: ¶ $ oc adm node-logs node-1.example.com \ -path=openshift-apiserver/audit.log \ ¶ | jq 'select(.userAgent == ""cluster-version-operator/v0.0.0 (linux/amd64) kubernetes/$Format"")' ¶ Filter Kubernetes API server audit logs by a certain API version and only output the user agent: ¶ $ oc adm node-logs node-1.example.com \ -path=kube-apiserver/audit.log \ | jq 'select(.requestURI | startswith(""/apis/apiextensions.k8s.io/v1beta1"")) | .userAgent' ¶ Filter OpenShift OAuth API server audit logs by excluding a verb: ¶ $ oc adm node-logs node-1.example.com \ -path=oauth-apiserver/audit.log \ | jq 'select(.verb != ""get"")' ¶ Filter OpenShift OAuth server audit logs by events that identified a username and failed with an error: ¶ $ oc adm node-logs node-1.example.com \ -path=oauth-server/audit.log \ | jq 'select(.annotations[""authentication.openshift.io/username""] != null and ¶ .annotations[""authentication.openshift.io/decision""] == ""error"")'","",""
"VIEWING AUDIT LOGS","12.4","GATHERING AUDIT LOGS","You can use the must-gather tool to collect the audit logs for debugging your cluster, which you can review or send to Red Hat Support. ¶ 1. Run the oc adm must-gather command with -- /usr/bin/gather_audit_logs: ¶ $ oc adm must-gather -- /usr/bin/gather_audit_logs ¶ 2. Create a compressed file from the must-gather directory that was just created in your working directory. For example, on a computer that uses a Linux operating system, run the following ¶ $ tar cvaf must-gather.tar.gz must-gather.local.472290403699006248 1 ¶ 1 1 1 Replace must-gather-local.472290403699006248 with the actual directory name. ¶ 3. Attach the compressed file to your support case on the the Customer Support page of the Red Hat Customer Portal.","",""
"VIEWING AUDIT LOGS","12.5","ADDITIONAL RESOURCES","Must-gather tool API audit log event structure ¶ Configuring the audit log policy ¶ You can control the amount of information that is logged to the API server audit logs by choosing the audit log policy profile to use.","",""
"VIEWING AUDIT LOGS","13.1","ABOUT AUDIT LOG POLICY PROFILES","To monitor activity and maintain compliance, you can apply audit log profiles that define the level of detail recorded for API server requests. While more comprehensive profiles provide request bodies for troubleshooting, they also increase resource overhead on the host system. ¶ Audit log profiles define how to log requests that come to the OpenShift API server, Kubernetes API server, OpenShift OAuth API server, and OpenShift OAuth server. ¶ OpenShift Container Platform provides the following predefined audit policy profiles: ¶ Profile Description Default WriteRequestBodies Logs only metadata for read and write requests; does not log request bodies except for OAuth access token requests. This is the default AllRequestBodies policy. None In addition to logging metadata for all requests, logs request bodies for every write request to the API servers (create, update, patch, delete, deletecollection). This profile has more resource overhead than the Default profile. [1] ¶ In addition to logging metadata for all requests, logs request bodies for every read and write request to the API servers (get, list, create, update, patch). This profile has the most resource overhead.[1] ¶ No requests are logged, including OAuth access token requests and OAuth authorize token requests. Custom rules are ignored when this profile is set. ¶ Do not disable audit logging by using the None profile unless you are fully aware of the risks of not logging data that can be beneficial when troubleshooting issues. If you disable audit logging and a support situation arises, you might need to enable audit logging and reproduce the issue to troubleshoot properly. ¶ 1. Sensitive resources, such as Secret, Route, and OAuthClient objects, are only logged at the metadata level. OpenShift OAuth server events are only logged at the metadata level. ¶ By default, OpenShift Container Platform uses the Default audit log profile. You can use another audit policy profile that also logs request bodies, but be aware of the increased resource usage such as CPU, memory, and I/O.","",""
"VIEWING AUDIT LOGS","13.2","CONFIGURING THE AUDIT LOG POLICY","You can configure the audit log policy to use when logging requests that come to the API servers. ¶ 1. Edit the APIServer resource: ¶ $ oc edit apiserver cluster ¶ 2. Update the spec.audit.profile field: ¶ audit: profile: WriteRequestBodies 1 ¶ 1 Set to Default, WriteRequestBodies, AllRequestBodies, or None. The default profile is Default. ¶ It is not recommended to disable audit logging by using the None profile unless you are fully aware of the risks of not logging data that can be beneficial when troubleshooting issues. If you disable audit logging and a support situation arises, you might need to enable audit logging and reproduce the issue in order to troubleshoot properly. ¶ 3. Save the file to apply the changes. ¶ Verify that a new revision of the Kubernetes API server pods is rolled out. It can take several minutes for all nodes to update to the new revision. ¶ $ oc get kubeapiserver -o=jsonpath='{range .items[0].status.conditions[? (@.type==""NodeInstallerProgressing"")]}{.reason}{""\n""}{.message}{""\n""}' ¶ Review the NodeInstallerProgressing status condition for the Kubernetes API server to verify that all nodes are at the latest revision. The output shows AllNodesAtLatestRevision upon successful update: ¶ AllNodesAtLatestRevision 3 nodes are at revision 12 1 ¶ 1 In this example, the latest revision number is 12. ¶ If the output shows a message similar to one of the following messages, the update is still in progress. Wait a few minutes and try again. ¶ 3 nodes are at revision 11; 0 nodes have achieved new revision 12 ¶ 2 nodes are at revision 11; 1 nodes are at revision 12","",""
"VIEWING AUDIT LOGS","13.3","CONFIGURING THE AUDIT LOG POLICY WITH CUSTOM RULES","You can configure an audit log policy that defines custom rules. You can specify multiple groups and define which profile to use for that group. ¶ These custom rules take precedence over the top-level profile field. The custom rules are evaluated from top to bottom, and the first that matches is applied. ¶ If you set the top-level profile field to None, an API server, such as the Kubernetes API server, ignores custom rules and disables audit logging. ¶ 1. Edit the APIServer resource: $ oc edit apiserver cluster ¶ 2. Add the spec.audit.customRules field: ¶ audit: ¶ customRules: 1 ¶ group: system:authenticated:oauth ¶ profile: WriteRequestBodies ¶ group: system:authenticated ¶ profile: AllRequestBodies ¶ profile: Default 2 ¶ 1 Add one or more groups and specify the profile to use for that group. These custom rules take precedence over the top-level profile field. The custom rules are evaluated from top to bottom, and the first that matches is applied. ¶ 2 Set to Default, WriteRequestBodies, or AllRequestBodies. If you do not set this top- level profile field, it defaults to the Default profile. ¶ 3. Save the file to apply the changes. ¶ Verify that a new revision of the Kubernetes API server pods is rolled out. It can take several minutes for all nodes to update to the new revision. ¶ $ oc get kubeapiserver -o=jsonpath='{range .items[0].status.conditions[? (@.type==""NodeInstallerProgressing"")]}{.reason}{""\n""}{.message}{""\n""}' ¶ Review the NodeInstallerProgressing status condition for the Kubernetes API server to verify that all nodes are at the latest revision. The output shows AllNodesAtLatestRevision upon successful update: ¶ AllNodesAtLatestRevision 3 nodes are at revision 12 1 ¶ 1 In this example, the latest revision number is 12. ¶ If the output shows a message similar to one of the following messages, the update is still in progress. Wait a few minutes and try again. ¶ 3 nodes are at revision 11; 0 nodes have achieved new revision 12 ¶ 2 nodes are at revision 11; 1 nodes are at revision 12","",""
"VIEWING AUDIT LOGS","13.4","DISABLING AUDIT LOGGING","You can disable audit logging for OpenShift Container Platform. When you disable audit logging, even OAuth access token requests and OAuth authorize token requests are not logged.","",""
"General","13","CONFIGURING THE AUDIT LOG POLICY","It is not recommended to disable audit logging by using the None profile unless you are fully aware of the risks of not logging data that can be beneficial when troubleshooting issues. If you disable audit logging and a support situation arises, you might need to enable audit logging and reproduce the issue in order to troubleshoot properly. ¶ 1. Edit the APIServer resource: ¶ $ oc edit apiserver cluster ¶ 2. Set the spec.audit.profile field to None: ¶ audit: profile: None ¶ You can also disable audit logging only for specific groups by specifying custom rules in the spec.audit.customRules field. ¶ 3. Save the file to apply the changes. ¶ Verify that a new revision of the Kubernetes API server pods is rolled out. It can take several minutes for all nodes to update to the new revision. ¶ $ oc get kubeapiserver -o=jsonpath='{range .items[0].status.conditions[? (@.type==""NodeInstallerProgressing"")]}{.reason}{""\n""}{.message}{""\n""}' ¶ Review the NodeInstallerProgressing status condition for the Kubernetes API server to verify that all nodes are at the latest revision. The output shows AllNodesAtLatestRevision upon successful update: ¶ AllNodesAtLatestRevision 3 nodes are at revision 12 1 ¶ 1 In this example, the latest revision number is 12. If the output shows a message similar to one of the following messages, the update is still in progress. Wait a few minutes and try again. ¶ 3 nodes are at revision 11; 0 nodes have achieved new revision 12 2 nodes are at revision 11; 1 nodes are at revision 12","",""
"CONFIGURING TLS SECURITY PROFILES","14.1","UNDERSTANDING TLS SECURITY PROFILES","You can use a TLS (Transport Layer Security) security profile, as described in this section, to define which TLS ciphers are required by various OpenShift Container Platform components. ¶ The OpenShift Container Platform TLS security profiles are based on Mozilla recommended configurations. ¶ You can specify one of the following TLS security profiles for each component: ¶ Profile Description ¶ Old This profile is intended for use with legacy clients or libraries. The profile ¶ is based on the Old backward compatibility recommended configuration. ¶ The Old profile requires a minimum TLS version of 1.0. ¶ For the Ingress Controller, the minimum TLS version is converted from 1.0 to 1.1. ¶ Intermediate This profile is the default TLS security profile for the Ingress Controller, kubelet, and control plane. The profile is based on the Intermediate compatibility recommended configuration. ¶ The Intermediate profile requires a minimum TLS version of 1.2. ¶ This profile is the recommended configuration for the majority of clients. ¶ Profile Description Modern This profile is intended for use with modern clients that have no need for Custom backwards compatibility. This profile is based on the Modern compatibility recommended configuration. The Modern profile requires a minimum TLS version of 1.3. ¶ This profile allows you to define the TLS version and ciphers to use. ¶ Use caution when using a Custom profile, because invalid configurations can cause problems. ¶ When using one of the predefined profile types, the effective profile configuration is subject to change between releases. For example, given a specification to use the Intermediate profile deployed on release X.Y.Z, an upgrade to release X.Y.Z+1 might cause a new profile configuration to be applied, resulting in a rollout.","",""
"CONFIGURING TLS SECURITY PROFILES","14.2","VIEWING TLS SECURITY PROFILE DETAILS","You can view the minimum TLS version and ciphers for the predefined TLS security profiles for each of the following components: Ingress Controller, control plane, and kubelet. ¶ The effective configuration of minimum TLS version and list of ciphers for a profile might differ between components. ¶ View details for a specific TLS security profile: ¶ $ oc explain <component>.spec.tlsSecurityProfile.<profile> 1 ¶ 1 For <component>, specify ingresscontroller, apiserver, or kubeletconfig. For <profile>, specify old, intermediate, or custom. ¶ For example, to check the ciphers included for the intermediate profile for the control plane: ¶ $ oc explain apiserver.spec.tlsSecurityProfile.intermediate ¶ KIND: APIServer VERSION: config.openshift.io/v1 ¶ DESCRIPTION: intermediate is a TLS security profile based on: ¶ https://wiki.mozilla.org/Security/Server_Side_TLS#Intermediate_compatibility_.28recommended .29 ¶ and looks like this (yaml): ciphers: - TLS_AES_128_GCM_SHA256 - TLS_AES_256_GCM_SHA384 - TLS_CHACHA20_POLY1305_SHA256 - ECDHE-ECDSA-AES128-GCM-SHA256 - ECDHE-RSA-AES128-GCM-SHA256 - ECDHE-ECDSA-AES256-GCM-SHA384 - ECDHE-RSA-AES256-GCM-SHA384 - ECDHE-ECDSA-CHACHA20-POLY1305 - ECDHE-RSA-CHACHA20-POLY1305 - DHE-RSA-AES128-GCM-SHA256 - DHE-RSA-AES256-GCM-SHA384 minTLSVersion: TLSv1.2 ¶ View all details for the tlsSecurityProfile field of a component: ¶ $ oc explain <component>.spec.tlsSecurityProfile 1 ¶ 1 For <component>, specify ingresscontroller, apiserver, or kubeletconfig. ¶ For example, to check all details for the tlsSecurityProfile field for the Ingress Controller: ¶ $ oc explain ingresscontroller.spec.tlsSecurityProfile ¶ KIND: IngressController VERSION: operator.openshift.io/v1 ¶ RESOURCE: tlsSecurityProfile <Object> ¶ DESCRIPTION: ¶ FIELDS: custom <> custom is a user-defined TLS security profile. Be extremely careful using a custom profile as invalid configurations can be catastrophic. An example custom profile looks like this: ciphers: - ECDHE-ECDSA-CHACHA20-POLY1305 - ECDHE-RSA-CHACHA20- ¶ POLY1305 - ECDHE-RSA-AES128-GCM-SHA256 - ECDHE-ECDSA-AES128-GCM-SHA256 ¶ minTLSVersion: TLSv1.1 ¶ intermediate <> intermediate is a TLS security profile based on: ¶ https://wiki.mozilla.org/Security/Server_Side_TLS#Intermediate_compatibility_.28recommended ¶ .29 and looks like this (yaml): ... 1 ¶ modern <> modern is a TLS security profile based on: https://wiki.mozilla.org/Security/Server_Side_TLS#Modern_compatibility and looks like this (yaml): ... 2 NOTE: Currently unsupported. ¶ old <> old is a TLS security profile based on: https://wiki.mozilla.org/Security/Server_Side_TLS#Old_backward_compatibility and looks like this (yaml): ... 3 ¶ type <string> ¶ 1 Lists ciphers and minimum version for the intermediate profile here. ¶ 2 Lists ciphers and minimum version for the modern profile here. ¶ 3 Lists ciphers and minimum version for the old profile here. ¶ 14.3. CONFIGURING THE TLS SECURITY PROFILE FOR THE INGRESS CONTROLLER ¶ To configure a TLS security profile for an Ingress Controller, edit the IngressController custom resource (CR) to specify a predefined or custom TLS security profile. If a TLS security profile is not configured, the default value is based on the TLS security profile set for the API server. ¶ Sample IngressController CR that configures the Old TLS security profile ¶ apiVersion: operator.openshift.io/v1 kind: IngressController ¶ tlsSecurityProfile: old: {} type: Old ¶ The TLS security profile defines the minimum TLS version and the TLS ciphers for TLS connections for Ingress Controllers. ¶ You can see the ciphers and the minimum TLS version of the configured TLS security profile in the IngressController custom resource (CR) under Status.Tls Profile and the configured TLS security profile under Spec.Tls Security Profile. For the Custom TLS security profile, the specific ciphers and minimum TLS version are listed under both parameters. ¶ The HAProxy Ingress Controller image supports TLS 1.3 and the Modern profile. ¶ The Ingress Operator also converts the TLS 1.0 of an Old or Custom profile to 1.1. ¶ 1. Edit the IngressController CR in the openshift-ingress-operator project to configure the TLS security profile: ¶ $ oc edit IngressController default -n openshift-ingress-operator ¶ 2. Add the spec.tlsSecurityProfile field: ¶ Sample IngressController CR for a Custom profile ¶ apiVersion: operator.openshift.io/v1 kind: IngressController ¶ tlsSecurityProfile: type: Custom 1 custom: 2 ciphers: 3 ECDHE-ECDSA-CHACHA20-POLY1305 ECDHE-RSA-CHACHA20-POLY1305 ECDHE-RSA-AES128-GCM-SHA256 ECDHE-ECDSA-AES128-GCM-SHA256 minTLSVersion: VersionTLS11 ¶ 1 Specify the TLS security profile type (Old, Intermediate, or Custom). The default is Intermediate. ¶ 2 Specify the appropriate field for the selected type: old: {} ¶ intermediate: {} ¶ modern: {} ¶ custom: ¶ 3 For the custom type, specify a list of TLS ciphers and minimum accepted TLS version. ¶ 3. Save the file to apply the changes. ¶ Verify that the profile is set in the IngressController CR: $ oc describe IngressController default -n openshift-ingress-operator ¶ Name: default ¶ Namespace: openshift-ingress-operator ¶ Labels: <none> ¶ Annotations: <none> ¶ API Version: operator.openshift.io/v1 ¶ Kind: IngressController ¶ Tls Security Profile: ¶ Custom: ¶ Ciphers: ¶ ECDHE-ECDSA-CHACHA20-POLY1305 ¶ ECDHE-RSA-CHACHA20-POLY1305 ¶ ECDHE-RSA-AES128-GCM-SHA256 ¶ ECDHE-ECDSA-AES128-GCM-SHA256 ¶ Min TLS Version: VersionTLS11 ¶ Type: Custom ¶ 14.4. CONFIGURING THE TLS SECURITY PROFILE FOR THE CONTROL PLANE ¶ To configure a TLS security profile for the control plane, edit the APIServer custom resource (CR) to specify a predefined or custom TLS security profile. Setting the TLS security profile in the APIServer CR propagates the setting to the following control plane components: ¶ Kubernetes API server Kubernetes controller manager Kubernetes scheduler OpenShift API server OpenShift OAuth API server OpenShift OAuth server etcd Machine Config Operator Machine Config Server If a TLS security profile is not configured, the default TLS security profile is Intermediate. ¶ The default TLS security profile for the Ingress Controller is based on the TLS security profile set for the API server. ¶ Sample APIServer CR that configures the Old TLS security profile ¶ tlsSecurityProfile: old: {} type: Old ¶ The TLS security profile defines the minimum TLS version and the TLS ciphers required to communicate with the control plane components. ¶ You can see the configured TLS security profile in the APIServer custom resource (CR) under Spec.Tls Security Profile. For the Custom TLS security profile, the specific ciphers and minimum TLS version are listed. ¶ 1. Edit the default APIServer CR to configure the TLS security profile: ¶ $ oc edit APIServer cluster ¶ 2. Add the spec.tlsSecurityProfile field: ¶ Sample APIServer CR for a Custom profile ¶ tlsSecurityProfile: type: Custom 1 custom: 2 ciphers: 3 ECDHE-ECDSA-CHACHA20-POLY1305 ECDHE-RSA-CHACHA20-POLY1305 ECDHE-RSA-AES128-GCM-SHA256 ECDHE-ECDSA-AES128-GCM-SHA256 minTLSVersion: VersionTLS11 ¶ Specify the TLS security profile type (Old, Intermediate, or Custom). The default is ¶ 1 Specify the TLS security profile type (Old, Intermediate, or Custom). The default is Intermediate. ¶ 2 Specify the appropriate field for the selected type: old: {} intermediate: {} modern: {} custom: ¶ 3 For the custom type, specify a list of TLS ciphers and minimum accepted TLS version. ¶ 3. Save the file to apply the changes. ¶ Verify that the TLS security profile is set in the APIServer CR: $ oc describe apiserver cluster ¶ Name: cluster ¶ Namespace: ¶ API Version: config.openshift.io/v1 ¶ Kind: APIServer ¶ Audit: ¶ Profile: Default ¶ Tls Security Profile: ¶ Custom: ¶ Ciphers: ¶ ECDHE-ECDSA-CHACHA20-POLY1305 ¶ ECDHE-RSA-CHACHA20-POLY1305 ¶ ECDHE-RSA-AES128-GCM-SHA256 ¶ ECDHE-ECDSA-AES128-GCM-SHA256 ¶ Min TLS Version: VersionTLS11 ¶ Type: Custom ¶ Verify that the TLS security profile is set in the etcd CR: $ oc describe etcd cluster ¶ Name: cluster Namespace: ¶ API Version: operator.openshift.io/v1 ¶ Kind: Etcd ¶ Log Level: Normal ¶ Management State: Managed ¶ Observed Config: ¶ Serving Info: ¶ Cipher Suites: ¶ TLS_ECDHE_ECDSA_WITH_AES_128_GCM_SHA256 ¶ TLS_ECDHE_RSA_WITH_AES_128_GCM_SHA256 ¶ TLS_ECDHE_ECDSA_WITH_AES_256_GCM_SHA384 ¶ TLS_ECDHE_RSA_WITH_AES_256_GCM_SHA384 ¶ TLS_ECDHE_ECDSA_WITH_CHACHA20_POLY1305_SHA256 ¶ TLS_ECDHE_RSA_WITH_CHACHA20_POLY1305_SHA256 ¶ Min TLS Version: VersionTLS12 ¶ Verify that the TLS security profile is set in the Machine Config Server pod: $ oc logs machine-config-server-5msdv -n openshift-machine-config-operator ¶ I0905 13:48:36.968688 1 start.go:51] Launching server with tls min version: VersionTLS12 & cipher suites [TLS_ECDHE_ECDSA_WITH_AES_128_GCM_SHA256 TLS_ECDHE_RSA_WITH_AES_128_GCM_SHA256 TLS_ECDHE_ECDSA_WITH_AES_256_GCM_SHA384 TLS_ECDHE_RSA_WITH_AES_256_GCM_SHA384 TLS_ECDHE_ECDSA_WITH_CHACHA20_POLY1305_SHA256 TLS_ECDHE_RSA_WITH_CHACHA20_POLY1305_SHA256]","",""
"CONFIGURING TLS SECURITY PROFILES","14.5","CONFIGURING THE TLS SECURITY PROFILE FOR THE KUBELET","You can configure a TLS security profile for the kubelet when it is acting as an HTTP server by creating a KubeletConfig custom resource (CR) to specify a predefined or custom TLS security profile for specific nodes. ¶ If a TLS security profile is not configured, the default TLS security profile, Intermediate, is used. ¶ The kubelet uses its HTTP/GRPC server to communicate with the Kubernetes API server, which sends commands to pods, gathers logs, and run exec commands on pods through the kubelet. ¶ Sample KubeletConfig CR that configures the Old TLS security profile on worker nodes ¶ kind: KubeletConfig ¶ tlsSecurityProfile: old: {} ¶ type: Old machineConfigPoolSelector: ¶ pools.operator.machineconfiguration.openshift.io/worker: """" ¶ You can see the ciphers and the minimum TLS version of the configured TLS security profile in the kubelet.conf file on a configured node. ¶ You are logged in to OpenShift Container Platform as a user with the cluster-admin role. ¶ 1. Create a KubeletConfig CR to configure the TLS security profile: ¶ Sample KubeletConfig CR for a Custom profile ¶ kind: KubeletConfig ¶ name: set-kubelet-tls-security-profile ¶ tlsSecurityProfile: type: Custom custom: ciphers: ECDHE-ECDSA-CHACHA20-POLY1305 ECDHE-RSA-CHACHA20-POLY1305 ECDHE-RSA-AES128-GCM-SHA256 ECDHE-ECDSA-AES128-GCM-SHA256 minTLSVersion: VersionTLS11 ¶ machineConfigPoolSelector: pools.operator.machineconfiguration.openshift.io/worker: """" ¶ spec.tlsSecurityProfile.type Specifies the TLS security profile type (Old, Intermediate, or Custom). The default is Intermediate. ¶ spec.tlsSecurityProfile.type.custom Specifies the appropriate field for the selected type: ¶ old: {} ¶ intermediate: {} ¶ modern: {} ¶ custom: ¶ spec.tlsSecurityProfile.type.custom For the custom type, specifies a list of TLS ciphers and the minimum accepted TLS version. ¶ spec.machineConfigPoolSelector.matchLabels.custom Specifies the machine config pool label for the nodes you want to apply the TLS security profile. This parameter is optional. ¶ 2. Create the KubeletConfig object: $ oc create -f <filename> ¶ Depending on the number of worker nodes in the cluster, wait for the configured nodes to be rebooted one by one. To verify that the profile is set, perform the following steps after the nodes are in the Ready state: ¶ 1. Start a debug session for a configured node: ¶ $ oc debug node/<node_name> ¶ 2. Set /host as the root directory within the debug shell: sh-4.4# chroot /host ¶ 3. View the kubelet.conf file: sh-4.4# cat /etc/kubernetes/kubelet.conf ¶ ""kind"": ""KubeletConfiguration"", ""apiVersion"": ""kubelet.config.k8s.io/v1beta1"", ""tlsCipherSuites"": [ ¶ ""TLS_ECDHE_ECDSA_WITH_AES_128_GCM_SHA256"", ""TLS_ECDHE_RSA_WITH_AES_128_GCM_SHA256"", ""TLS_ECDHE_ECDSA_WITH_AES_256_GCM_SHA384"", ""TLS_ECDHE_RSA_WITH_AES_256_GCM_SHA384"", ""TLS_ECDHE_ECDSA_WITH_CHACHA20_POLY1305_SHA256"", ""TLS_ECDHE_RSA_WITH_CHACHA20_POLY1305_SHA256"" ""tlsMinVersion"": ""VersionTLS12"",","",""
"CONFIGURING SECCOMP PROFILES","15.1.1","Upgraded cluster","In clusters upgraded to 4.19 all authenticated users have access to the restricted and restricted-v2 SCC. ¶ A workload admitted by the SCC restricted for example, on a OpenShift Container Platform v4.10 cluster when upgraded may get admitted by restricted-v2. This is because restricted-v2 is the more restrictive SCC between restricted and restricted-v2. ¶ The workload must be able to run with retricted-v2. ¶ Conversely with a workload that requires privilegeEscalation: true this workload will continue to have the restricted SCC available for any authenticated user. This is because restricted-v2 does not allow privilegeEscalation.","",""
"CONFIGURING SECCOMP PROFILES","15.1.2","Newly installed cluster","For newly installed OpenShift Container Platform 4.11 or later clusters, the restricted-v2 replaces the ¶ restricted SCC as an SCC that is available to be used by any authenticated user. A workload with privilegeEscalation: true, is not admitted into the cluster since restricted-v2 is the only SCC available for authenticated users by default. ¶ The feature privilegeEscalation is allowed by restricted but not by restricted-v2. More features are denied by restricted-v2 than were allowed by restricted SCC. ¶ A workload with privilegeEscalation: true may be admitted into a newly installed OpenShift Container Platform 4.11 or later cluster. To give access to the restricted SCC to the ServiceAccount running the workload (or any other SCC that can admit this workload) using a RoleBinding run the following ¶ $ oc -n <workload-namespace> adm policy add-scc-to-user <scc-name> -z <serviceaccount_name> ¶ In OpenShift Container Platform 4.19 the ability to add the pod annotations seccomp.security.alpha.kubernetes.io/pod: runtime/default and container.seccomp.security.alpha.kubernetes.io/<container_name>: runtime/default is deprecated.","",""
"CONFIGURING SECCOMP PROFILES > CONFIGURING A CUSTOM SECCOMP PROFILE","15.2.1","Creating seccomp profiles","You can use the MachineConfig object to create profiles. ¶ Seccomp can restrict system calls (syscalls) within a container, limiting the access of your application. ¶ You have cluster admin permissions. ¶ You have created a custom security context constraints (SCC). For more information, see Additional resources. ¶ Create the MachineConfig object: ¶ kind: MachineConfig ¶ machineconfiguration.openshift.io/role: worker ¶ name: custom-seccomp ¶ ignition: version: 3.2.0 ¶ storage: files: contents: source: data:text/plain;charset=utf-8;base64,<hash> filesystem: root mode: 0644 path: /var/lib/kubelet/seccomp/seccomp-nostat.json","",""
"CONFIGURING SECCOMP PROFILES > CONFIGURING A CUSTOM SECCOMP PROFILE","15.2.2","Setting up the custom seccomp profile","Prerequisite You have cluster administrator permissions. You have created a custom security context constraints (SCC). For more information, see ""Additional resources"". You have created a custom seccomp profile. ¶ 1. Upload your custom seccomp profile to /var/lib/kubelet/seccomp/<custom-name>.json by using the Machine Config. See ""Additional resources"" for detailed steps. ¶ 2. Update the custom SCC by providing reference to the created custom seccomp profile: ¶ seccompProfiles: localhost/<custom-name>.json 1 ¶ 1 Provide the name of your custom seccomp profile.","",""
"CONFIGURING SECCOMP PROFILES > CONFIGURING A CUSTOM SECCOMP PROFILE","15.2.3","Applying the custom seccomp profile to the workload","Prerequisite The cluster administrator has set up the custom seccomp profile. For more details, see ""Setting up the custom seccomp profile"". ¶ Apply the seccomp profile to the workload by setting the securityContext.seccompProfile.type field as following: ¶ Example ¶ type: Localhost localhostProfile: <custom-name>.json 1 ¶ 1 Provide the name of your custom seccomp profile. ¶ Alternatively, you can use the pod annotations seccomp.security.alpha.kubernetes.io/pod: localhost/<custom-name>.json. However, this method is deprecated in OpenShift Container Platform 4.19. ¶ During deployment, the admission controller validates the following: The annotations against the current SCCs allowed by the user role. The SCC, which includes the seccomp profile, is allowed for the pod. ¶ If the SCC is allowed for the pod, the kubelet runs the pod with the specified seccomp profile. Ensure that the seccomp profile is deployed to all worker nodes. The custom SCC must have the appropriate priority to be automatically assigned to the pod or meet other conditions required by the pod, such as allowing CAP_NET_ADMIN.","",""
"CONFIGURING SECCOMP PROFILES","15.3","ADDITIONAL RESOURCES","Managing security context constraints Machine Config Overview","",""
"General","16","ALLOWING JAVASCRIPT-BASED ACCESS TO THE API SERVER FROM ADDITIONAL HOSTS","16.1. ALLOWING JAVASCRIPT-BASED ACCESS TO THE API SERVER FROM ADDITIONAL HOSTS ¶ The default OpenShift Container Platform configuration only allows the web console to send requests to the API server. If you need to access the API server or OAuth server from a JavaScript application using a different hostname, you can configure additional hostnames to allow. ¶ Access to the cluster as a user with the cluster-admin role. ¶ 1. Edit the APIServer resource: ¶ $ oc edit apiserver.config.openshift.io cluster ¶ 2. Add the additionalCORSAllowedOrigins field under the spec section and specify one or more additional hostnames: ¶ release.openshift.io/create-only: ""true"" ¶ creationTimestamp: ""2019-07-11T17:35:37Z"" resourceVersion: ""907"" selfLink: /apis/config.openshift.io/v1/apiservers/cluster uid: 4b45a8dd-a402-11e9-91ec-0219944e0696 additionalCORSAllowedOrigins: (?i)//my\.subdomain\.domain\.com(:|\z) 1 ¶ 1 The hostname is specified as a Golang regular expression that matches against CORS headers from HTTP requests against the API server and OAuth server. ¶ This example uses the following syntax: ¶ The (?i) makes it case-insensitive. The // pins to the beginning of the domain and matches the double slash following http: or https:. The \. escapes dots in the domain name. The (:|\z) matches the end of the domain name (\z) or a port separator (:). ¶ 3. Save the file to apply the changes.","",""
"SCANNING PODS FOR VULNERABILITIES","17.2","USING THE RED HAT QUAY CONTAINER SECURITY OPERATOR","The following procedure shows you how to use the Red Hat Quay Container Security Operator. ¶ You have installed the Red Hat Quay Container Security Operator. ¶ 1. On the OpenShift Container Platform web console, navigate to Home Overview. Under the Status section, Image Vulnerabilities provides the number of vulnerabilities found. ¶ 2. Click Image Vulnerabilities to reveal the Image Vulnerabilities breakdown tab, which details the severity of the vulnerabilities, whether the vulnerabilities can be fixed, and the total number of vulnerabilities. ¶ 3. You can address detected vulnerabilities in one of two ways: a. Select a link under the Vulnerabilities section. This takes you to the container registry that the container came from, where you can see information about the vulnerability. b. Select the namespace link. This takes you to the Image Manifest Vulnerabilities page, where you can see the name of the selected image and all of the namespaces where that image is running. ¶ 4. After you have learned what images are vulnerable, how to fix those vulnerabilities, and the namespaces that the images are being run in, you can improve security by performing the following actions: a. Alert anyone in your organization who is running the image and request that they correct the vulnerability. b. Stop the images from running by deleting the deployment or other object that started the pod that the image is in. ¶ If you delete the pod, it might take several minutes for the vulnerability information to reset on the dashboard.","",""
"SCANNING PODS FOR VULNERABILITIES","17.3","QUERYING IMAGE VULNERABILITIES FROM THE CLI","Using the oc command, you can display information about vulnerabilities detected by the Red Hat Quay Container Security Operator. ¶ You have installed the Red Hat Quay Container Security Operator on your OpenShift Container Platform instance. ¶ 1. Enter the following command to query for detected container image vulnerabilities: $ oc get vuln --all-namespaces ¶ NAMESPACE NAME AGE default sha256.ca90... 6m56s skynet sha256.ca90... 9m37s ¶ 2. To display details for a particular vulnerability, append the vulnerability name and its namespace to the oc describe command. The following example shows an active container whose image includes an RPM package with a vulnerability: ¶ $ oc describe vuln --namespace mynamespace sha256.ac50e3752... ¶ Name: sha256.ac50e3752... ¶ Namespace: quay-enterprise ¶ Features: ¶ Name: nss-util ¶ Namespace Name: centos:7 ¶ Version: 3.44.0-3.el7 ¶ Versionformat: rpm ¶ Vulnerabilities: ¶ Description: Network Security Services (NSS) is a set of libraries... ¶ 17.4. UNINSTALLING THE RED HAT QUAY CONTAINER SECURITY OPERATOR ¶ To uninstall the Container Security Operator, you must uninstall the Operator and delete the imagemanifestvulns.secscan.quay.redhat.com custom resource definition (CRD). ¶ 1. On the OpenShift Container Platform web console, click Operators Installed Operators. ¶ 2. Click the Options menu of the Container Security Operator. ¶ 3. Click Uninstall Operator. ¶ 4. Confirm your decision by clicking Uninstall in the popup window. ¶ 5. Use the CLI to delete the imagemanifestvulns.secscan.quay.redhat.com CRD. ¶ a. Remove the imagemanifestvulns.secscan.quay.redhat.com custom resource definition by entering the following command: ¶ $ oc delete customresourcedefinition imagemanifestvulns.secscan.quay.redhat.com ¶ customresourcedefinition.apiextensions.k8s.io ""imagemanifestvulns.secscan.quay.redhat.com"" deleted","",""
"NETWORK-BOUND DISK ENCRYPTION (NBDE) > ABOUT DISK ENCRYPTION TECHNOLOGY > Disk encryption technology comparison","18.1.1.1","Key escrow","Key escrow is the traditional system for storing cryptographic keys. The key server on the network stores the encryption key for a node with an encrypted boot disk and returns it when queried. The complexities around key management, transport encryption, and authentication do not make this a reasonable choice for boot disk encryption. ¶ Although available in Red Hat Enterprise Linux (RHEL), key escrow-based disk encryption setup and management is a manual process and not suited to OpenShift Container Platform automation operations, including automated addition of nodes, and currently not supported by OpenShift Container Platform.","",""
"NETWORK-BOUND DISK ENCRYPTION (NBDE) > ABOUT DISK ENCRYPTION TECHNOLOGY > Disk encryption technology comparison","18.1.1.2","TPM encryption","Trusted Platform Module (TPM) disk encryption is best suited for data centers or installations in remote ¶ protected locations. Full disk encryption utilities such as dm-crypt and BitLocker encrypt disks with a TPM bind key, and then store the TPM bind key in the TPM, which is attached to the motherboard of the node. The main benefit of this method is that there is no external dependency, and the node is able to decrypt its own disks at boot time without any external interaction. ¶ TPM disk encryption protects against decryption of data if the disk is stolen from the node and analyzed externally. However, for insecure locations this may not be sufficient. For example, if an attacker steals the entire node, the attacker can intercept the data when powering on the node, because the node decrypts its own disks. This applies to nodes with physical TPM2 chips as well as virtual machines with Virtual Trusted Platform Module (VTPM) access.","",""
"NETWORK-BOUND DISK ENCRYPTION (NBDE) > ABOUT DISK ENCRYPTION TECHNOLOGY > Disk encryption technology comparison","18.1.1.3","Network-Bound Disk Encryption (NBDE)","Network-Bound Disk Encryption (NBDE) effectively ties the encryption key to an external server or set of servers in a secure and anonymous way across the network. This is not a key escrow, in that the nodes do not store the encryption key or transfer it over the network, but otherwise behaves in a similar fashion. ¶ Clevis and Tang are generic client and server components that provide network-bound encryption. Red Hat Enterprise Linux CoreOS (RHCOS) uses these components in conjunction with Linux Unified Key Setup-on-disk-format (LUKS) to encrypt and decrypt root and non-root storage volumes to accomplish Network-Bound Disk Encryption. ¶ When a node starts, it attempts to contact a predefined set of Tang servers by performing a cryptographic handshake. If it can reach the required number of Tang servers, the node can construct its disk decryption key and unlock the disks to continue booting. If the node cannot access a Tang server due to a network outage or server unavailability, the node cannot boot and continues retrying indefinitely until the Tang servers become available again. Because the key is effectively tied to the node's presence in a network, an attacker attempting to gain access to the data at rest would need to obtain both the disks on the node, and network access to the Tang server as well. ¶ The following figure illustrates the deployment model for NBDE. ¶ The following figure illustrates NBDE behavior during a reboot. ¶ 18.1.1.4. Secret sharing encryption Shamir's secret sharing (sss) is a cryptographic algorithm to securely divide up, distribute, and re- assemble keys. Using this algorithm, OpenShift Container Platform can support more complicated mixtures of key protection. When you configure a cluster node to use multiple Tang servers, OpenShift Container Platform uses sss to set up a decryption policy that will succeed if at least one of the specified servers is available. You can create layers for additional security. For example, you can define a policy where OpenShift Container Platform requires both the TPM and one of the given list of Tang servers to decrypt the disk. 18.1.2. Tang server disk encryption The following components and technologies implement Network-Bound Disk Encryption (NBDE). ¶ used for LUKS2 volumes. ¶ Tang is a server for binding data to network presence. It makes a node containing the data available when the node is bound to a certain secure network. Tang is stateless and does not require Transport Layer Security (TLS) or authentication. Unlike escrow-based solutions, where the key server stores all encryption keys and has knowledge of every encryption key, Tang never interacts with any node keys, so it never gains any identifying information from the node. Clevis is a pluggable framework for automated decryption that provides automated unlocking of Linux Unified Key Setup-on-disk-format (LUKS) volumes. The Clevis package runs on the node and provides the client side of the feature. A Clevis pin is a plugin into the Clevis framework. There are three pin types: TPM2 ¶ Binds the disk encryption to the TPM2. Tang ¶ Binds the disk encryption to a Tang server to enable NBDE. Shamir's secret sharing (sss) ¶ Allows more complex combinations of other pins. It allows more nuanced policies such as the following: ¶ Must be able to reach one of these three Tang servers Must be able to reach three of these five Tang servers Must be able to reach the TPM2 AND at least one of these three Tang servers","",""
"NETWORK-BOUND DISK ENCRYPTION (NBDE) > ABOUT DISK ENCRYPTION TECHNOLOGY","18.1.3","Tang server location planning","When planning your Tang server environment, consider the physical and network locations of the Tang servers. ¶ Physical location The geographic location of the Tang servers is relatively unimportant, as long as they are suitably secured from unauthorized access or theft and offer the required availability and accessibility to run a critical service. Nodes with Clevis clients do not require local Tang servers as long as the Tang servers are available at all times. Disaster recovery requires both redundant power and redundant network connectivity to Tang servers regardless of their location. ¶ Network location Any node with network access to the Tang servers can decrypt their own disk partitions, or any other disks encrypted by the same Tang servers. Select network locations for the Tang servers that ensure the presence or absence of network connectivity from a given host allows for permission to decrypt. For example, firewall protections might be in place to prohibit access from any type of guest or public network, or any network jack located in an unsecured area of the building. ¶ Additionally, maintain network segregation between production and development networks. This assists in defining appropriate network locations and adds an additional layer of security. ¶ Do not deploy Tang servers on the same resource, for example, the same rolebindings.rbac.authorization.k8s.io cluster, that they are responsible for unlocking. However, a cluster of Tang servers and other security resources can be a useful configuration to enable support of multiple additional clusters and cluster resources.","",""
"NETWORK-BOUND DISK ENCRYPTION (NBDE) > ABOUT DISK ENCRYPTION TECHNOLOGY","18.1.4","Tang server sizing requirements","The requirements around availability, network, and physical location drive the decision of how many Tang servers to use, rather than any concern over server capacity. ¶ Tang servers do not maintain the state of data encrypted using Tang resources. Tang servers are either fully independent or share only their key material, which enables them to scale well. ¶ There are two ways Tang servers handle key material: ¶ Multiple Tang servers share key material: ¶ You must load balance Tang servers sharing keys behind the same URL. The configuration can be as simple as round-robin DNS, or you can use physical load balancers. ¶ You can scale from a single Tang server to multiple Tang servers. Scaling Tang servers does not require rekeying or client reconfiguration on the node when the Tang servers share key material and the same URL. ¶ Client node setup and key rotation only requires one Tang server. ¶ Multiple Tang servers generate their own key material: ¶ You can configure multiple Tang servers at installation time. ¶ You can scale an individual Tang server behind a load balancer. ¶ All Tang servers must be available during client node setup or key rotation. ¶ When a client node boots using the default configuration, the Clevis client contacts all Tang ¶ When a client node boots using the default configuration, the Clevis client contacts all Tang servers. Only n Tang servers must be online to proceed with decryption. The default value for n is 1. ¶ Red Hat does not support postinstallation configuration that changes the behavior of the Tang servers.","",""
"NETWORK-BOUND DISK ENCRYPTION (NBDE) > ABOUT DISK ENCRYPTION TECHNOLOGY","18.1.5","Logging considerations","Centralized logging of Tang traffic is advantageous because it might allow you to detect such things as unexpected decryption requests. For example: ¶ A node requesting decryption of a passphrase that does not correspond to its boot sequence ¶ A node requesting decryption outside of a known maintenance activity, such as cycling keys","",""
"NETWORK-BOUND DISK ENCRYPTION (NBDE) > TANG SERVER INSTALLATION CONSIDERATIONS","18.2.1","Installation scenarios","Consider the following recommendations when planning Tang server installations: ¶ Small environments can use a single set of key material, even when using multiple Tang servers: Key rotations are easier. ¶ Tang servers can scale easily to permit high availability. ¶ Large environments can benefit from multiple sets of key material: Physically diverse installations do not require the copying and synchronizing of key material between geographic regions. ¶ Key rotations are more complex in large environments. ¶ Node installation and rekeying require network connectivity to all Tang servers. ¶ A small increase in network traffic can occur due to a booting node querying all Tang servers during decryption. Note that while only one Clevis client query must succeed, Clevis queries all Tang servers. ¶ Further complexity: Additional manual reconfiguration can permit the Shamir's secret sharing (sss) of any N of M servers online in order to decrypt the disk partition. Decrypting disks in this scenario requires multiple sets of key material, and manual management of Tang servers and nodes with Clevis clients after the initial installation. ¶ High level recommendations: For a single RAN deployment, a limited set of Tang servers can run in the corresponding domain controller (DC). ¶ For multiple RAN deployments, you must decide whether to run Tang servers in each ¶ For multiple RAN deployments, you must decide whether to run Tang servers in each corresponding DC or whether a global Tang environment better suits the other needs and requirements of the system.","",""
"NETWORK-BOUND DISK ENCRYPTION (NBDE) > TANG SERVER INSTALLATION CONSIDERATIONS","18.2.2","Installing a Tang server","To deploy one or more Tang servers, you can choose from the following options depending on your scenario: ¶ 1. Deploying a Tang server using the NBDE Tang Server Operator ¶ 2. Deploying a Tang server with SELinux in enforcing mode on RHEL systems ¶ 3. Configuring a Tang server in the RHEL web console ¶ 4. Deploying Tang as a container ¶ 5. Using the nbde_server System Role for setting up multiple Tang servers ¶ 18.2.2.1. Compute requirements The computational requirements for the Tang server are very low. Any typical server grade configuration that you would use to deploy a server into production can provision sufficient compute capacity. ¶ High availability considerations are solely for availability and not additional compute power to satisfy client demands. ¶ 18.2.2.2. Automatic start at boot Due to the sensitive nature of the key material the Tang server uses, you should keep in mind that the overhead of manual intervention during the Tang server's boot sequence can be beneficial. ¶ By default, if a Tang server starts and does not have key material present in the expected local volume, it will create fresh material and serve it. You can avoid this default behavior by either starting with pre- existing key material or aborting the startup and waiting for manual intervention. ¶ 18.2.2.3. HTTP versus HTTPS Traffic to the Tang server can be encrypted (HTTPS) or plain text (HTTP). There are no significant security advantages of encrypting this traffic, and leaving it decrypted removes any complexity or failure conditions related to Transport Layer Security (TLS) certificate checking in the node running a Clevis client. ¶ While it is possible to perform passive monitoring of unencrypted traffic between the node's Clevis client and the Tang server, the ability to use this traffic to determine the key material is at best a future theoretical concern. Any such traffic analysis would require large quantities of captured data. Key rotation would immediately invalidate it. Finally, any threat actor able to perform passive monitoring has already obtained the necessary network access to perform manual connections to the Tang server and can perform the simpler manual decryption of captured Clevis headers. ¶ However, because other network policies in place at the installation site might require traffic encryption regardless of application, consider leaving this decision to the cluster administrator. ¶ Configuring automated unlocking of encrypted volumes using policy-based decryption ¶ Official Tang server container Encrypting and mirroring disks during installation","",""
"NETWORK-BOUND DISK ENCRYPTION (NBDE) > TANG SERVER ENCRYPTION KEY MANAGEMENT","18.3.1","Backing up keys for a Tang server","The Tang server uses /usr/libexec/tangd-keygen to generate new keys and stores them in the /var/db/tang directory by default. To recover the Tang server in the event of a failure, back up this directory. The keys are sensitive and because they are able to perform the boot disk decryption of all hosts that have used them, the keys must be protected accordingly. ¶ Copy the backup key from the /var/db/tang directory to the temp directory from which you can restore the key.","",""
"NETWORK-BOUND DISK ENCRYPTION (NBDE) > TANG SERVER ENCRYPTION KEY MANAGEMENT","18.3.2","Recovering keys for a Tang server","You can recover the keys for a Tang server by accessing the keys from a backup. ¶ Restore the key from your backup folder to the /var/db/tang/ directory. When the Tang server starts up, it advertises and uses these restored keys.","",""
"NETWORK-BOUND DISK ENCRYPTION (NBDE) > TANG SERVER ENCRYPTION KEY MANAGEMENT > Rekeying Tang servers","18.3.3.1","Generating a new Tang server key","A root shell on the Linux machine running the Tang server. To facilitate verification of the Tang server key rotation, encrypt a small test file with the old key: ¶ # echo plaintext | clevis encrypt tang '{""url"":""http://localhost:7500""}' -y >/tmp/encrypted.oldkey Verify that the encryption succeeded and the file can be decrypted to produce the same string plaintext: ¶ # clevis decrypt </tmp/encrypted.oldkey ¶ 1. Locate and access the directory that stores the Tang server key. This is usually the /var/db/tang directory. Check the currently advertised key thumbprint: # tang-show-keys 7500 ¶ 36AHjNH3NZDSnlONLz1-V4ie6t8 ¶ 2. Enter the Tang server key directory: # cd /var/db/tang/ ¶ 3. List the current Tang server keys: # ls -A1 ¶ 36AHjNH3NZDSnlONLz1-V4ie6t8.jwk gJZiNPMLRBnyo_ZKfK4_5SrnHYo.jwk ¶ During normal Tang server operations, there are two .jwk files in this directory: one for signing and verification, and another for key derivation. ¶ 4. Disable advertisement of the old keys: ¶ # for key in *.jwk; do \ mv -- ""$key"" "".$key""; \ ¶ done ¶ New clients setting up Network-Bound Disk Encryption (NBDE) or requesting keys will no longer see the old keys. Existing clients can still access and use the old keys until they are deleted. The Tang server reads but does not advertise keys stored in UNIX hidden files, which start with the . character. ¶ 5. Generate a new key: ¶ # /usr/libexec/tangd-keygen /var/db/tang ¶ 6. List the current Tang server keys to verify the old keys are no longer advertised, as they are now hidden files, and new keys are present: # ls -A1 ¶ .36AHjNH3NZDSnlONLz1-V4ie6t8.jwk .gJZiNPMLRBnyo_ZKfK4_5SrnHYo.jwk Bp8XjITceWSN_7XFfW7WfJDTomE.jwk WOjQYkyK7DxY_T5pMncMO5w0f6E.jwk ¶ Tang automatically advertises the new keys. ¶ More recent Tang server installations include a helper /usr/libexec/tangd-rotate- keys directory that takes care of disabling advertisement and generating the new keys simultaneously. ¶ 7. If you are running multiple Tang servers behind a load balancer that share the same key material, ensure the changes made here are properly synchronized across the entire set of servers before proceeding. ¶ 1. Verify that the Tang server is advertising the new key, and not advertising the old key: ¶ # tang-show-keys 7500 ¶ WOjQYkyK7DxY_T5pMncMO5w0f6E ¶ 2. Verify that the old key, while not advertised, is still available to decryption requests: ¶ # clevis decrypt </tmp/encrypted.oldkey ¶ 18.3.3.2. Rekeying all NBDE nodes You can rekey all of the nodes on a remote cluster by using a DaemonSet object without incurring any downtime to the remote cluster. ¶ If a node loses power during the rekeying, it is possible that it might become unbootable, and must be redeployed via Red Hat Advanced Cluster Management (RHACM) or a GitOps pipeline. ¶ cluster-admin access to all clusters with Network-Bound Disk Encryption (NBDE) nodes. All Tang servers must be accessible to every NBDE node undergoing rekeying, even if the keys of a Tang server have not changed. Obtain the Tang server URL and key thumbprint for every Tang server. ¶ 1. Create a DaemonSet object based on the following template. This template sets up three redundant Tang servers, but can be easily adapted to other situations. Change the Tang server URLs and thumbprints in the NEW_TANG_PIN environment to suit your environment: ¶ apiVersion: apps/v1 kind: DaemonSet ¶ name: tang-rekey namespace: openshift-machine-config-operator ¶ name: tang-rekey ¶ name: tang-rekey name: tang-rekey image: registry.access.redhat.com/ubi9/ubi-minimal:latest imagePullPolicy: IfNotPresent ""/sbin/chroot"" ""/host"" ""/bin/bash"" ""-ec"" args: | rm -f /tmp/rekey-complete || true echo ""Current tang pin:"" clevis-luks-list -d $ROOT_DEV -s 1 echo ""Applying new tang pin: $NEW_TANG_PIN"" clevis-luks-edit -f -d $ROOT_DEV -s 1 -c ""$NEW_TANG_PIN"" echo ""Pin applied successfully"" touch /tmp/rekey-complete sleep infinity readinessProbe: exec: cat /host/tmp/rekey-complete initialDelaySeconds: 30 periodSeconds: 10 env: name: ROOT_DEV value: /dev/disk/by-partlabel/root name: NEW_TANG_PIN value: >- {""t"":1,""pins"":{""tang"":[ {""url"":""http://tangserver01:7500"",""thp"":""WOjQYkyK7DxY_T5pMncMO5w0f6E""}, {""url"":""http://tangserver02:7500"",""thp"":""I5Ynh2JefoAO3tNH9TgI4obIaXI""}, {""url"":""http://tangserver03:7500"",""thp"":""38qWZVeDKzCPG9pHLqKzs6k1ons""} ]}} volumeMounts: name: hostroot mountPath: /host privileged: true name: hostroot hostPath: path: / ¶ kubernetes.io/os: linux ¶ priorityClassName: system-node-critical restartPolicy: Always serviceAccount: machine-config-daemon serviceAccountName: machine-config-daemon ¶ In this case, even though you are rekeying tangserver01, you must specify not only the new thumbprint for tangserver01, but also the current thumbprints for all other Tang servers. Failure to specify all thumbprints for a rekeying operation opens up the opportunity for a man-in-the- middle attack. ¶ 2. To distribute the daemon set to every cluster that must be rekeyed, run the following ¶ $ oc apply -f tang-rekey.yaml ¶ However, to run at scale, wrap the daemon set in an ACM policy. This ACM configuration must contain one policy to deploy the daemon set, a second policy to check that all the daemon set pods are READY, and a placement rule to apply it to the appropriate set of clusters. ¶ After validating that the daemon set has successfully rekeyed all servers, delete the daemon set. If you do not delete the daemon set, it must be deleted before the next rekeying operation. ¶ After you distribute the daemon set, monitor the daemon sets to ensure that the rekeying has completed successfully. The script in the example daemon set terminates with an error if the rekeying failed, and remains in the CURRENT state if successful. There is also a readiness probe that marks the pod as READY when the rekeying has completed successfully. ¶ This is an example of the output listing for the daemon set before the rekeying has completed: ¶ $ oc get -n openshift-machine-config-operator ds tang-rekey ¶ NAME DESIRED CURRENT READY UP-TO-DATE AVAILABLE NODE ¶ SELECTOR AGE ¶ tang-rekey 1 1 0 1 0 kubernetes.io/os=linux 11s ¶ This is an example of the output listing for the daemon set after the rekeying has completed successfully: ¶ $ oc get -n openshift-machine-config-operator ds tang-rekey ¶ NAME DESIRED CURRENT READY UP-TO-DATE AVAILABLE NODE ¶ SELECTOR AGE ¶ tang-rekey 1 1 1 1 1 kubernetes.io/os=linux 13h ¶ Rekeying usually takes a few minutes to complete. ¶ If you use ACM policies to distribute the daemon sets to multiple clusters, you must include a compliance policy that checks every daemon set's READY count is equal to the DESIRED count. In this way, compliance to such a policy demonstrates that all daemon set pods are READY and the rekeying has completed successfully. You could also use an ACM search to query all of the daemon sets' states. ¶ 18.3.3.3. Troubleshooting temporary rekeying errors for Tang servers To determine if the error condition from rekeying the Tang servers is temporary, perform the following procedure. Temporary error conditions might include: ¶ Temporary network outages Tang server maintenance Generally, when these types of temporary error conditions occur, you can wait until the daemon set succeeds in resolving the error or you can delete the daemon set and not try again until the temporary error condition has been resolved. ¶ 1. Restart the pod that performs the rekeying operation using the normal Kubernetes pod restart policy. ¶ 2. If any of the associated Tang servers are unavailable, try rekeying until all the servers are back online. ¶ 18.3.3.4. Troubleshooting permanent rekeying errors for Tang servers If, after rekeying the Tang servers, the READY count does not equal the DESIRED count after an extended period of time, it might indicate a permanent failure condition. In this case, the following conditions might apply: ¶ A typographical error in the Tang server URL or thumbprint in the NEW_TANG_PIN definition. The Tang server is decommissioned or the keys are permanently lost. ¶ The commands shown in this procedure can be run on the Tang server or on any Linux system that has network access to the Tang server. ¶ 1. Validate the Tang server configuration by performing a simple encrypt and decrypt operation on each Tang server's configuration as defined in the daemon set. This is an example of an encryption and decryption attempt with a bad thumbprint: ¶ $ echo ""okay"" | clevis encrypt tang \ '{""url"":""http://tangserver02:7500"",""thp"":""badthumbprint""}' | \ clevis decrypt ¶ Unable to fetch advertisement: 'http://tangserver02:7500/adv/badthumbprint'! ¶ This is an example of an encryption and decryption attempt with a good thumbprint: ¶ $ echo ""okay"" | clevis encrypt tang \ '{""url"":""http://tangserver03:7500"",""thp"":""goodthumbprint""}' | \ clevis decrypt ¶ okay ¶ 2. After you identify the root cause, remedy the underlying situation: a. Delete the non-working daemon set. b. Edit the daemon set definition to fix the underlying issue. This might include any of the following actions: Edit a Tang server entry to correct the URL and thumbprint. Remove a Tang server that is no longer in service. Add a new Tang server that is a replacement for a decommissioned server. ¶ 3. Distribute the updated daemon set again. ¶ When replacing, removing, or adding a Tang server from a configuration, the rekeying operation will succeed as long as at least one original server is still functional, including the server currently being rekeyed. If none of the original Tang servers are functional or can be recovered, recovery of the system is impossible and you must redeploy the affected nodes. ¶ Check the logs from each pod in the daemon set to determine whether the rekeying completed successfully. If the rekeying is not successful, the logs might indicate the failure condition. ¶ 1. Locate the name of the container that was created by the daemon set: $ oc get pods -A | grep tang-rekey ¶ openshift-machine-config-operator tang-rekey-7ks6h 1/1 Running 20 (8m39s ago) 89m ¶ 2. Print the logs from the container. The following log is from a completed successful rekeying operation: ¶ $ oc logs tang-rekey-7ks6h ¶ Current tang pin: 1: sss '{""t"":1,""pins"":{""tang"":[{""url"":""http://10.46.55.192:7500""},{""url"":""http://10.46.55.192:7501""}, {""url"":""http://10.46.55.192:7502""}]}}' Applying new tang pin: {""t"":1,""pins"":{""tang"":[ ¶ {""url"":""http://tangserver01:7500"",""thp"":""WOjQYkyK7DxY_T5pMncMO5w0f6E""}, {""url"":""http://tangserver02:7500"",""thp"":""I5Ynh2JefoAO3tNH9TgI4obIaXI""}, {""url"":""http://tangserver03:7500"",""thp"":""38qWZVeDKzCPG9pHLqKzs6k1ons""} ]}} Updating binding... Binding edited successfully Pin applied successfully","",""
"NETWORK-BOUND DISK ENCRYPTION (NBDE) > TANG SERVER ENCRYPTION KEY MANAGEMENT","18.3.4","Deleting old Tang server keys","A root shell on the Linux machine running the Tang server. ¶ 1. Locate and access the directory where the Tang server key is stored. This is usually the /var/db/tang directory: ¶ # cd /var/db/tang/ ¶ 2. List the current Tang server keys, showing the advertised and unadvertised keys: ¶ # ls -A1 ¶ .36AHjNH3NZDSnlONLz1-V4ie6t8.jwk .gJZiNPMLRBnyo_ZKfK4_5SrnHYo.jwk Bp8XjITceWSN_7XFfW7WfJDTomE.jwk WOjQYkyK7DxY_T5pMncMO5w0f6E.jwk ¶ 3. Delete the old keys: ¶ # rm .*.jwk ¶ 4. List the current Tang server keys to verify the unadvertised keys are no longer present: ¶ # ls -A1 ¶ Bp8XjITceWSN_7XFfW7WfJDTomE.jwk WOjQYkyK7DxY_T5pMncMO5w0f6E.jwk ¶ At this point, the server still advertises the new keys, but an attempt to decrypt based on the old key will fail. ¶ 1. Query the Tang server for the current advertised key thumbprints: ¶ # tang-show-keys 7500 ¶ WOjQYkyK7DxY_T5pMncMO5w0f6E ¶ 2. Decrypt the test file created earlier to verify decryption against the old keys fails: ¶ # clevis decrypt </tmp/encryptValidation ¶ Error communicating with the server! ¶ If you are running multiple Tang servers behind a load balancer that share the same key material, ensure the changes made are properly synchronized across the entire set of servers before proceeding.","",""
"NETWORK-BOUND DISK ENCRYPTION (NBDE) > DISASTER RECOVERY CONSIDERATIONS","18.4.1","Loss of a client machine","The loss of a cluster node that uses the Tang server to decrypt its disk partition is not a disaster. Whether the machine was stolen, suffered hardware failure, or another loss scenario is not important: the disks are encrypted and considered unrecoverable. However, in the event of theft, a precautionary rotation of the Tang server's keys and rekeying of all remaining nodes would be prudent to ensure the disks remain unrecoverable even in the event the thieves subsequently gain access to the Tang servers. To recover from this situation, either reinstall or replace the node.","",""
"NETWORK-BOUND DISK ENCRYPTION (NBDE) > DISASTER RECOVERY CONSIDERATIONS","18.4.2","Planning for a loss of client network connectivity","The loss of network connectivity to an individual node will cause it to become unable to boot in an unattended fashion. If you are planning work that might cause a loss of network connectivity, you can reveal the passphrase for an onsite technician to use manually, and then rotate the keys afterwards to invalidate it: ¶ 1. Before the network becomes unavailable, show the password used in the first slot -s 1 of device /dev/vda2 with this command: ¶ $ sudo clevis luks pass -d /dev/vda2 -s 1 ¶ 2. Invalidate that value and regenerate a new random boot-time passphrase with this command: ¶ $ sudo clevis luks regen -d /dev/vda2 -s 1","",""
"NETWORK-BOUND DISK ENCRYPTION (NBDE) > DISASTER RECOVERY CONSIDERATIONS","18.4.3","Unexpected loss of network connectivity","If the network disruption is unexpected and a node reboots, consider the following scenarios: ¶ If any nodes are still online, ensure that they do not reboot until network connectivity is restored. This is not applicable for single-node clusters. ¶ The node will remain offline until such time that either network connectivity is restored, or a pre-established passphrase is entered manually at the console. In exceptional circumstances, network administrators might be able to reconfigure network segments to reestablish access, but this is counter to the intent of NBDE, which is that lack of network access means lack of ability to boot. ¶ The lack of network access at the node can reasonably be expected to impact that node's ability to function as well as its ability to boot. Even if the node were to boot via manual intervention, the lack of network access would make it effectively useless.","",""
"NETWORK-BOUND DISK ENCRYPTION (NBDE) > DISASTER RECOVERY CONSIDERATIONS","18.4.4","Recovering network connectivity manually","A somewhat complex and manually intensive process is also available to the onsite technician for network recovery. ¶ 1. The onsite technician extracts the Clevis header from the hard disks. Depending on BIOS lockdown, this might involve removing the disks and installing them in a lab machine. ¶ 2. The onsite technician transmits the Clevis headers to a colleague with legitimate access to the Tang network who then performs the decryption. ¶ 3. Due to the necessity of limited access to the Tang network, the technician should not be able to access that network via VPN or other remote connectivity. Similarly, the technician cannot patch the remote server through to this network in order to decrypt the disks automatically. ¶ 4. The technician reinstalls the disk and manually enters the plain text passphrase provided by their colleague. ¶ 5. The machine successfully starts even without direct access to the Tang servers. Note that the transmission of the key material from the install site to another site with network access must be done carefully. ¶ 6. When network connectivity is restored, the technician rotates the encryption keys.","",""
"NETWORK-BOUND DISK ENCRYPTION (NBDE) > DISASTER RECOVERY CONSIDERATIONS","18.4.5","Emergency recovery of network connectivity","If you are unable to recover network connectivity manually, consider the following steps. Be aware that these steps are discouraged if other methods to recover network connectivity are available. ¶ This method must only be performed by a highly trusted technician. ¶ Taking the Tang server's key material to the remote site is considered to be a breach of the key material and all servers must be rekeyed and re-encrypted. ¶ This method must be used in extreme cases only, or as a proof of concept recovery method to demonstrate its viability. ¶ Equally extreme, but theoretically possible, is to power the server in question with an Uninterruptible Power Supply (UPS), transport the server to a location with network connectivity to boot and decrypt the disks, and then restore the server at the original location on battery power to continue operation. ¶ If you want to use a backup manual passphrase, you must create it before the failure situation occurs. ¶ Just as attack scenarios become more complex with TPM and Tang compared to a stand-alone Tang installation, so emergency disaster recovery processes are also made more complex if leveraging the same method.","",""
"NETWORK-BOUND DISK ENCRYPTION (NBDE) > DISASTER RECOVERY CONSIDERATIONS","18.4.6","Loss of a network segment","The loss of a network segment, making a Tang server temporarily unavailable, has the following consequences: ¶ OpenShift Container Platform nodes continue to boot as normal, provided other servers are available. ¶ New nodes cannot establish their encryption keys until the network segment is restored. In this case, ensure connectivity to remote geographic locations for the purposes of high availability and redundancy. This is because when you are installing a new node or rekeying an existing node, all of the Tang servers you are referencing in that operation must be available. ¶ A hybrid model for a vastly diverse network, such as five geographic regions in which each client is connected to the closest three clients is worth investigating. ¶ In this scenario, new clients are able to establish their encryption keys with the subset of servers that are reachable. For example, in the set of tang1, tang2 and tang3 servers, if tang2 becomes unreachable clients can still establish their encryption keys with tang1 and tang3, and at a later time re-establish with the full set. This can involve either a manual intervention or a more complex automation to be available.","",""
"NETWORK-BOUND DISK ENCRYPTION (NBDE) > DISASTER RECOVERY CONSIDERATIONS","18.4.7","Loss of a Tang server","The loss of an individual Tang server within a load balanced set of servers with identical key material is completely transparent to the clients. ¶ The temporary failure of all Tang servers associated with the same URL, that is, the entire load balanced set, can be considered the same as the loss of a network segment. Existing clients have the ability to decrypt their disk partitions so long as another preconfigured Tang server is available. New clients cannot enroll until at least one of these servers comes back online. ¶ You can mitigate the physical loss of a Tang server by either reinstalling the server or restoring the ¶ You can mitigate the physical loss of a Tang server by either reinstalling the server or restoring the server from backups. Ensure that the backup and restore processes of the key material is adequately protected from unauthorized access.","",""
"NETWORK-BOUND DISK ENCRYPTION (NBDE) > DISASTER RECOVERY CONSIDERATIONS","18.4.8","Rekeying compromised key material","If key material is potentially exposed to unauthorized third parties, such as through the physical theft of a Tang server or associated data, immediately rotate the keys. ¶ 1. Rekey any Tang server holding the affected material. ¶ 2. Rekey all clients using the Tang server. ¶ 3. Destroy the original key material. ¶ 4. Scrutinize any incidents that result in unintended exposure of the master encryption key. If ¶ possible, take compromised nodes offline and re-encrypt their disks. TIP Reformatting and reinstalling on the same physical hardware, although slow, is easy to automate and test.","",""
